sms_id,message,message_length,label
HAM_SMS_02657,Please call me when you are free.,33,ham
HAM_SMS_00446,Your order has been delivered successfully.,43,ham
SPAM_SMS_02006,Win money instantly. Register today and claim your bonus.,57,spam
HAM_SMS_00333,Please find the details shared in the group.,44,ham
HAM_SMS_04169,The meeting has been shifted to 4 PM.,37,ham
HAM_SMS_02365,Your payment has been received successfully.,44,ham
HAM_SMS_06098,The report is ready for review.,31,ham
HAM_SMS_00008,Your order has been delivered successfully.,43,ham
SPAM_SMS_00253,You won a shopping voucher. Claim it today.,43,spam
HAM_SMS_04454,Thank you for your message. I will check and reply soon.,56,ham
HAM_SMS_04744,I reached home safely.,22,ham
HAM_SMS_06244,Reminder: submit your assignment before the deadline.,53,ham
HAM_SMS_03127,Thank you for your message. I will check and reply soon.,56,ham
HAM_SMS_04057,"Hey, are we meeting today for the project discussion?",53,ham
HAM_SMS_05853,The report is ready for review.,31,ham
HAM_SMS_00629,I reached home safely.,22,ham
SPAM_SMS_01046,Claim your free gift card now before it expires.,48,spam
HAM_SMS_02482,Let's discuss the presentation after lunch.,43,ham
SPAM_SMS_02244,Win money instantly. Register today and claim your bonus.,57,spam
HAM_SMS_01336,The interview schedule will be shared soon.,43,ham
HAM_SMS_02684,The report is ready for review.,31,ham
HAM_SMS_04567,Please call me when you are free.,33,ham
HAM_SMS_02515,Reminder: submit your assignment before the deadline.,53,ham
SPAM_SMS_01854,Urgent! Your bank account will be blocked. Verify your details immediately.,75,spam
HAM_SMS_01908,Thank you for your message. I will check and reply soon.,56,ham
HAM_SMS_02803,The interview schedule will be shared soon.,43,ham
HAM_SMS_06891,Your order has been delivered successfully.,43,ham
HAM_SMS_00785,Can you send me the notes from today's lecture?,47,ham
SPAM_SMS_01990,Exclusive offer only for you. Click here to redeem.,51,spam
HAM_SMS_06894,Thank you for your message. I will check and reply soon.,56,ham
HAM_SMS_04111,Thank you for your message. I will check and reply soon.,56,ham
SPAM_SMS_00142,Congratulations! You have won a cash prize. Click the link to claim now.,72,spam
SPAM_SMS_01074,Recharge offer available. Get double benefits today.,52,spam
SPAM_SMS_01702,Final warning! Complete KYC verification now.,45,spam
HAM_SMS_05242,"Hey, are we meeting today for the project discussion?",53,ham
HAM_SMS_01928,Thank you for your message. I will check and reply soon.,56,ham
HAM_SMS_06293,Can you send me the notes from today's lecture?,47,ham
SPAM_SMS_00582,Win money instantly. Register today and claim your bonus.,57,spam
HAM_SMS_06711,"Hey, are we meeting today for the project discussion?",53,ham
HAM_SMS_04758,Can you send me the notes from today's lecture?,47,ham
HAM_SMS_00547,The meeting has been shifted to 4 PM.,37,ham
HAM_SMS_03043,Please confirm your availability for the session.,49,ham
HAM_SMS_01860,The meeting has been shifted to 4 PM.,37,ham
HAM_SMS_05126,Please find the details shared in the group.,44,ham
SPAM_SMS_00789,Suspicious login detected. Update your password immediately.,60,spam
HAM_SMS_03086,Please call me when you are free.,33,ham
HAM_SMS_02375,Your class schedule has been updated for tomorrow.,50,ham
HAM_SMS_06409,Your payment has been received successfully.,44,ham
HAM_SMS_06800,Reminder: submit your assignment before the deadline.,53,ham
HAM_SMS_06913,Your payment has been received successfully.,44,ham
SPAM_SMS_01271,Final warning! Complete KYC verification now.,45,spam
SPAM_SMS_00706,Congratulations! You have won a cash prize. Click the link to claim now.,72,spam
HAM_SMS_05340,I reached home safely.,22,ham
HAM_SMS_04858,I reached home safely.,22,ham
SPAM_SMS_02336,Earn money from home without investment. Join now.,50,spam
HAM_SMS_04685,Reminder: submit your assignment before the deadline.,53,ham
HAM_SMS_04388,Please find the details shared in the group.,44,ham
HAM_SMS_01948,Please find the details shared in the group.,44,ham
SPAM_SMS_00480,Your mobile number has won a lottery prize.,43,spam
HAM_SMS_02130,Please confirm your availability for the session.,49,ham
HAM_SMS_06907,The interview schedule will be shared soon.,43,ham
SPAM_SMS_00400,Your mobile number has won a lottery prize.,43,spam
HAM_SMS_04281,Please confirm your availability for the session.,49,ham
HAM_SMS_03984,Can you send me the notes from today's lecture?,47,ham
HAM_SMS_05369,Your payment has been received successfully.,44,ham
HAM_SMS_06065,The meeting has been shifted to 4 PM.,37,ham
HAM_SMS_03454,The meeting has been shifted to 4 PM.,37,ham
HAM_SMS_03106,"Hey, are we meeting today for the project discussion?",53,ham
HAM_SMS_03677,Please call me when you are free.,33,ham
HAM_SMS_06518,Reminder: submit your assignment before the deadline.,53,ham
HAM_SMS_06416,Your order has been delivered successfully.,43,ham
HAM_SMS_03077,Let's discuss the presentation after lunch.,43,ham
HAM_SMS_02904,The report is ready for review.,31,ham
SPAM_SMS_01446,Your mobile number has won a lottery prize.,43,spam
HAM_SMS_05336,Reminder: submit your assignment before the deadline.,53,ham
HAM_SMS_03329,Thank you for your message. I will check and reply soon.,56,ham
HAM_SMS_02743,Please call me when you are free.,33,ham
SPAM_SMS_01904,You are selected for a reward. Send your account details now.,61,spam
HAM_SMS_04776,Please find the details shared in the group.,44,ham
HAM_SMS_04746,The interview schedule will be shared soon.,43,ham
HAM_SMS_04173,The meeting has been shifted to 4 PM.,37,ham
SPAM_SMS_00209,You won a shopping voucher. Claim it today.,43,spam
HAM_SMS_05740,The meeting has been shifted to 4 PM.,37,ham
HAM_SMS_06522,Your class schedule has been updated for tomorrow.,50,ham
HAM_SMS_06089,The meeting has been shifted to 4 PM.,37,ham
HAM_SMS_06817,I reached home safely.,22,ham
HAM_SMS_00750,Please call me when you are free.,33,ham
HAM_SMS_03485,Thank you for your message. I will check and reply soon.,56,ham
HAM_SMS_00800,The interview schedule will be shared soon.,43,ham
HAM_SMS_05851,Your class schedule has been updated for tomorrow.,50,ham
HAM_SMS_02316,Your class schedule has been updated for tomorrow.,50,ham
HAM_SMS_00517,The meeting has been shifted to 4 PM.,37,ham
HAM_SMS_05073,Your order has been delivered successfully.,43,ham
HAM_SMS_02444,Your order has been delivered successfully.,43,ham
SPAM_SMS_02080,Win money instantly. Register today and claim your bonus.,57,spam
SPAM_SMS_01495,Earn money from home without investment. Join now.,50,spam
HAM_SMS_01583,Please call me when you are free.,33,ham
HAM_SMS_00445,Thank you for your message. I will check and reply soon.,56,ham
HAM_SMS_03706,Your class schedule has been updated for tomorrow.,50,ham
HAM_SMS_00642,Your order has been delivered successfully.,43,ham
HAM_SMS_02662,Your payment has been received successfully.,44,ham
SPAM_SMS_01721,Congratulations! You have won a cash prize. Click the link to claim now.,72,spam
HAM_SMS_06023,Please find the details shared in the group.,44,ham
HAM_SMS_07166,"Hey, are we meeting today for the project discussion?",53,ham
HAM_SMS_00982,I reached home safely.,22,ham
SPAM_SMS_00801,Win money instantly. Register today and claim your bonus.,57,spam
SPAM_SMS_01411,Final warning! Complete KYC verification now.,45,spam
SPAM_SMS_02241,Earn money from home without investment. Join now.,50,spam
HAM_SMS_06994,Thank you for your message. I will check and reply soon.,56,ham
HAM_SMS_01861,I reached home safely.,22,ham
HAM_SMS_03555,Let's discuss the presentation after lunch.,43,ham
SPAM_SMS_01771,Recharge offer available. Get double benefits today.,52,spam
HAM_SMS_05516,Please call me when you are free.,33,ham
HAM_SMS_01600,Please find the details shared in the group.,44,ham
HAM_SMS_00921,Please find the details shared in the group.,44,ham
SPAM_SMS_01994,Suspicious login detected. Update your password immediately.,60,spam
HAM_SMS_00906,"Hey, are we meeting today for the project discussion?",53,ham
HAM_SMS_00724,Your order has been delivered successfully.,43,ham
SPAM_SMS_01363,Claim your free gift card now before it expires.,48,spam
HAM_SMS_05506,I reached home safely.,22,ham
HAM_SMS_02861,Thank you for your message. I will check and reply soon.,56,ham
SPAM_SMS_01415,Limited time offer. Get free coupons by clicking this link.,59,spam
HAM_SMS_00495,Can you send me the notes from today's lecture?,47,ham
SPAM_SMS_02130,Suspicious login detected. Update your password immediately.,60,spam
HAM_SMS_07253,Can you send me the notes from today's lecture?,47,ham
HAM_SMS_02760,Your order has been delivered successfully.,43,ham
HAM_SMS_02199,Please call me when you are free.,33,ham
HAM_SMS_05328,Your class schedule has been updated for tomorrow.,50,ham
SPAM_SMS_01607,Free entry in a lucky draw. Text WIN to claim your reward.,58,spam
HAM_SMS_04234,I reached home safely.,22,ham
HAM_SMS_02191,Your class schedule has been updated for tomorrow.,50,ham
HAM_SMS_02159,Please call me when you are free.,33,ham
HAM_SMS_04801,Please call me when you are free.,33,ham
SPAM_SMS_02084,Free entry in a lucky draw. Text WIN to claim your reward.,58,spam
HAM_SMS_01088,Please confirm your availability for the session.,49,ham
HAM_SMS_01739,Your class schedule has been updated for tomorrow.,50,ham
HAM_SMS_00370,Please confirm your availability for the session.,49,ham
HAM_SMS_00222,Your class schedule has been updated for tomorrow.,50,ham
HAM_SMS_01661,The report is ready for review.,31,ham
HAM_SMS_05008,Your order has been delivered successfully.,43,ham
HAM_SMS_05859,Please call me when you are free.,33,ham
HAM_SMS_02922,Let's discuss the presentation after lunch.,43,ham
HAM_SMS_04647,Reminder: submit your assignment before the deadline.,53,ham
HAM_SMS_03952,The meeting has been shifted to 4 PM.,37,ham
HAM_SMS_07127,Your order has been delivered successfully.,43,ham
HAM_SMS_02930,Your payment has been received successfully.,44,ham
SPAM_SMS_00585,Earn money from home without investment. Join now.,50,spam
HAM_SMS_01681,The report is ready for review.,31,ham
HAM_SMS_05835,Let's discuss the presentation after lunch.,43,ham
HAM_SMS_06305,Thank you for your message. I will check and reply soon.,56,ham
HAM_SMS_01872,"Hey, are we meeting today for the project discussion?",53,ham
HAM_SMS_01218,Your payment has been received successfully.,44,ham
HAM_SMS_02402,Please call me when you are free.,33,ham
HAM_SMS_06706,The interview schedule will be shared soon.,43,ham
HAM_SMS_07001,I reached home safely.,22,ham
HAM_SMS_07049,Your order has been delivered successfully.,43,ham
HAM_SMS_04423,"Hey, are we meeting today for the project discussion?",53,ham
HAM_SMS_05998,The meeting has been shifted to 4 PM.,37,ham
HAM_SMS_05605,Can you send me the notes from today's lecture?,47,ham
HAM_SMS_02056,The interview schedule will be shared soon.,43,ham
HAM_SMS_06219,Please confirm your availability for the session.,49,ham
HAM_SMS_02247,Can you send me the notes from today's lecture?,47,ham
HAM_SMS_03397,Let's discuss the presentation after lunch.,43,ham
HAM_SMS_05993,The meeting has been shifted to 4 PM.,37,ham
HAM_SMS_06073,Your class schedule has been updated for tomorrow.,50,ham
HAM_SMS_06137,Your order has been delivered successfully.,43,ham
HAM_SMS_02493,The interview schedule will be shared soon.,43,ham
SPAM_SMS_00020,Exclusive offer only for you. Click here to redeem.,51,spam
HAM_SMS_00742,Please call me when you are free.,33,ham
HAM_SMS_02753,Thank you for your message. I will check and reply soon.,56,ham
HAM_SMS_05575,"Hey, are we meeting today for the project discussion?",53,ham
HAM_SMS_02358,The interview schedule will be shared soon.,43,ham
HAM_SMS_02978,The interview schedule will be shared soon.,43,ham
HAM_SMS_07364,Please find the details shared in the group.,44,ham
HAM_SMS_03306,I reached home safely.,22,ham
HAM_SMS_05244,I reached home safely.,22,ham
HAM_SMS_02025,The report is ready for review.,31,ham
HAM_SMS_00614,Reminder: submit your assignment before the deadline.,53,ham
HAM_SMS_01222,Your payment has been received successfully.,44,ham
HAM_SMS_06589,Please find the details shared in the group.,44,ham
HAM_SMS_05334,Your payment has been received successfully.,44,ham
HAM_SMS_06115,Can you send me the notes from today's lecture?,47,ham
SPAM_SMS_01008,Recharge offer available. Get double benefits today.,52,spam
HAM_SMS_00927,Your order has been delivered successfully.,43,ham
HAM_SMS_01556,Please call me when you are free.,33,ham
HAM_SMS_02014,Your class schedule has been updated for tomorrow.,50,ham
HAM_SMS_02944,"Hey, are we meeting today for the project discussion?",53,ham
HAM_SMS_04358,The report is ready for review.,31,ham
HAM_SMS_00452,"Hey, are we meeting today for the project discussion?",53,ham
SPAM_SMS_00803,Your loan is approved. Pay processing fee to receive funds.,59,spam
SPAM_SMS_01474,Earn money from home without investment. Join now.,50,spam
HAM_SMS_07337,Thank you for your message. I will check and reply soon.,56,ham
HAM_SMS_07438,Please confirm your availability for the session.,49,ham
HAM_SMS_02244,Can you send me the notes from today's lecture?,47,ham
HAM_SMS_04881,Let's discuss the presentation after lunch.,43,ham
HAM_SMS_01131,Please find the details shared in the group.,44,ham
HAM_SMS_00450,Let's discuss the presentation after lunch.,43,ham
SPAM_SMS_01556,Free entry in a lucky draw. Text WIN to claim your reward.,58,spam
HAM_SMS_00762,I reached home safely.,22,ham
HAM_SMS_03270,Please call me when you are free.,33,ham
HAM_SMS_07400,Thank you for your message. I will check and reply soon.,56,ham
HAM_SMS_01579,Please find the details shared in the group.,44,ham
HAM_SMS_03733,Your class schedule has been updated for tomorrow.,50,ham
HAM_SMS_06860,Your order has been delivered successfully.,43,ham
HAM_SMS_03853,"Hey, are we meeting today for the project discussion?",53,ham
HAM_SMS_05961,Your order has been delivered successfully.,43,ham
HAM_SMS_02468,The meeting has been shifted to 4 PM.,37,ham
HAM_SMS_04330,Your class schedule has been updated for tomorrow.,50,ham
SPAM_SMS_01823,Claim your free gift card now before it expires.,48,spam
SPAM_SMS_00438,Your mobile number has won a lottery prize.,43,spam
HAM_SMS_00920,Please call me when you are free.,33,ham
SPAM_SMS_00123,Recharge offer available. Get double benefits today.,52,spam
HAM_SMS_03564,I reached home safely.,22,ham
HAM_SMS_05542,Your order has been delivered successfully.,43,ham
HAM_SMS_02613,Your class schedule has been updated for tomorrow.,50,ham
HAM_SMS_01039,Let's discuss the presentation after lunch.,43,ham
HAM_SMS_00208,Thank you for your message. I will check and reply soon.,56,ham
HAM_SMS_01078,The report is ready for review.,31,ham
HAM_SMS_07007,Please find the details shared in the group.,44,ham
HAM_SMS_00799,"Hey, are we meeting today for the project discussion?",53,ham
HAM_SMS_04254,The report is ready for review.,31,ham
HAM_SMS_05800,Please confirm your availability for the session.,49,ham
HAM_SMS_03565,The meeting has been shifted to 4 PM.,37,ham
HAM_SMS_03278,Can you send me the notes from today's lecture?,47,ham
HAM_SMS_06254,Your payment has been received successfully.,44,ham
HAM_SMS_02281,Your class schedule has been updated for tomorrow.,50,ham
HAM_SMS_06392,Please call me when you are free.,33,ham
SPAM_SMS_01354,You won a shopping voucher. Claim it today.,43,spam
HAM_SMS_00759,Please call me when you are free.,33,ham
HAM_SMS_05692,Thank you for your message. I will check and reply soon.,56,ham
HAM_SMS_02726,Please confirm your availability for the session.,49,ham
HAM_SMS_03523,Thank you for your message. I will check and reply soon.,56,ham
HAM_SMS_05749,Thank you for your message. I will check and reply soon.,56,ham
HAM_SMS_06855,Your class schedule has been updated for tomorrow.,50,ham
HAM_SMS_07054,The interview schedule will be shared soon.,43,ham
HAM_SMS_07477,The interview schedule will be shared soon.,43,ham
SPAM_SMS_00181,Earn money from home without investment. Join now.,50,spam
HAM_SMS_06881,Please call me when you are free.,33,ham
HAM_SMS_04893,Can you send me the notes from today's lecture?,47,ham
HAM_SMS_05513,The interview schedule will be shared soon.,43,ham
HAM_SMS_05916,Please call me when you are free.,33,ham
HAM_SMS_05091,Your payment has been received successfully.,44,ham
HAM_SMS_03097,Let's discuss the presentation after lunch.,43,ham
HAM_SMS_02347,I reached home safely.,22,ham
SPAM_SMS_02414,Claim your free gift card now before it expires.,48,spam
HAM_SMS_01128,The report is ready for review.,31,ham
HAM_SMS_03430,Your class schedule has been updated for tomorrow.,50,ham
HAM_SMS_01634,I reached home safely.,22,ham
HAM_SMS_06980,The interview schedule will be shared soon.,43,ham
HAM_SMS_02668,Please call me when you are free.,33,ham
HAM_SMS_01546,Please call me when you are free.,33,ham
HAM_SMS_06121,Thank you for your message. I will check and reply soon.,56,ham
HAM_SMS_02057,Please find the details shared in the group.,44,ham
HAM_SMS_05919,Please call me when you are free.,33,ham
HAM_SMS_00775,Reminder: submit your assignment before the deadline.,53,ham
SPAM_SMS_01243,Win money instantly. Register today and claim your bonus.,57,spam
HAM_SMS_04613,The report is ready for review.,31,ham
SPAM_SMS_01762,Free entry in a lucky draw. Text WIN to claim your reward.,58,spam
HAM_SMS_03921,Please find the details shared in the group.,44,ham
SPAM_SMS_01278,You won a shopping voucher. Claim it today.,43,spam
HAM_SMS_01483,Your class schedule has been updated for tomorrow.,50,ham
SPAM_SMS_00219,Urgent! Your bank account will be blocked. Verify your details immediately.,75,spam
HAM_SMS_01334,Please find the details shared in the group.,44,ham
HAM_SMS_02254,The report is ready for review.,31,ham
HAM_SMS_03540,Let's discuss the presentation after lunch.,43,ham
HAM_SMS_06509,The meeting has been shifted to 4 PM.,37,ham
HAM_SMS_03230,Reminder: submit your assignment before the deadline.,53,ham
HAM_SMS_05461,Reminder: submit your assignment before the deadline.,53,ham
HAM_SMS_03395,Please call me when you are free.,33,ham
HAM_SMS_00573,"Hey, are we meeting today for the project discussion?",53,ham
HAM_SMS_01212,Can you send me the notes from today's lecture?,47,ham
HAM_SMS_00210,Can you send me the notes from today's lecture?,47,ham
HAM_SMS_06591,Please find the details shared in the group.,44,ham
SPAM_SMS_01682,Your mobile number has won a lottery prize.,43,spam
HAM_SMS_01842,The report is ready for review.,31,ham
HAM_SMS_00482,Please find the details shared in the group.,44,ham
HAM_SMS_03747,Let's discuss the presentation after lunch.,43,ham
SPAM_SMS_00767,Your loan is approved. Pay processing fee to receive funds.,59,spam
HAM_SMS_03914,I reached home safely.,22,ham
SPAM_SMS_02167,Final warning! Complete KYC verification now.,45,spam
SPAM_SMS_00841,Recharge offer available. Get double benefits today.,52,spam
HAM_SMS_00416,Your order has been delivered successfully.,43,ham
HAM_SMS_03662,The meeting has been shifted to 4 PM.,37,ham
SPAM_SMS_00754,Recharge offer available. Get double benefits today.,52,spam
SPAM_SMS_00224,Exclusive offer only for you. Click here to redeem.,51,spam
HAM_SMS_02097,Your class schedule has been updated for tomorrow.,50,ham
HAM_SMS_05765,Thank you for your message. I will check and reply soon.,56,ham
HAM_SMS_03730,The interview schedule will be shared soon.,43,ham
SPAM_SMS_00737,Urgent! Your bank account will be blocked. Verify your details immediately.,75,spam
HAM_SMS_02266,I reached home safely.,22,ham
HAM_SMS_01253,Please call me when you are free.,33,ham
SPAM_SMS_00946,Suspicious login detected. Update your password immediately.,60,spam
HAM_SMS_07006,I reached home safely.,22,ham
SPAM_SMS_01776,Your loan is approved. Pay processing fee to receive funds.,59,spam
HAM_SMS_01800,I reached home safely.,22,ham
HAM_SMS_00924,The meeting has been shifted to 4 PM.,37,ham
SPAM_SMS_00539,Limited time offer. Get free coupons by clicking this link.,59,spam
SPAM_SMS_01233,Your loan is approved. Pay processing fee to receive funds.,59,spam
HAM_SMS_02370,Your class schedule has been updated for tomorrow.,50,ham
SPAM_SMS_00221,Your loan is approved. Pay processing fee to receive funds.,59,spam
HAM_SMS_01067,The report is ready for review.,31,ham
SPAM_SMS_00454,You won a shopping voucher. Claim it today.,43,spam
SPAM_SMS_00834,Exclusive offer only for you. Click here to redeem.,51,spam
HAM_SMS_02364,I reached home safely.,22,ham
HAM_SMS_04811,Your order has been delivered successfully.,43,ham
HAM_SMS_01302,Let's discuss the presentation after lunch.,43,ham
HAM_SMS_04146,The interview schedule will be shared soon.,43,ham
HAM_SMS_04512,Your payment has been received successfully.,44,ham
HAM_SMS_02400,Thank you for your message. I will check and reply soon.,56,ham
HAM_SMS_05199,The report is ready for review.,31,ham
HAM_SMS_05560,The interview schedule will be shared soon.,43,ham
SPAM_SMS_01991,Win money instantly. Register today and claim your bonus.,57,spam
HAM_SMS_00265,Thank you for your message. I will check and reply soon.,56,ham
HAM_SMS_02433,Let's discuss the presentation after lunch.,43,ham
HAM_SMS_06909,Your class schedule has been updated for tomorrow.,50,ham
HAM_SMS_00766,Please find the details shared in the group.,44,ham
HAM_SMS_03135,Please find the details shared in the group.,44,ham
HAM_SMS_00749,Your order has been delivered successfully.,43,ham
HAM_SMS_06996,Please confirm your availability for the session.,49,ham
SPAM_SMS_00368,Suspicious login detected. Update your password immediately.,60,spam
HAM_SMS_06631,Your payment has been received successfully.,44,ham
SPAM_SMS_02021,Recharge offer available. Get double benefits today.,52,spam
SPAM_SMS_00881,Claim your free gift card now before it expires.,48,spam
SPAM_SMS_00051,You are selected for a reward. Send your account details now.,61,spam
HAM_SMS_02971,The interview schedule will be shared soon.,43,ham
HAM_SMS_04621,Let's discuss the presentation after lunch.,43,ham
HAM_SMS_07231,Your class schedule has been updated for tomorrow.,50,ham
HAM_SMS_04820,"Hey, are we meeting today for the project discussion?",53,ham
HAM_SMS_06288,Please find the details shared in the group.,44,ham
SPAM_SMS_01518,Free entry in a lucky draw. Text WIN to claim your reward.,58,spam
HAM_SMS_05992,Reminder: submit your assignment before the deadline.,53,ham
HAM_SMS_06862,Let's discuss the presentation after lunch.,43,ham
HAM_SMS_00568,The report is ready for review.,31,ham
HAM_SMS_04205,Your payment has been received successfully.,44,ham
HAM_SMS_06008,Let's discuss the presentation after lunch.,43,ham
SPAM_SMS_00811,Your mobile number has won a lottery prize.,43,spam
HAM_SMS_05082,The interview schedule will be shared soon.,43,ham
HAM_SMS_04342,I reached home safely.,22,ham
HAM_SMS_03836,Can you send me the notes from today's lecture?,47,ham
SPAM_SMS_01748,Earn money from home without investment. Join now.,50,spam
SPAM_SMS_02077,You won a shopping voucher. Claim it today.,43,spam
HAM_SMS_03531,Can you send me the notes from today's lecture?,47,ham
HAM_SMS_01005,The interview schedule will be shared soon.,43,ham
SPAM_SMS_01565,Earn money from home without investment. Join now.,50,spam
SPAM_SMS_01501,You won a shopping voucher. Claim it today.,43,spam
SPAM_SMS_00499,Your mobile number has won a lottery prize.,43,spam
HAM_SMS_00015,Thank you for your message. I will check and reply soon.,56,ham
HAM_SMS_01339,I reached home safely.,22,ham
HAM_SMS_05989,Please find the details shared in the group.,44,ham
HAM_SMS_07170,Please call me when you are free.,33,ham
HAM_SMS_00157,Can you send me the notes from today's lecture?,47,ham
HAM_SMS_05248,The report is ready for review.,31,ham
SPAM_SMS_02445,Your mobile number has won a lottery prize.,43,spam
HAM_SMS_05079,Can you send me the notes from today's lecture?,47,ham
HAM_SMS_03105,"Hey, are we meeting today for the project discussion?",53,ham
HAM_SMS_00647,Please call me when you are free.,33,ham
HAM_SMS_06420,Reminder: submit your assignment before the deadline.,53,ham
HAM_SMS_04854,Your payment has been received successfully.,44,ham
SPAM_SMS_02129,Win money instantly. Register today and claim your bonus.,57,spam
SPAM_SMS_02381,Claim your free gift card now before it expires.,48,spam
SPAM_SMS_02132,Urgent! Your bank account will be blocked. Verify your details immediately.,75,spam
SPAM_SMS_00369,Recharge offer available. Get double benefits today.,52,spam
HAM_SMS_06372,Your class schedule has been updated for tomorrow.,50,ham
HAM_SMS_03104,Let's discuss the presentation after lunch.,43,ham
HAM_SMS_07426,Your payment has been received successfully.,44,ham
HAM_SMS_07474,Can you send me the notes from today's lecture?,47,ham
HAM_SMS_05021,The report is ready for review.,31,ham
HAM_SMS_00894,The report is ready for review.,31,ham
HAM_SMS_05976,Your payment has been received successfully.,44,ham
SPAM_SMS_02245,Your mobile number has won a lottery prize.,43,spam
SPAM_SMS_02315,You won a shopping voucher. Claim it today.,43,spam
SPAM_SMS_02010,Recharge offer available. Get double benefits today.,52,spam
SPAM_SMS_02015,Earn money from home without investment. Join now.,50,spam
HAM_SMS_00020,Your class schedule has been updated for tomorrow.,50,ham
HAM_SMS_01881,Can you send me the notes from today's lecture?,47,ham
HAM_SMS_02079,Your payment has been received successfully.,44,ham
SPAM_SMS_01523,Suspicious login detected. Update your password immediately.,60,spam
HAM_SMS_07310,Please confirm your availability for the session.,49,ham
HAM_SMS_05387,The interview schedule will be shared soon.,43,ham
HAM_SMS_06025,Thank you for your message. I will check and reply soon.,56,ham
HAM_SMS_04026,Please call me when you are free.,33,ham
SPAM_SMS_01870,Congratulations! You have won a cash prize. Click the link to claim now.,72,spam
HAM_SMS_04419,Let's discuss the presentation after lunch.,43,ham
HAM_SMS_01215,Please call me when you are free.,33,ham
HAM_SMS_04681,Please confirm your availability for the session.,49,ham
HAM_SMS_03847,The interview schedule will be shared soon.,43,ham
HAM_SMS_04850,Thank you for your message. I will check and reply soon.,56,ham
HAM_SMS_01810,Let's discuss the presentation after lunch.,43,ham
HAM_SMS_01284,Let's discuss the presentation after lunch.,43,ham
HAM_SMS_05796,Your payment has been received successfully.,44,ham
HAM_SMS_04365,Reminder: submit your assignment before the deadline.,53,ham
HAM_SMS_07362,Reminder: submit your assignment before the deadline.,53,ham
HAM_SMS_02107,The interview schedule will be shared soon.,43,ham
HAM_SMS_02089,I reached home safely.,22,ham
HAM_SMS_02514,Can you send me the notes from today's lecture?,47,ham
SPAM_SMS_01331,Limited time offer. Get free coupons by clicking this link.,59,spam
HAM_SMS_01034,Reminder: submit your assignment before the deadline.,53,ham
SPAM_SMS_00591,Suspicious login detected. Update your password immediately.,60,spam
SPAM_SMS_01051,Earn money from home without investment. Join now.,50,spam
HAM_SMS_07309,Please confirm your availability for the session.,49,ham
SPAM_SMS_00626,Recharge offer available. Get double benefits today.,52,spam
HAM_SMS_04045,Your class schedule has been updated for tomorrow.,50,ham
SPAM_SMS_00816,Congratulations! You have won a cash prize. Click the link to claim now.,72,spam
HAM_SMS_02907,The report is ready for review.,31,ham
HAM_SMS_00889,Reminder: submit your assignment before the deadline.,53,ham
HAM_SMS_06411,Your class schedule has been updated for tomorrow.,50,ham
HAM_SMS_05266,Let's discuss the presentation after lunch.,43,ham
HAM_SMS_02674,Please find the details shared in the group.,44,ham
HAM_SMS_03711,Thank you for your message. I will check and reply soon.,56,ham
HAM_SMS_04229,The meeting has been shifted to 4 PM.,37,ham
HAM_SMS_01543,The report is ready for review.,31,ham
HAM_SMS_07242,Your class schedule has been updated for tomorrow.,50,ham
HAM_SMS_04147,The meeting has been shifted to 4 PM.,37,ham
HAM_SMS_00277,Can you send me the notes from today's lecture?,47,ham
HAM_SMS_05702,The meeting has been shifted to 4 PM.,37,ham
SPAM_SMS_00462,Exclusive offer only for you. Click here to redeem.,51,spam
SPAM_SMS_00425,Claim your free gift card now before it expires.,48,spam
SPAM_SMS_00234,Recharge offer available. Get double benefits today.,52,spam
HAM_SMS_04400,The interview schedule will be shared soon.,43,ham
HAM_SMS_02892,"Hey, are we meeting today for the project discussion?",53,ham
HAM_SMS_06724,"Hey, are we meeting today for the project discussion?",53,ham
HAM_SMS_00665,Please call me when you are free.,33,ham
SPAM_SMS_00433,Final warning! Complete KYC verification now.,45,spam
HAM_SMS_04505,The meeting has been shifted to 4 PM.,37,ham
HAM_SMS_02028,The interview schedule will be shared soon.,43,ham
HAM_SMS_04138,Your order has been delivered successfully.,43,ham
HAM_SMS_03285,I reached home safely.,22,ham
SPAM_SMS_01440,Exclusive offer only for you. Click here to redeem.,51,spam
HAM_SMS_02015,Please call me when you are free.,33,ham
HAM_SMS_02180,Your payment has been received successfully.,44,ham
SPAM_SMS_01162,Urgent! Your bank account will be blocked. Verify your details immediately.,75,spam
HAM_SMS_02283,Reminder: submit your assignment before the deadline.,53,ham
SPAM_SMS_02294,Your mobile number has won a lottery prize.,43,spam
SPAM_SMS_02014,Win money instantly. Register today and claim your bonus.,57,spam
SPAM_SMS_01664,Earn money from home without investment. Join now.,50,spam
HAM_SMS_04617,The interview schedule will be shared soon.,43,ham
SPAM_SMS_01417,Claim your free gift card now before it expires.,48,spam
HAM_SMS_05504,The interview schedule will be shared soon.,43,ham
HAM_SMS_07363,The report is ready for review.,31,ham
HAM_SMS_06298,Please find the details shared in the group.,44,ham
HAM_SMS_03514,Your order has been delivered successfully.,43,ham
HAM_SMS_03903,Can you send me the notes from today's lecture?,47,ham
HAM_SMS_05114,Your payment has been received successfully.,44,ham
HAM_SMS_00798,Thank you for your message. I will check and reply soon.,56,ham
HAM_SMS_02692,The report is ready for review.,31,ham
HAM_SMS_05501,Reminder: submit your assignment before the deadline.,53,ham
HAM_SMS_07409,Let's discuss the presentation after lunch.,43,ham
HAM_SMS_06643,Your order has been delivered successfully.,43,ham
HAM_SMS_06220,"Hey, are we meeting today for the project discussion?",53,ham
HAM_SMS_01539,Let's discuss the presentation after lunch.,43,ham
HAM_SMS_01968,Can you send me the notes from today's lecture?,47,ham
HAM_SMS_05076,The report is ready for review.,31,ham
HAM_SMS_05650,Please confirm your availability for the session.,49,ham
HAM_SMS_01286,Please call me when you are free.,33,ham
HAM_SMS_04122,"Hey, are we meeting today for the project discussion?",53,ham
SPAM_SMS_01755,Your mobile number has won a lottery prize.,43,spam
HAM_SMS_06555,I reached home safely.,22,ham
HAM_SMS_05799,Reminder: submit your assignment before the deadline.,53,ham
HAM_SMS_02200,Your order has been delivered successfully.,43,ham
SPAM_SMS_02236,You won a shopping voucher. Claim it today.,43,spam
SPAM_SMS_01496,Free entry in a lucky draw. Text WIN to claim your reward.,58,spam
SPAM_SMS_01688,Suspicious login detected. Update your password immediately.,60,spam
HAM_SMS_06613,Please confirm your availability for the session.,49,ham
SPAM_SMS_01257,Final warning! Complete KYC verification now.,45,spam
HAM_SMS_00361,The report is ready for review.,31,ham
HAM_SMS_02456,Reminder: submit your assignment before the deadline.,53,ham
HAM_SMS_05627,The meeting has been shifted to 4 PM.,37,ham
HAM_SMS_03744,Please confirm your availability for the session.,49,ham
HAM_SMS_03990,The meeting has been shifted to 4 PM.,37,ham
HAM_SMS_02168,I reached home safely.,22,ham
HAM_SMS_04375,The interview schedule will be shared soon.,43,ham
HAM_SMS_01272,Reminder: submit your assignment before the deadline.,53,ham
HAM_SMS_05141,"Hey, are we meeting today for the project discussion?",53,ham
HAM_SMS_06398,The interview schedule will be shared soon.,43,ham
HAM_SMS_04691,The meeting has been shifted to 4 PM.,37,ham
HAM_SMS_01653,Let's discuss the presentation after lunch.,43,ham
HAM_SMS_02574,Please find the details shared in the group.,44,ham
HAM_SMS_06497,The report is ready for review.,31,ham
HAM_SMS_02887,Your class schedule has been updated for tomorrow.,50,ham
SPAM_SMS_00343,Suspicious login detected. Update your password immediately.,60,spam
HAM_SMS_00731,Thank you for your message. I will check and reply soon.,56,ham
HAM_SMS_06750,Thank you for your message. I will check and reply soon.,56,ham
HAM_SMS_05570,The interview schedule will be shared soon.,43,ham
HAM_SMS_06030,Your order has been delivered successfully.,43,ham
SPAM_SMS_00355,Exclusive offer only for you. Click here to redeem.,51,spam
HAM_SMS_00682,Please call me when you are free.,33,ham
HAM_SMS_01042,Thank you for your message. I will check and reply soon.,56,ham
SPAM_SMS_01140,You won a shopping voucher. Claim it today.,43,spam
HAM_SMS_02689,The meeting has been shifted to 4 PM.,37,ham
HAM_SMS_03684,Please confirm your availability for the session.,49,ham
HAM_SMS_06645,Please confirm your availability for the session.,49,ham
HAM_SMS_01557,The meeting has been shifted to 4 PM.,37,ham
HAM_SMS_03553,Can you send me the notes from today's lecture?,47,ham
HAM_SMS_02465,Reminder: submit your assignment before the deadline.,53,ham
HAM_SMS_00978,Please confirm your availability for the session.,49,ham
HAM_SMS_07469,Your class schedule has been updated for tomorrow.,50,ham
HAM_SMS_03842,Can you send me the notes from today's lecture?,47,ham
HAM_SMS_03873,Can you send me the notes from today's lecture?,47,ham
HAM_SMS_04031,Please find the details shared in the group.,44,ham
SPAM_SMS_00263,Suspicious login detected. Update your password immediately.,60,spam
SPAM_SMS_01427,Earn money from home without investment. Join now.,50,spam
HAM_SMS_01435,Your class schedule has been updated for tomorrow.,50,ham
SPAM_SMS_00079,Limited time offer. Get free coupons by clicking this link.,59,spam
HAM_SMS_06532,I reached home safely.,22,ham
SPAM_SMS_00086,You won a shopping voucher. Claim it today.,43,spam
HAM_SMS_04833,Please find the details shared in the group.,44,ham
HAM_SMS_03461,Your order has been delivered successfully.,43,ham
HAM_SMS_00032,The interview schedule will be shared soon.,43,ham
HAM_SMS_04208,"Hey, are we meeting today for the project discussion?",53,ham
SPAM_SMS_00509,Claim your free gift card now before it expires.,48,spam
SPAM_SMS_01103,Your loan is approved. Pay processing fee to receive funds.,59,spam
HAM_SMS_04385,Reminder: submit your assignment before the deadline.,53,ham
HAM_SMS_00305,Please call me when you are free.,33,ham
HAM_SMS_02838,"Hey, are we meeting today for the project discussion?",53,ham
SPAM_SMS_01903,Recharge offer available. Get double benefits today.,52,spam
HAM_SMS_03535,Your order has been delivered successfully.,43,ham
HAM_SMS_02271,"Hey, are we meeting today for the project discussion?",53,ham
HAM_SMS_04240,I reached home safely.,22,ham
HAM_SMS_02417,Please confirm your availability for the session.,49,ham
HAM_SMS_06665,Let's discuss the presentation after lunch.,43,ham
SPAM_SMS_00194,You are selected for a reward. Send your account details now.,61,spam
HAM_SMS_03282,The interview schedule will be shared soon.,43,ham
HAM_SMS_03766,Please find the details shared in the group.,44,ham
SPAM_SMS_01787,Final warning! Complete KYC verification now.,45,spam
HAM_SMS_05347,Please call me when you are free.,33,ham
HAM_SMS_05952,Let's discuss the presentation after lunch.,43,ham
HAM_SMS_04308,Please call me when you are free.,33,ham
HAM_SMS_04368,The interview schedule will be shared soon.,43,ham
SPAM_SMS_01526,Congratulations! You have won a cash prize. Click the link to claim now.,72,spam
HAM_SMS_02061,Your payment has been received successfully.,44,ham
HAM_SMS_02507,The meeting has been shifted to 4 PM.,37,ham
HAM_SMS_01594,"Hey, are we meeting today for the project discussion?",53,ham
SPAM_SMS_00304,Exclusive offer only for you. Click here to redeem.,51,spam
SPAM_SMS_02144,Final warning! Complete KYC verification now.,45,spam
HAM_SMS_03981,Let's discuss the presentation after lunch.,43,ham
HAM_SMS_07030,Your class schedule has been updated for tomorrow.,50,ham
HAM_SMS_03417,Thank you for your message. I will check and reply soon.,56,ham
HAM_SMS_05812,I reached home safely.,22,ham
HAM_SMS_00021,Thank you for your message. I will check and reply soon.,56,ham
HAM_SMS_01814,I reached home safely.,22,ham
HAM_SMS_01314,Can you send me the notes from today's lecture?,47,ham
HAM_SMS_07475,Your payment has been received successfully.,44,ham
SPAM_SMS_01616,Exclusive offer only for you. Click here to redeem.,51,spam
HAM_SMS_02236,Reminder: submit your assignment before the deadline.,53,ham
HAM_SMS_03030,Thank you for your message. I will check and reply soon.,56,ham
SPAM_SMS_01658,Your mobile number has won a lottery prize.,43,spam
HAM_SMS_03528,Reminder: submit your assignment before the deadline.,53,ham
HAM_SMS_00373,Your order has been delivered successfully.,43,ham
HAM_SMS_04837,Please call me when you are free.,33,ham
HAM_SMS_04871,Let's discuss the presentation after lunch.,43,ham
HAM_SMS_06813,Please call me when you are free.,33,ham
SPAM_SMS_01873,Exclusive offer only for you. Click here to redeem.,51,spam
HAM_SMS_03999,Your class schedule has been updated for tomorrow.,50,ham
HAM_SMS_06368,Let's discuss the presentation after lunch.,43,ham
SPAM_SMS_00567,You are selected for a reward. Send your account details now.,61,spam
SPAM_SMS_02054,Free entry in a lucky draw. Text WIN to claim your reward.,58,spam
HAM_SMS_00385,Your class schedule has been updated for tomorrow.,50,ham
HAM_SMS_03851,Reminder: submit your assignment before the deadline.,53,ham
HAM_SMS_00189,Reminder: submit your assignment before the deadline.,53,ham
HAM_SMS_03760,I reached home safely.,22,ham
SPAM_SMS_00154,Exclusive offer only for you. Click here to redeem.,51,spam
HAM_SMS_00321,Please find the details shared in the group.,44,ham
HAM_SMS_04928,Can you send me the notes from today's lecture?,47,ham
HAM_SMS_06866,I reached home safely.,22,ham
SPAM_SMS_00575,Free entry in a lucky draw. Text WIN to claim your reward.,58,spam
HAM_SMS_00499,The interview schedule will be shared soon.,43,ham
HAM_SMS_07002,The report is ready for review.,31,ham
SPAM_SMS_01896,Win money instantly. Register today and claim your bonus.,57,spam
HAM_SMS_01310,Let's discuss the presentation after lunch.,43,ham
HAM_SMS_05753,The meeting has been shifted to 4 PM.,37,ham
HAM_SMS_01839,Let's discuss the presentation after lunch.,43,ham
HAM_SMS_07042,The interview schedule will be shared soon.,43,ham
SPAM_SMS_00087,Limited time offer. Get free coupons by clicking this link.,59,spam
HAM_SMS_00806,Please call me when you are free.,33,ham
HAM_SMS_07082,Your order has been delivered successfully.,43,ham
HAM_SMS_03364,Please find the details shared in the group.,44,ham
HAM_SMS_06045,Please confirm your availability for the session.,49,ham
HAM_SMS_06549,The interview schedule will be shared soon.,43,ham
HAM_SMS_02164,Can you send me the notes from today's lecture?,47,ham
HAM_SMS_04914,Thank you for your message. I will check and reply soon.,56,ham
HAM_SMS_03745,Let's discuss the presentation after lunch.,43,ham
SPAM_SMS_01897,Congratulations! You have won a cash prize. Click the link to claim now.,72,spam
SPAM_SMS_02157,You are selected for a reward. Send your account details now.,61,spam
HAM_SMS_05092,Can you send me the notes from today's lecture?,47,ham
HAM_SMS_02653,"Hey, are we meeting today for the project discussion?",53,ham
HAM_SMS_02250,The report is ready for review.,31,ham
HAM_SMS_05179,Please call me when you are free.,33,ham
HAM_SMS_04324,The interview schedule will be shared soon.,43,ham
SPAM_SMS_01632,Win money instantly. Register today and claim your bonus.,57,spam
SPAM_SMS_01177,Limited time offer. Get free coupons by clicking this link.,59,spam
SPAM_SMS_01790,Suspicious login detected. Update your password immediately.,60,spam
HAM_SMS_04077,I reached home safely.,22,ham
HAM_SMS_02237,Your order has been delivered successfully.,43,ham
HAM_SMS_01894,I reached home safely.,22,ham
HAM_SMS_05818,Please find the details shared in the group.,44,ham
SPAM_SMS_01645,Congratulations! You have won a cash prize. Click the link to claim now.,72,spam
HAM_SMS_06756,I reached home safely.,22,ham
SPAM_SMS_01432,Congratulations! You have won a cash prize. Click the link to claim now.,72,spam
SPAM_SMS_00820,Claim your free gift card now before it expires.,48,spam
HAM_SMS_01975,Please find the details shared in the group.,44,ham
SPAM_SMS_01097,Claim your free gift card now before it expires.,48,spam
HAM_SMS_01450,Your payment has been received successfully.,44,ham
HAM_SMS_04726,Please confirm your availability for the session.,49,ham
HAM_SMS_02595,Thank you for your message. I will check and reply soon.,56,ham
HAM_SMS_02763,Please find the details shared in the group.,44,ham
HAM_SMS_00219,The meeting has been shifted to 4 PM.,37,ham
HAM_SMS_01484,Can you send me the notes from today's lecture?,47,ham
HAM_SMS_02537,Please call me when you are free.,33,ham
SPAM_SMS_00496,Final warning! Complete KYC verification now.,45,spam
HAM_SMS_00294,Can you send me the notes from today's lecture?,47,ham
HAM_SMS_02545,Please call me when you are free.,33,ham
HAM_SMS_03139,Your order has been delivered successfully.,43,ham
HAM_SMS_03431,I reached home safely.,22,ham
HAM_SMS_03141,"Hey, are we meeting today for the project discussion?",53,ham
SPAM_SMS_02011,You won a shopping voucher. Claim it today.,43,spam
HAM_SMS_04066,The meeting has been shifted to 4 PM.,37,ham
HAM_SMS_03261,Please confirm your availability for the session.,49,ham
HAM_SMS_01578,Please find the details shared in the group.,44,ham
HAM_SMS_03975,I reached home safely.,22,ham
HAM_SMS_01378,Can you send me the notes from today's lecture?,47,ham
SPAM_SMS_00475,Free entry in a lucky draw. Text WIN to claim your reward.,58,spam
HAM_SMS_05041,Let's discuss the presentation after lunch.,43,ham
HAM_SMS_05124,The meeting has been shifted to 4 PM.,37,ham
HAM_SMS_04252,Reminder: submit your assignment before the deadline.,53,ham
HAM_SMS_01896,Let's discuss the presentation after lunch.,43,ham
HAM_SMS_07341,Your payment has been received successfully.,44,ham
HAM_SMS_04857,Your payment has been received successfully.,44,ham
HAM_SMS_02052,Can you send me the notes from today's lecture?,47,ham
HAM_SMS_05243,Reminder: submit your assignment before the deadline.,53,ham
SPAM_SMS_01319,You won a shopping voucher. Claim it today.,43,spam
SPAM_SMS_00876,Win money instantly. Register today and claim your bonus.,57,spam
HAM_SMS_01744,Please call me when you are free.,33,ham
HAM_SMS_02301,Your class schedule has been updated for tomorrow.,50,ham
HAM_SMS_04612,Please confirm your availability for the session.,49,ham
HAM_SMS_03902,The interview schedule will be shared soon.,43,ham
HAM_SMS_01639,I reached home safely.,22,ham
SPAM_SMS_00686,You won a shopping voucher. Claim it today.,43,spam
HAM_SMS_00599,I reached home safely.,22,ham
HAM_SMS_05788,The interview schedule will be shared soon.,43,ham
SPAM_SMS_01323,Final warning! Complete KYC verification now.,45,spam
HAM_SMS_05754,Please find the details shared in the group.,44,ham
HAM_SMS_02909,Please call me when you are free.,33,ham
HAM_SMS_05641,"Hey, are we meeting today for the project discussion?",53,ham
HAM_SMS_05058,Your payment has been received successfully.,44,ham
HAM_SMS_02071,Please call me when you are free.,33,ham
SPAM_SMS_01506,Congratulations! You have won a cash prize. Click the link to claim now.,72,spam
SPAM_SMS_01431,Earn money from home without investment. Join now.,50,spam
HAM_SMS_04562,Can you send me the notes from today's lecture?,47,ham
HAM_SMS_02747,Please call me when you are free.,33,ham
HAM_SMS_02041,I reached home safely.,22,ham
HAM_SMS_02586,Reminder: submit your assignment before the deadline.,53,ham
HAM_SMS_00745,Your class schedule has been updated for tomorrow.,50,ham
HAM_SMS_03020,Your order has been delivered successfully.,43,ham
HAM_SMS_05188,Can you send me the notes from today's lecture?,47,ham
HAM_SMS_05928,Please confirm your availability for the session.,49,ham
SPAM_SMS_01955,You are selected for a reward. Send your account details now.,61,spam
HAM_SMS_04041,Your payment has been received successfully.,44,ham
HAM_SMS_02475,The meeting has been shifted to 4 PM.,37,ham
HAM_SMS_02257,Thank you for your message. I will check and reply soon.,56,ham
HAM_SMS_01012,Let's discuss the presentation after lunch.,43,ham
HAM_SMS_01206,Thank you for your message. I will check and reply soon.,56,ham
HAM_SMS_06553,Let's discuss the presentation after lunch.,43,ham
HAM_SMS_03173,Thank you for your message. I will check and reply soon.,56,ham
HAM_SMS_00463,The interview schedule will be shared soon.,43,ham
HAM_SMS_04484,Your order has been delivered successfully.,43,ham
HAM_SMS_05418,Reminder: submit your assignment before the deadline.,53,ham
HAM_SMS_06315,Please call me when you are free.,33,ham
HAM_SMS_00610,"Hey, are we meeting today for the project discussion?",53,ham
HAM_SMS_03114,Let's discuss the presentation after lunch.,43,ham
HAM_SMS_01486,Reminder: submit your assignment before the deadline.,53,ham
SPAM_SMS_00298,You are selected for a reward. Send your account details now.,61,spam
HAM_SMS_07168,Can you send me the notes from today's lecture?,47,ham
HAM_SMS_02009,Your payment has been received successfully.,44,ham
HAM_SMS_06424,Can you send me the notes from today's lecture?,47,ham
HAM_SMS_04867,Your class schedule has been updated for tomorrow.,50,ham
HAM_SMS_02201,The interview schedule will be shared soon.,43,ham
SPAM_SMS_00652,Recharge offer available. Get double benefits today.,52,spam
HAM_SMS_04574,Let's discuss the presentation after lunch.,43,ham
HAM_SMS_00007,Please call me when you are free.,33,ham
HAM_SMS_03663,I reached home safely.,22,ham
HAM_SMS_03877,"Hey, are we meeting today for the project discussion?",53,ham
HAM_SMS_05111,Let's discuss the presentation after lunch.,43,ham
SPAM_SMS_02490,Urgent! Your bank account will be blocked. Verify your details immediately.,75,spam
HAM_SMS_01127,Your payment has been received successfully.,44,ham
SPAM_SMS_01735,Recharge offer available. Get double benefits today.,52,spam
HAM_SMS_06178,Can you send me the notes from today's lecture?,47,ham
HAM_SMS_02809,Thank you for your message. I will check and reply soon.,56,ham
HAM_SMS_07427,Thank you for your message. I will check and reply soon.,56,ham
HAM_SMS_06942,"Hey, are we meeting today for the project discussion?",53,ham
HAM_SMS_01648,Let's discuss the presentation after lunch.,43,ham
HAM_SMS_04115,Please find the details shared in the group.,44,ham
HAM_SMS_03195,Let's discuss the presentation after lunch.,43,ham
HAM_SMS_05514,The meeting has been shifted to 4 PM.,37,ham
HAM_SMS_01427,"Hey, are we meeting today for the project discussion?",53,ham
HAM_SMS_01555,Your payment has been received successfully.,44,ham
HAM_SMS_03916,Thank you for your message. I will check and reply soon.,56,ham
SPAM_SMS_00523,Claim your free gift card now before it expires.,48,spam
HAM_SMS_05435,Please confirm your availability for the session.,49,ham
HAM_SMS_03681,Your payment has been received successfully.,44,ham
HAM_SMS_01581,Thank you for your message. I will check and reply soon.,56,ham
HAM_SMS_03334,The meeting has been shifted to 4 PM.,37,ham
HAM_SMS_06278,The report is ready for review.,31,ham
HAM_SMS_05367,Please confirm your availability for the session.,49,ham
HAM_SMS_05606,Your class schedule has been updated for tomorrow.,50,ham
SPAM_SMS_00975,Limited time offer. Get free coupons by clicking this link.,59,spam
SPAM_SMS_01285,Free entry in a lucky draw. Text WIN to claim your reward.,58,spam
HAM_SMS_05210,Thank you for your message. I will check and reply soon.,56,ham
HAM_SMS_05121,"Hey, are we meeting today for the project discussion?",53,ham
HAM_SMS_06740,Please confirm your availability for the session.,49,ham
SPAM_SMS_00973,Suspicious login detected. Update your password immediately.,60,spam
SPAM_SMS_00287,Congratulations! You have won a cash prize. Click the link to claim now.,72,spam
HAM_SMS_01139,The report is ready for review.,31,ham
HAM_SMS_02437,The report is ready for review.,31,ham
HAM_SMS_01430,Please confirm your availability for the session.,49,ham
SPAM_SMS_01789,Limited time offer. Get free coupons by clicking this link.,59,spam
HAM_SMS_04182,Your class schedule has been updated for tomorrow.,50,ham
SPAM_SMS_01592,Suspicious login detected. Update your password immediately.,60,spam
HAM_SMS_02238,Your order has been delivered successfully.,43,ham
SPAM_SMS_00060,Your loan is approved. Pay processing fee to receive funds.,59,spam
HAM_SMS_06554,The meeting has been shifted to 4 PM.,37,ham
HAM_SMS_01566,Reminder: submit your assignment before the deadline.,53,ham
SPAM_SMS_00679,Your loan is approved. Pay processing fee to receive funds.,59,spam
HAM_SMS_07189,Thank you for your message. I will check and reply soon.,56,ham
SPAM_SMS_00367,Win money instantly. Register today and claim your bonus.,57,spam
SPAM_SMS_01219,You won a shopping voucher. Claim it today.,43,spam
HAM_SMS_06212,Please call me when you are free.,33,ham
SPAM_SMS_01920,Recharge offer available. Get double benefits today.,52,spam
HAM_SMS_00156,Please find the details shared in the group.,44,ham
HAM_SMS_05686,I reached home safely.,22,ham
HAM_SMS_04438,The meeting has been shifted to 4 PM.,37,ham
HAM_SMS_05467,Reminder: submit your assignment before the deadline.,53,ham
SPAM_SMS_02418,Exclusive offer only for you. Click here to redeem.,51,spam
HAM_SMS_06157,The meeting has been shifted to 4 PM.,37,ham
HAM_SMS_03607,I reached home safely.,22,ham
HAM_SMS_07071,Please find the details shared in the group.,44,ham
HAM_SMS_00024,I reached home safely.,22,ham
HAM_SMS_01249,Please call me when you are free.,33,ham
SPAM_SMS_02355,Your loan is approved. Pay processing fee to receive funds.,59,spam
HAM_SMS_00103,Please find the details shared in the group.,44,ham
SPAM_SMS_02018,Free entry in a lucky draw. Text WIN to claim your reward.,58,spam
HAM_SMS_05176,Your order has been delivered successfully.,43,ham
SPAM_SMS_01455,Claim your free gift card now before it expires.,48,spam
HAM_SMS_07424,I reached home safely.,22,ham
HAM_SMS_02144,Please find the details shared in the group.,44,ham
SPAM_SMS_02013,Your mobile number has won a lottery prize.,43,spam
SPAM_SMS_01395,Suspicious login detected. Update your password immediately.,60,spam
SPAM_SMS_01062,Free entry in a lucky draw. Text WIN to claim your reward.,58,spam
HAM_SMS_06090,I reached home safely.,22,ham
HAM_SMS_01909,Thank you for your message. I will check and reply soon.,56,ham
SPAM_SMS_01322,Limited time offer. Get free coupons by clicking this link.,59,spam
HAM_SMS_05197,Your payment has been received successfully.,44,ham
HAM_SMS_05573,Your class schedule has been updated for tomorrow.,50,ham
SPAM_SMS_01712,Urgent! Your bank account will be blocked. Verify your details immediately.,75,spam
HAM_SMS_03649,"Hey, are we meeting today for the project discussion?",53,ham
SPAM_SMS_00669,Limited time offer. Get free coupons by clicking this link.,59,spam
HAM_SMS_01713,Please find the details shared in the group.,44,ham
HAM_SMS_06703,Your order has been delivered successfully.,43,ham
SPAM_SMS_01147,Your loan is approved. Pay processing fee to receive funds.,59,spam
HAM_SMS_05380,Your order has been delivered successfully.,43,ham
HAM_SMS_07492,Thank you for your message. I will check and reply soon.,56,ham
HAM_SMS_02029,Thank you for your message. I will check and reply soon.,56,ham
HAM_SMS_06581,Thank you for your message. I will check and reply soon.,56,ham
HAM_SMS_04935,Please call me when you are free.,33,ham
HAM_SMS_06839,Thank you for your message. I will check and reply soon.,56,ham
SPAM_SMS_01070,You are selected for a reward. Send your account details now.,61,spam
HAM_SMS_05890,Please find the details shared in the group.,44,ham
HAM_SMS_02477,The interview schedule will be shared soon.,43,ham
HAM_SMS_01960,Thank you for your message. I will check and reply soon.,56,ham
HAM_SMS_04152,Please confirm your availability for the session.,49,ham
HAM_SMS_03346,Your order has been delivered successfully.,43,ham
HAM_SMS_02480,Your order has been delivered successfully.,43,ham
HAM_SMS_02087,Can you send me the notes from today's lecture?,47,ham
HAM_SMS_00663,Please find the details shared in the group.,44,ham
SPAM_SMS_00211,Limited time offer. Get free coupons by clicking this link.,59,spam
HAM_SMS_04046,Please find the details shared in the group.,44,ham
SPAM_SMS_00272,You are selected for a reward. Send your account details now.,61,spam
HAM_SMS_03961,Can you send me the notes from today's lecture?,47,ham
SPAM_SMS_00478,You are selected for a reward. Send your account details now.,61,spam
HAM_SMS_05877,Thank you for your message. I will check and reply soon.,56,ham
SPAM_SMS_01488,Claim your free gift card now before it expires.,48,spam
HAM_SMS_02092,Your class schedule has been updated for tomorrow.,50,ham
HAM_SMS_01485,Can you send me the notes from today's lecture?,47,ham
HAM_SMS_06961,Please call me when you are free.,33,ham
HAM_SMS_01465,Please find the details shared in the group.,44,ham
HAM_SMS_01421,The interview schedule will be shared soon.,43,ham
HAM_SMS_02741,Let's discuss the presentation after lunch.,43,ham
HAM_SMS_01660,Please find the details shared in the group.,44,ham
HAM_SMS_05594,The meeting has been shifted to 4 PM.,37,ham
HAM_SMS_03507,The meeting has been shifted to 4 PM.,37,ham
SPAM_SMS_00568,Limited time offer. Get free coupons by clicking this link.,59,spam
SPAM_SMS_00546,Your mobile number has won a lottery prize.,43,spam
HAM_SMS_01233,Thank you for your message. I will check and reply soon.,56,ham
HAM_SMS_05798,The meeting has been shifted to 4 PM.,37,ham
HAM_SMS_02591,Please find the details shared in the group.,44,ham
HAM_SMS_04106,Your payment has been received successfully.,44,ham
HAM_SMS_01351,Your order has been delivered successfully.,43,ham
SPAM_SMS_00022,Final warning! Complete KYC verification now.,45,spam
HAM_SMS_06343,Your payment has been received successfully.,44,ham
HAM_SMS_03301,Can you send me the notes from today's lecture?,47,ham
HAM_SMS_06893,Your order has been delivered successfully.,43,ham
HAM_SMS_04849,The interview schedule will be shared soon.,43,ham
HAM_SMS_03205,Please call me when you are free.,33,ham
HAM_SMS_01947,"Hey, are we meeting today for the project discussion?",53,ham
HAM_SMS_01520,Your payment has been received successfully.,44,ham
HAM_SMS_06925,Please find the details shared in the group.,44,ham
HAM_SMS_03207,Let's discuss the presentation after lunch.,43,ham
HAM_SMS_00891,Let's discuss the presentation after lunch.,43,ham
HAM_SMS_01025,"Hey, are we meeting today for the project discussion?",53,ham
HAM_SMS_05775,Your class schedule has been updated for tomorrow.,50,ham
HAM_SMS_01844,The interview schedule will be shared soon.,43,ham
SPAM_SMS_00671,Suspicious login detected. Update your password immediately.,60,spam
HAM_SMS_03341,The interview schedule will be shared soon.,43,ham
HAM_SMS_01812,I reached home safely.,22,ham
HAM_SMS_06914,Please call me when you are free.,33,ham
HAM_SMS_00059,Please confirm your availability for the session.,49,ham
SPAM_SMS_00845,Claim your free gift card now before it expires.,48,spam
HAM_SMS_05287,Let's discuss the presentation after lunch.,43,ham
HAM_SMS_01757,Thank you for your message. I will check and reply soon.,56,ham
HAM_SMS_06747,Please find the details shared in the group.,44,ham
SPAM_SMS_01809,Exclusive offer only for you. Click here to redeem.,51,spam
HAM_SMS_03336,Please find the details shared in the group.,44,ham
HAM_SMS_03348,Please confirm your availability for the session.,49,ham
HAM_SMS_02736,Your order has been delivered successfully.,43,ham
HAM_SMS_02485,Please confirm your availability for the session.,49,ham
HAM_SMS_00733,Your order has been delivered successfully.,43,ham
HAM_SMS_07145,I reached home safely.,22,ham
SPAM_SMS_00026,Final warning! Complete KYC verification now.,45,spam
HAM_SMS_01353,The meeting has been shifted to 4 PM.,37,ham
SPAM_SMS_00244,Congratulations! You have won a cash prize. Click the link to claim now.,72,spam
SPAM_SMS_01393,Recharge offer available. Get double benefits today.,52,spam
HAM_SMS_03472,The meeting has been shifted to 4 PM.,37,ham
HAM_SMS_01986,The report is ready for review.,31,ham
HAM_SMS_03024,The report is ready for review.,31,ham
HAM_SMS_02413,The meeting has been shifted to 4 PM.,37,ham
SPAM_SMS_01224,Recharge offer available. Get double benefits today.,52,spam
HAM_SMS_02676,Your class schedule has been updated for tomorrow.,50,ham
HAM_SMS_01409,Can you send me the notes from today's lecture?,47,ham
SPAM_SMS_00042,You are selected for a reward. Send your account details now.,61,spam
SPAM_SMS_00145,Exclusive offer only for you. Click here to redeem.,51,spam
HAM_SMS_05158,Please find the details shared in the group.,44,ham
SPAM_SMS_00872,Earn money from home without investment. Join now.,50,spam
SPAM_SMS_02192,Limited time offer. Get free coupons by clicking this link.,59,spam
HAM_SMS_02270,Your class schedule has been updated for tomorrow.,50,ham
SPAM_SMS_01349,Final warning! Complete KYC verification now.,45,spam
HAM_SMS_05990,Please confirm your availability for the session.,49,ham
HAM_SMS_01130,Please confirm your availability for the session.,49,ham
SPAM_SMS_01283,Limited time offer. Get free coupons by clicking this link.,59,spam
HAM_SMS_00258,Reminder: submit your assignment before the deadline.,53,ham
HAM_SMS_04584,Can you send me the notes from today's lecture?,47,ham
SPAM_SMS_00468,Free entry in a lucky draw. Text WIN to claim your reward.,58,spam
SPAM_SMS_00668,You are selected for a reward. Send your account details now.,61,spam
HAM_SMS_06912,"Hey, are we meeting today for the project discussion?",53,ham
SPAM_SMS_02437,Claim your free gift card now before it expires.,48,spam
HAM_SMS_05787,The meeting has been shifted to 4 PM.,37,ham
HAM_SMS_01573,Please find the details shared in the group.,44,ham
HAM_SMS_03242,I reached home safely.,22,ham
HAM_SMS_07239,Reminder: submit your assignment before the deadline.,53,ham
HAM_SMS_05191,Please call me when you are free.,33,ham
HAM_SMS_04556,Please call me when you are free.,33,ham
HAM_SMS_06752,The meeting has been shifted to 4 PM.,37,ham
HAM_SMS_04098,Please call me when you are free.,33,ham
SPAM_SMS_00984,Urgent! Your bank account will be blocked. Verify your details immediately.,75,spam
HAM_SMS_06151,Your order has been delivered successfully.,43,ham
HAM_SMS_02695,"Hey, are we meeting today for the project discussion?",53,ham
SPAM_SMS_02200,Exclusive offer only for you. Click here to redeem.,51,spam
HAM_SMS_02700,Your payment has been received successfully.,44,ham
HAM_SMS_06534,Can you send me the notes from today's lecture?,47,ham
HAM_SMS_01749,Please find the details shared in the group.,44,ham
SPAM_SMS_01423,Earn money from home without investment. Join now.,50,spam
HAM_SMS_06334,Your order has been delivered successfully.,43,ham
HAM_SMS_05448,Your order has been delivered successfully.,43,ham
HAM_SMS_01036,Your payment has been received successfully.,44,ham
HAM_SMS_02096,Let's discuss the presentation after lunch.,43,ham
HAM_SMS_01611,I reached home safely.,22,ham
HAM_SMS_07182,"Hey, are we meeting today for the project discussion?",53,ham
HAM_SMS_04006,"Hey, are we meeting today for the project discussion?",53,ham
HAM_SMS_02132,The interview schedule will be shared soon.,43,ham
SPAM_SMS_02067,Claim your free gift card now before it expires.,48,spam
SPAM_SMS_01701,Final warning! Complete KYC verification now.,45,spam
SPAM_SMS_02003,Urgent! Your bank account will be blocked. Verify your details immediately.,75,spam
HAM_SMS_06742,Please find the details shared in the group.,44,ham
HAM_SMS_03008,Your class schedule has been updated for tomorrow.,50,ham
HAM_SMS_00885,Your payment has been received successfully.,44,ham
HAM_SMS_07119,Let's discuss the presentation after lunch.,43,ham
SPAM_SMS_00205,Win money instantly. Register today and claim your bonus.,57,spam
HAM_SMS_05208,Your order has been delivered successfully.,43,ham
SPAM_SMS_01108,Earn money from home without investment. Join now.,50,spam
HAM_SMS_04296,Please call me when you are free.,33,ham
SPAM_SMS_00885,Congratulations! You have won a cash prize. Click the link to claim now.,72,spam
HAM_SMS_00989,I reached home safely.,22,ham
HAM_SMS_01869,Can you send me the notes from today's lecture?,47,ham
SPAM_SMS_01993,Urgent! Your bank account will be blocked. Verify your details immediately.,75,spam
HAM_SMS_00975,Can you send me the notes from today's lecture?,47,ham
SPAM_SMS_01745,Earn money from home without investment. Join now.,50,spam
HAM_SMS_03929,Your class schedule has been updated for tomorrow.,50,ham
HAM_SMS_04778,Please call me when you are free.,33,ham
HAM_SMS_03529,Please find the details shared in the group.,44,ham
HAM_SMS_06766,Can you send me the notes from today's lecture?,47,ham
SPAM_SMS_02319,Win money instantly. Register today and claim your bonus.,57,spam
HAM_SMS_02133,Your payment has been received successfully.,44,ham
HAM_SMS_05346,I reached home safely.,22,ham
HAM_SMS_06198,Reminder: submit your assignment before the deadline.,53,ham
SPAM_SMS_00192,Recharge offer available. Get double benefits today.,52,spam
HAM_SMS_04275,Please confirm your availability for the session.,49,ham
SPAM_SMS_01359,Earn money from home without investment. Join now.,50,spam
SPAM_SMS_00233,Exclusive offer only for you. Click here to redeem.,51,spam
SPAM_SMS_02321,You won a shopping voucher. Claim it today.,43,spam
HAM_SMS_04618,Thank you for your message. I will check and reply soon.,56,ham
SPAM_SMS_02359,You won a shopping voucher. Claim it today.,43,spam
HAM_SMS_04043,Can you send me the notes from today's lecture?,47,ham
HAM_SMS_07036,Your payment has been received successfully.,44,ham
HAM_SMS_06801,The interview schedule will be shared soon.,43,ham
HAM_SMS_02596,I reached home safely.,22,ham
HAM_SMS_04696,Can you send me the notes from today's lecture?,47,ham
HAM_SMS_01132,Your payment has been received successfully.,44,ham
HAM_SMS_05782,The report is ready for review.,31,ham
HAM_SMS_06479,Let's discuss the presentation after lunch.,43,ham
SPAM_SMS_00903,Suspicious login detected. Update your password immediately.,60,spam
HAM_SMS_01642,Please find the details shared in the group.,44,ham
SPAM_SMS_02031,Urgent! Your bank account will be blocked. Verify your details immediately.,75,spam
HAM_SMS_00783,Your class schedule has been updated for tomorrow.,50,ham
SPAM_SMS_02290,Urgent! Your bank account will be blocked. Verify your details immediately.,75,spam
SPAM_SMS_00659,Claim your free gift card now before it expires.,48,spam
HAM_SMS_06543,Please confirm your availability for the session.,49,ham
SPAM_SMS_00930,Your loan is approved. Pay processing fee to receive funds.,59,spam
HAM_SMS_06531,Please confirm your availability for the session.,49,ham
SPAM_SMS_01850,Your mobile number has won a lottery prize.,43,spam
SPAM_SMS_01004,You won a shopping voucher. Claim it today.,43,spam
HAM_SMS_01369,Let's discuss the presentation after lunch.,43,ham
HAM_SMS_00770,Your payment has been received successfully.,44,ham
HAM_SMS_05893,The report is ready for review.,31,ham
HAM_SMS_04536,"Hey, are we meeting today for the project discussion?",53,ham
SPAM_SMS_01960,Final warning! Complete KYC verification now.,45,spam
HAM_SMS_00771,Your payment has been received successfully.,44,ham
HAM_SMS_01534,Your payment has been received successfully.,44,ham
SPAM_SMS_00556,Win money instantly. Register today and claim your bonus.,57,spam
SPAM_SMS_02325,You won a shopping voucher. Claim it today.,43,spam
HAM_SMS_01120,I reached home safely.,22,ham
HAM_SMS_03811,"Hey, are we meeting today for the project discussion?",53,ham
SPAM_SMS_01173,You are selected for a reward. Send your account details now.,61,spam
SPAM_SMS_00245,You are selected for a reward. Send your account details now.,61,spam
HAM_SMS_05669,Please confirm your availability for the session.,49,ham
HAM_SMS_06447,Your class schedule has been updated for tomorrow.,50,ham
HAM_SMS_01301,Thank you for your message. I will check and reply soon.,56,ham
SPAM_SMS_01576,Your mobile number has won a lottery prize.,43,spam
SPAM_SMS_00976,Claim your free gift card now before it expires.,48,spam
SPAM_SMS_01234,Exclusive offer only for you. Click here to redeem.,51,spam
HAM_SMS_05654,Your payment has been received successfully.,44,ham
HAM_SMS_03962,Please call me when you are free.,33,ham
HAM_SMS_03950,Your class schedule has been updated for tomorrow.,50,ham
HAM_SMS_04398,Thank you for your message. I will check and reply soon.,56,ham
HAM_SMS_07279,Can you send me the notes from today's lecture?,47,ham
HAM_SMS_01495,I reached home safely.,22,ham
HAM_SMS_06246,Can you send me the notes from today's lecture?,47,ham
HAM_SMS_02216,The interview schedule will be shared soon.,43,ham
HAM_SMS_05134,Your payment has been received successfully.,44,ham
HAM_SMS_01789,Your class schedule has been updated for tomorrow.,50,ham
SPAM_SMS_02094,Claim your free gift card now before it expires.,48,spam
HAM_SMS_05100,Your payment has been received successfully.,44,ham
HAM_SMS_07318,The meeting has been shifted to 4 PM.,37,ham
HAM_SMS_05714,Please call me when you are free.,33,ham
HAM_SMS_03212,Your order has been delivered successfully.,43,ham
HAM_SMS_05830,The interview schedule will be shared soon.,43,ham
HAM_SMS_05421,Please confirm your availability for the session.,49,ham
HAM_SMS_01923,Your class schedule has been updated for tomorrow.,50,ham
HAM_SMS_04851,"Hey, are we meeting today for the project discussion?",53,ham
SPAM_SMS_00267,Free entry in a lucky draw. Text WIN to claim your reward.,58,spam
SPAM_SMS_01866,You won a shopping voucher. Claim it today.,43,spam
HAM_SMS_03985,Your class schedule has been updated for tomorrow.,50,ham
HAM_SMS_06370,Please confirm your availability for the session.,49,ham
HAM_SMS_05750,Your payment has been received successfully.,44,ham
SPAM_SMS_00956,Exclusive offer only for you. Click here to redeem.,51,spam
SPAM_SMS_00284,Earn money from home without investment. Join now.,50,spam
HAM_SMS_00686,Thank you for your message. I will check and reply soon.,56,ham
HAM_SMS_06259,Thank you for your message. I will check and reply soon.,56,ham
SPAM_SMS_00325,Your mobile number has won a lottery prize.,43,spam
HAM_SMS_00939,"Hey, are we meeting today for the project discussion?",53,ham
HAM_SMS_00323,I reached home safely.,22,ham
SPAM_SMS_00571,Free entry in a lucky draw. Text WIN to claim your reward.,58,spam
HAM_SMS_01981,I reached home safely.,22,ham
HAM_SMS_05635,"Hey, are we meeting today for the project discussion?",53,ham
HAM_SMS_02932,Reminder: submit your assignment before the deadline.,53,ham
HAM_SMS_04890,I reached home safely.,22,ham
HAM_SMS_03033,I reached home safely.,22,ham
SPAM_SMS_01386,Win money instantly. Register today and claim your bonus.,57,spam
HAM_SMS_05962,Let's discuss the presentation after lunch.,43,ham
HAM_SMS_03769,Can you send me the notes from today's lecture?,47,ham
HAM_SMS_05363,Thank you for your message. I will check and reply soon.,56,ham
HAM_SMS_03045,Please find the details shared in the group.,44,ham
HAM_SMS_04586,The interview schedule will be shared soon.,43,ham
HAM_SMS_03719,The report is ready for review.,31,ham
HAM_SMS_06211,The interview schedule will be shared soon.,43,ham
HAM_SMS_04101,Your payment has been received successfully.,44,ham
HAM_SMS_07174,Let's discuss the presentation after lunch.,43,ham
SPAM_SMS_01591,Final warning! Complete KYC verification now.,45,spam
SPAM_SMS_01356,Win money instantly. Register today and claim your bonus.,57,spam
HAM_SMS_04544,Reminder: submit your assignment before the deadline.,53,ham
HAM_SMS_02648,Thank you for your message. I will check and reply soon.,56,ham
HAM_SMS_00440,Your payment has been received successfully.,44,ham
SPAM_SMS_00905,Free entry in a lucky draw. Text WIN to claim your reward.,58,spam
HAM_SMS_05216,I reached home safely.,22,ham
SPAM_SMS_00447,Urgent! Your bank account will be blocked. Verify your details immediately.,75,spam
SPAM_SMS_00383,Claim your free gift card now before it expires.,48,spam
HAM_SMS_07344,Please confirm your availability for the session.,49,ham
HAM_SMS_01318,Please find the details shared in the group.,44,ham
HAM_SMS_04118,Let's discuss the presentation after lunch.,43,ham
HAM_SMS_05568,Your payment has been received successfully.,44,ham
HAM_SMS_02899,Your class schedule has been updated for tomorrow.,50,ham
HAM_SMS_05214,Reminder: submit your assignment before the deadline.,53,ham
HAM_SMS_04009,Your class schedule has been updated for tomorrow.,50,ham
HAM_SMS_01175,The interview schedule will be shared soon.,43,ham
HAM_SMS_00525,The meeting has been shifted to 4 PM.,37,ham
HAM_SMS_07365,Your class schedule has been updated for tomorrow.,50,ham
HAM_SMS_03653,The report is ready for review.,31,ham
HAM_SMS_03294,Thank you for your message. I will check and reply soon.,56,ham
HAM_SMS_07035,The report is ready for review.,31,ham
HAM_SMS_03857,I reached home safely.,22,ham
SPAM_SMS_00053,Exclusive offer only for you. Click here to redeem.,51,spam
SPAM_SMS_01636,Free entry in a lucky draw. Text WIN to claim your reward.,58,spam
HAM_SMS_03156,Your class schedule has been updated for tomorrow.,50,ham
HAM_SMS_06026,"Hey, are we meeting today for the project discussion?",53,ham
SPAM_SMS_00850,Urgent! Your bank account will be blocked. Verify your details immediately.,75,spam
HAM_SMS_03399,Your payment has been received successfully.,44,ham
HAM_SMS_06717,The report is ready for review.,31,ham
HAM_SMS_05529,Let's discuss the presentation after lunch.,43,ham
SPAM_SMS_00009,Congratulations! You have won a cash prize. Click the link to claim now.,72,spam
SPAM_SMS_01218,You won a shopping voucher. Claim it today.,43,spam
HAM_SMS_03321,Please find the details shared in the group.,44,ham
HAM_SMS_00604,Please find the details shared in the group.,44,ham
HAM_SMS_02862,The report is ready for review.,31,ham
HAM_SMS_05300,Your order has been delivered successfully.,43,ham
HAM_SMS_00249,Thank you for your message. I will check and reply soon.,56,ham
HAM_SMS_04724,Let's discuss the presentation after lunch.,43,ham
HAM_SMS_06607,The interview schedule will be shared soon.,43,ham
SPAM_SMS_00954,Win money instantly. Register today and claim your bonus.,57,spam
SPAM_SMS_01703,Final warning! Complete KYC verification now.,45,spam
SPAM_SMS_00310,Earn money from home without investment. Join now.,50,spam
HAM_SMS_06480,Thank you for your message. I will check and reply soon.,56,ham
HAM_SMS_02836,Thank you for your message. I will check and reply soon.,56,ham
HAM_SMS_06578,Reminder: submit your assignment before the deadline.,53,ham
SPAM_SMS_02107,Your loan is approved. Pay processing fee to receive funds.,59,spam
SPAM_SMS_00289,Claim your free gift card now before it expires.,48,spam
HAM_SMS_06399,Your payment has been received successfully.,44,ham
HAM_SMS_00105,Reminder: submit your assignment before the deadline.,53,ham
HAM_SMS_03025,Your payment has been received successfully.,44,ham
HAM_SMS_01152,"Hey, are we meeting today for the project discussion?",53,ham
HAM_SMS_03190,Please confirm your availability for the session.,49,ham
SPAM_SMS_01869,Exclusive offer only for you. Click here to redeem.,51,spam
HAM_SMS_04699,Your order has been delivered successfully.,43,ham
HAM_SMS_02874,Your payment has been received successfully.,44,ham
HAM_SMS_02871,The interview schedule will be shared soon.,43,ham
HAM_SMS_03732,Reminder: submit your assignment before the deadline.,53,ham
HAM_SMS_00122,Please call me when you are free.,33,ham
HAM_SMS_04425,Please call me when you are free.,33,ham
HAM_SMS_00564,Reminder: submit your assignment before the deadline.,53,ham
HAM_SMS_06682,Let's discuss the presentation after lunch.,43,ham
HAM_SMS_00055,Reminder: submit your assignment before the deadline.,53,ham
HAM_SMS_05563,Your class schedule has been updated for tomorrow.,50,ham
SPAM_SMS_02099,Free entry in a lucky draw. Text WIN to claim your reward.,58,spam
HAM_SMS_04785,Reminder: submit your assignment before the deadline.,53,ham
HAM_SMS_03522,Please find the details shared in the group.,44,ham
HAM_SMS_07211,"Hey, are we meeting today for the project discussion?",53,ham
HAM_SMS_00953,I reached home safely.,22,ham
HAM_SMS_03569,I reached home safely.,22,ham
SPAM_SMS_01760,Limited time offer. Get free coupons by clicking this link.,59,spam
HAM_SMS_03433,Reminder: submit your assignment before the deadline.,53,ham
SPAM_SMS_01082,Suspicious login detected. Update your password immediately.,60,spam
SPAM_SMS_00348,Urgent! Your bank account will be blocked. Verify your details immediately.,75,spam
HAM_SMS_01367,Please find the details shared in the group.,44,ham
SPAM_SMS_00909,Urgent! Your bank account will be blocked. Verify your details immediately.,75,spam
HAM_SMS_03178,The interview schedule will be shared soon.,43,ham
HAM_SMS_06063,Your payment has been received successfully.,44,ham
HAM_SMS_05790,Please call me when you are free.,33,ham
SPAM_SMS_01740,Suspicious login detected. Update your password immediately.,60,spam
HAM_SMS_06915,The interview schedule will be shared soon.,43,ham
SPAM_SMS_01689,Exclusive offer only for you. Click here to redeem.,51,spam
HAM_SMS_06710,Let's discuss the presentation after lunch.,43,ham
SPAM_SMS_02173,Suspicious login detected. Update your password immediately.,60,spam
HAM_SMS_02389,Reminder: submit your assignment before the deadline.,53,ham
HAM_SMS_02355,Let's discuss the presentation after lunch.,43,ham
HAM_SMS_06169,Please call me when you are free.,33,ham
HAM_SMS_04063,Your payment has been received successfully.,44,ham
SPAM_SMS_01040,Earn money from home without investment. Join now.,50,spam
HAM_SMS_00820,Please confirm your availability for the session.,49,ham
SPAM_SMS_00857,Earn money from home without investment. Join now.,50,spam
HAM_SMS_03980,Your payment has been received successfully.,44,ham
HAM_SMS_02868,Can you send me the notes from today's lecture?,47,ham
HAM_SMS_00245,Your class schedule has been updated for tomorrow.,50,ham
HAM_SMS_04047,The meeting has been shifted to 4 PM.,37,ham
HAM_SMS_00090,The report is ready for review.,31,ham
HAM_SMS_02607,Please call me when you are free.,33,ham
HAM_SMS_01269,"Hey, are we meeting today for the project discussion?",53,ham
HAM_SMS_01492,Your class schedule has been updated for tomorrow.,50,ham
HAM_SMS_01883,Your class schedule has been updated for tomorrow.,50,ham
HAM_SMS_06651,Can you send me the notes from today's lecture?,47,ham
SPAM_SMS_00048,Suspicious login detected. Update your password immediately.,60,spam
SPAM_SMS_00260,Congratulations! You have won a cash prize. Click the link to claim now.,72,spam
SPAM_SMS_00919,Your loan is approved. Pay processing fee to receive funds.,59,spam
HAM_SMS_00515,Please call me when you are free.,33,ham
HAM_SMS_04760,The report is ready for review.,31,ham
HAM_SMS_06459,Please find the details shared in the group.,44,ham
HAM_SMS_04994,Please call me when you are free.,33,ham
HAM_SMS_00151,Please confirm your availability for the session.,49,ham
SPAM_SMS_01348,Limited time offer. Get free coupons by clicking this link.,59,spam
HAM_SMS_06546,Thank you for your message. I will check and reply soon.,56,ham
SPAM_SMS_00547,Final warning! Complete KYC verification now.,45,spam
HAM_SMS_05741,Can you send me the notes from today's lecture?,47,ham
HAM_SMS_04482,"Hey, are we meeting today for the project discussion?",53,ham
HAM_SMS_05425,Please confirm your availability for the session.,49,ham
SPAM_SMS_01489,Limited time offer. Get free coupons by clicking this link.,59,spam
HAM_SMS_04248,Let's discuss the presentation after lunch.,43,ham
HAM_SMS_06820,Please find the details shared in the group.,44,ham
HAM_SMS_02280,The meeting has been shifted to 4 PM.,37,ham
HAM_SMS_03410,Please find the details shared in the group.,44,ham
SPAM_SMS_00216,Congratulations! You have won a cash prize. Click the link to claim now.,72,spam
HAM_SMS_03850,The report is ready for review.,31,ham
HAM_SMS_05394,Please find the details shared in the group.,44,ham
HAM_SMS_02181,Let's discuss the presentation after lunch.,43,ham
HAM_SMS_06108,Can you send me the notes from today's lecture?,47,ham
SPAM_SMS_02346,Your loan is approved. Pay processing fee to receive funds.,59,spam
HAM_SMS_06335,Your class schedule has been updated for tomorrow.,50,ham
HAM_SMS_04964,I reached home safely.,22,ham
HAM_SMS_04377,Your payment has been received successfully.,44,ham
HAM_SMS_06684,Reminder: submit your assignment before the deadline.,53,ham
HAM_SMS_00075,The interview schedule will be shared soon.,43,ham
HAM_SMS_01878,Let's discuss the presentation after lunch.,43,ham
HAM_SMS_05736,The report is ready for review.,31,ham
SPAM_SMS_00874,Claim your free gift card now before it expires.,48,spam
HAM_SMS_05574,Thank you for your message. I will check and reply soon.,56,ham
SPAM_SMS_00544,Exclusive offer only for you. Click here to redeem.,51,spam
HAM_SMS_03181,Thank you for your message. I will check and reply soon.,56,ham
HAM_SMS_05664,"Hey, are we meeting today for the project discussion?",53,ham
SPAM_SMS_01856,Recharge offer available. Get double benefits today.,52,spam
HAM_SMS_05064,Please call me when you are free.,33,ham
SPAM_SMS_01969,Earn money from home without investment. Join now.,50,spam
HAM_SMS_05547,"Hey, are we meeting today for the project discussion?",53,ham
HAM_SMS_01184,The report is ready for review.,31,ham
HAM_SMS_05776,Can you send me the notes from today's lecture?,47,ham
HAM_SMS_05585,Your class schedule has been updated for tomorrow.,50,ham
HAM_SMS_02103,Reminder: submit your assignment before the deadline.,53,ham
HAM_SMS_05824,Let's discuss the presentation after lunch.,43,ham
HAM_SMS_05084,Reminder: submit your assignment before the deadline.,53,ham
SPAM_SMS_00332,You won a shopping voucher. Claim it today.,43,spam
HAM_SMS_07333,Your order has been delivered successfully.,43,ham
HAM_SMS_05588,Let's discuss the presentation after lunch.,43,ham
HAM_SMS_07224,Please find the details shared in the group.,44,ham
SPAM_SMS_00436,Free entry in a lucky draw. Text WIN to claim your reward.,58,spam
HAM_SMS_00967,The report is ready for review.,31,ham
HAM_SMS_00338,Your order has been delivered successfully.,43,ham
HAM_SMS_05366,Can you send me the notes from today's lecture?,47,ham
SPAM_SMS_02232,Earn money from home without investment. Join now.,50,spam
SPAM_SMS_00041,Recharge offer available. Get double benefits today.,52,spam
HAM_SMS_03342,I reached home safely.,22,ham
SPAM_SMS_01041,You won a shopping voucher. Claim it today.,43,spam
HAM_SMS_04901,"Hey, are we meeting today for the project discussion?",53,ham
SPAM_SMS_00324,Your mobile number has won a lottery prize.,43,spam
HAM_SMS_00193,Your payment has been received successfully.,44,ham
HAM_SMS_01235,The meeting has been shifted to 4 PM.,37,ham
SPAM_SMS_00887,You won a shopping voucher. Claim it today.,43,spam
HAM_SMS_04597,The report is ready for review.,31,ham
HAM_SMS_01162,"Hey, are we meeting today for the project discussion?",53,ham
HAM_SMS_02083,The interview schedule will be shared soon.,43,ham
HAM_SMS_04504,Reminder: submit your assignment before the deadline.,53,ham
HAM_SMS_02608,The report is ready for review.,31,ham
SPAM_SMS_01825,Claim your free gift card now before it expires.,48,spam
HAM_SMS_04944,Please call me when you are free.,33,ham
HAM_SMS_07254,The meeting has been shifted to 4 PM.,37,ham
HAM_SMS_07322,The meeting has been shifted to 4 PM.,37,ham
HAM_SMS_07192,"Hey, are we meeting today for the project discussion?",53,ham
SPAM_SMS_01365,Free entry in a lucky draw. Text WIN to claim your reward.,58,spam
HAM_SMS_01683,Please confirm your availability for the session.,49,ham
HAM_SMS_00664,I reached home safely.,22,ham
HAM_SMS_02790,Your payment has been received successfully.,44,ham
SPAM_SMS_01586,Claim your free gift card now before it expires.,48,spam
HAM_SMS_01463,Reminder: submit your assignment before the deadline.,53,ham
HAM_SMS_06999,The report is ready for review.,31,ham
HAM_SMS_06758,Please call me when you are free.,33,ham
SPAM_SMS_01168,Earn money from home without investment. Join now.,50,spam
HAM_SMS_07273,Let's discuss the presentation after lunch.,43,ham
HAM_SMS_01970,"Hey, are we meeting today for the project discussion?",53,ham
SPAM_SMS_00758,Recharge offer available. Get double benefits today.,52,spam
SPAM_SMS_00992,Final warning! Complete KYC verification now.,45,spam
HAM_SMS_01778,Reminder: submit your assignment before the deadline.,53,ham
HAM_SMS_06342,Please find the details shared in the group.,44,ham
HAM_SMS_02822,Please call me when you are free.,33,ham
HAM_SMS_00881,Let's discuss the presentation after lunch.,43,ham
HAM_SMS_00419,Let's discuss the presentation after lunch.,43,ham
HAM_SMS_04197,Please find the details shared in the group.,44,ham
HAM_SMS_05120,Your payment has been received successfully.,44,ham
HAM_SMS_01019,Can you send me the notes from today's lecture?,47,ham
SPAM_SMS_00482,You are selected for a reward. Send your account details now.,61,spam
HAM_SMS_00747,Thank you for your message. I will check and reply soon.,56,ham
HAM_SMS_01473,Let's discuss the presentation after lunch.,43,ham
SPAM_SMS_00030,Claim your free gift card now before it expires.,48,spam
SPAM_SMS_00092,Recharge offer available. Get double benefits today.,52,spam
HAM_SMS_05257,Reminder: submit your assignment before the deadline.,53,ham
HAM_SMS_02983,Thank you for your message. I will check and reply soon.,56,ham
HAM_SMS_04533,The meeting has been shifted to 4 PM.,37,ham
HAM_SMS_02680,I reached home safely.,22,ham
SPAM_SMS_00081,Final warning! Complete KYC verification now.,45,spam
HAM_SMS_05223,The meeting has been shifted to 4 PM.,37,ham
SPAM_SMS_01509,Win money instantly. Register today and claim your bonus.,57,spam
HAM_SMS_03250,Reminder: submit your assignment before the deadline.,53,ham
HAM_SMS_01315,Thank you for your message. I will check and reply soon.,56,ham
HAM_SMS_02296,Your order has been delivered successfully.,43,ham
HAM_SMS_06472,I reached home safely.,22,ham
HAM_SMS_00556,The interview schedule will be shared soon.,43,ham
HAM_SMS_04249,The meeting has been shifted to 4 PM.,37,ham
HAM_SMS_01278,I reached home safely.,22,ham
HAM_SMS_07057,Please call me when you are free.,33,ham
SPAM_SMS_00594,You won a shopping voucher. Claim it today.,43,spam
HAM_SMS_07352,Please find the details shared in the group.,44,ham
HAM_SMS_04025,"Hey, are we meeting today for the project discussion?",53,ham
SPAM_SMS_00279,Free entry in a lucky draw. Text WIN to claim your reward.,58,spam
HAM_SMS_04359,The interview schedule will be shared soon.,43,ham
HAM_SMS_00807,Let's discuss the presentation after lunch.,43,ham
SPAM_SMS_01126,Free entry in a lucky draw. Text WIN to claim your reward.,58,spam
HAM_SMS_07369,I reached home safely.,22,ham
HAM_SMS_07229,Thank you for your message. I will check and reply soon.,56,ham
HAM_SMS_04941,I reached home safely.,22,ham
HAM_SMS_06351,Your order has been delivered successfully.,43,ham
SPAM_SMS_00802,Congratulations! You have won a cash prize. Click the link to claim now.,72,spam
HAM_SMS_00230,The meeting has been shifted to 4 PM.,37,ham
HAM_SMS_07412,Can you send me the notes from today's lecture?,47,ham
SPAM_SMS_00566,Suspicious login detected. Update your password immediately.,60,spam
SPAM_SMS_00497,Final warning! Complete KYC verification now.,45,spam
HAM_SMS_01173,I reached home safely.,22,ham
HAM_SMS_00879,The meeting has been shifted to 4 PM.,37,ham
SPAM_SMS_01580,Final warning! Complete KYC verification now.,45,spam
HAM_SMS_00369,Thank you for your message. I will check and reply soon.,56,ham
HAM_SMS_00422,I reached home safely.,22,ham
SPAM_SMS_00851,Claim your free gift card now before it expires.,48,spam
HAM_SMS_00538,"Hey, are we meeting today for the project discussion?",53,ham
SPAM_SMS_00405,You won a shopping voucher. Claim it today.,43,spam
SPAM_SMS_02260,Claim your free gift card now before it expires.,48,spam
HAM_SMS_07167,Your class schedule has been updated for tomorrow.,50,ham
HAM_SMS_03699,I reached home safely.,22,ham
HAM_SMS_00168,Please call me when you are free.,33,ham
HAM_SMS_07058,Let's discuss the presentation after lunch.,43,ham
SPAM_SMS_00772,Urgent! Your bank account will be blocked. Verify your details immediately.,75,spam
HAM_SMS_01809,The report is ready for review.,31,ham
HAM_SMS_02682,The report is ready for review.,31,ham
HAM_SMS_01474,Please find the details shared in the group.,44,ham
HAM_SMS_07099,Please confirm your availability for the session.,49,ham
SPAM_SMS_02331,Urgent! Your bank account will be blocked. Verify your details immediately.,75,spam
HAM_SMS_06964,Thank you for your message. I will check and reply soon.,56,ham
HAM_SMS_02055,Thank you for your message. I will check and reply soon.,56,ham
HAM_SMS_01141,The report is ready for review.,31,ham
HAM_SMS_06488,The report is ready for review.,31,ham
HAM_SMS_00443,Your payment has been received successfully.,44,ham
HAM_SMS_05247,Your class schedule has been updated for tomorrow.,50,ham
SPAM_SMS_01744,You are selected for a reward. Send your account details now.,61,spam
SPAM_SMS_01311,You won a shopping voucher. Claim it today.,43,spam
HAM_SMS_03717,Please confirm your availability for the session.,49,ham
HAM_SMS_05433,The meeting has been shifted to 4 PM.,37,ham
HAM_SMS_00828,Can you send me the notes from today's lecture?,47,ham
SPAM_SMS_01396,Suspicious login detected. Update your password immediately.,60,spam
HAM_SMS_04403,The meeting has been shifted to 4 PM.,37,ham
SPAM_SMS_01630,Claim your free gift card now before it expires.,48,spam
HAM_SMS_04396,"Hey, are we meeting today for the project discussion?",53,ham
HAM_SMS_02847,Your payment has been received successfully.,44,ham
HAM_SMS_04572,The meeting has been shifted to 4 PM.,37,ham
SPAM_SMS_00787,Your mobile number has won a lottery prize.,43,spam
HAM_SMS_02401,The interview schedule will be shared soon.,43,ham
HAM_SMS_05878,Your order has been delivered successfully.,43,ham
HAM_SMS_05867,Thank you for your message. I will check and reply soon.,56,ham
HAM_SMS_04108,Your class schedule has been updated for tomorrow.,50,ham
HAM_SMS_00160,Please confirm your availability for the session.,49,ham
HAM_SMS_06057,Your class schedule has been updated for tomorrow.,50,ham
SPAM_SMS_01333,Suspicious login detected. Update your password immediately.,60,spam
HAM_SMS_01155,Your order has been delivered successfully.,43,ham
HAM_SMS_07177,Please confirm your availability for the session.,49,ham
HAM_SMS_00584,The interview schedule will be shared soon.,43,ham
SPAM_SMS_00473,Recharge offer available. Get double benefits today.,52,spam
SPAM_SMS_00762,Free entry in a lucky draw. Text WIN to claim your reward.,58,spam
HAM_SMS_02557,Your class schedule has been updated for tomorrow.,50,ham
HAM_SMS_03755,"Hey, are we meeting today for the project discussion?",53,ham
HAM_SMS_02905,The interview schedule will be shared soon.,43,ham
SPAM_SMS_01857,Congratulations! You have won a cash prize. Click the link to claim now.,72,spam
HAM_SMS_00372,Can you send me the notes from today's lecture?,47,ham
HAM_SMS_04763,Your class schedule has been updated for tomorrow.,50,ham
HAM_SMS_04223,"Hey, are we meeting today for the project discussion?",53,ham
HAM_SMS_03273,Let's discuss the presentation after lunch.,43,ham
HAM_SMS_06226,The interview schedule will be shared soon.,43,ham
HAM_SMS_07314,The report is ready for review.,31,ham
SPAM_SMS_01389,Limited time offer. Get free coupons by clicking this link.,59,spam
HAM_SMS_06007,Let's discuss the presentation after lunch.,43,ham
HAM_SMS_00205,Your order has been delivered successfully.,43,ham
HAM_SMS_00872,Reminder: submit your assignment before the deadline.,53,ham
SPAM_SMS_00610,Suspicious login detected. Update your password immediately.,60,spam
HAM_SMS_01208,Reminder: submit your assignment before the deadline.,53,ham
SPAM_SMS_02253,Your mobile number has won a lottery prize.,43,spam
HAM_SMS_06568,The report is ready for review.,31,ham
HAM_SMS_02333,"Hey, are we meeting today for the project discussion?",53,ham
HAM_SMS_04542,Reminder: submit your assignment before the deadline.,53,ham
HAM_SMS_06341,Please confirm your availability for the session.,49,ham
SPAM_SMS_01065,Exclusive offer only for you. Click here to redeem.,51,spam
HAM_SMS_03003,Thank you for your message. I will check and reply soon.,56,ham
HAM_SMS_03264,"Hey, are we meeting today for the project discussion?",53,ham
HAM_SMS_05033,Please confirm your availability for the session.,49,ham
SPAM_SMS_01730,Win money instantly. Register today and claim your bonus.,57,spam
HAM_SMS_01840,I reached home safely.,22,ham
SPAM_SMS_02377,Exclusive offer only for you. Click here to redeem.,51,spam
HAM_SMS_01910,Can you send me the notes from today's lecture?,47,ham
HAM_SMS_01295,Please confirm your availability for the session.,49,ham
HAM_SMS_04092,"Hey, are we meeting today for the project discussion?",53,ham
HAM_SMS_04537,Reminder: submit your assignment before the deadline.,53,ham
SPAM_SMS_01846,You are selected for a reward. Send your account details now.,61,spam
HAM_SMS_01345,Your order has been delivered successfully.,43,ham
HAM_SMS_02986,The meeting has been shifted to 4 PM.,37,ham
HAM_SMS_04439,Please confirm your availability for the session.,49,ham
HAM_SMS_04870,Reminder: submit your assignment before the deadline.,53,ham
HAM_SMS_00888,The interview schedule will be shared soon.,43,ham
SPAM_SMS_00188,Win money instantly. Register today and claim your bonus.,57,spam
SPAM_SMS_00628,Limited time offer. Get free coupons by clicking this link.,59,spam
HAM_SMS_01601,Please find the details shared in the group.,44,ham
HAM_SMS_01368,The report is ready for review.,31,ham
SPAM_SMS_01882,Suspicious login detected. Update your password immediately.,60,spam
SPAM_SMS_02471,Earn money from home without investment. Join now.,50,spam
HAM_SMS_05985,Can you send me the notes from today's lecture?,47,ham
SPAM_SMS_01144,Your mobile number has won a lottery prize.,43,spam
HAM_SMS_01622,The meeting has been shifted to 4 PM.,37,ham
SPAM_SMS_00366,You won a shopping voucher. Claim it today.,43,spam
HAM_SMS_00016,Thank you for your message. I will check and reply soon.,56,ham
HAM_SMS_05614,Can you send me the notes from today's lecture?,47,ham
HAM_SMS_03992,Please confirm your availability for the session.,49,ham
HAM_SMS_05582,Let's discuss the presentation after lunch.,43,ham
HAM_SMS_00491,I reached home safely.,22,ham
SPAM_SMS_00838,Your loan is approved. Pay processing fee to receive funds.,59,spam
SPAM_SMS_00854,Free entry in a lucky draw. Text WIN to claim your reward.,58,spam
HAM_SMS_05593,Your class schedule has been updated for tomorrow.,50,ham
HAM_SMS_01189,The report is ready for review.,31,ham
HAM_SMS_06924,Let's discuss the presentation after lunch.,43,ham
SPAM_SMS_01912,Recharge offer available. Get double benefits today.,52,spam
HAM_SMS_06827,Can you send me the notes from today's lecture?,47,ham
HAM_SMS_07222,The interview schedule will be shared soon.,43,ham
HAM_SMS_00067,Let's discuss the presentation after lunch.,43,ham
HAM_SMS_01252,Can you send me the notes from today's lecture?,47,ham
HAM_SMS_00266,Your order has been delivered successfully.,43,ham
SPAM_SMS_02119,Your mobile number has won a lottery prize.,43,spam
HAM_SMS_04086,The report is ready for review.,31,ham
SPAM_SMS_00481,Final warning! Complete KYC verification now.,45,spam
HAM_SMS_00496,Reminder: submit your assignment before the deadline.,53,ham
SPAM_SMS_00941,Limited time offer. Get free coupons by clicking this link.,59,spam
HAM_SMS_00293,Please call me when you are free.,33,ham
HAM_SMS_00475,Your class schedule has been updated for tomorrow.,50,ham
SPAM_SMS_00413,Exclusive offer only for you. Click here to redeem.,51,spam
HAM_SMS_05784,Your class schedule has been updated for tomorrow.,50,ham
HAM_SMS_02450,The interview schedule will be shared soon.,43,ham
HAM_SMS_00522,Please call me when you are free.,33,ham
HAM_SMS_03856,I reached home safely.,22,ham
HAM_SMS_00335,The meeting has been shifted to 4 PM.,37,ham
HAM_SMS_04573,Please confirm your availability for the session.,49,ham
HAM_SMS_03469,Your order has been delivered successfully.,43,ham
HAM_SMS_01297,Thank you for your message. I will check and reply soon.,56,ham
HAM_SMS_05862,I reached home safely.,22,ham
HAM_SMS_05808,Your class schedule has been updated for tomorrow.,50,ham
HAM_SMS_07258,Let's discuss the presentation after lunch.,43,ham
HAM_SMS_02399,I reached home safely.,22,ham
HAM_SMS_07121,I reached home safely.,22,ham
HAM_SMS_03883,The meeting has been shifted to 4 PM.,37,ham
HAM_SMS_07238,The report is ready for review.,31,ham
SPAM_SMS_02362,Urgent! Your bank account will be blocked. Verify your details immediately.,75,spam
HAM_SMS_02123,Please find the details shared in the group.,44,ham
HAM_SMS_04085,Please confirm your availability for the session.,49,ham
HAM_SMS_06273,The report is ready for review.,31,ham
HAM_SMS_05249,"Hey, are we meeting today for the project discussion?",53,ham
SPAM_SMS_02269,You are selected for a reward. Send your account details now.,61,spam
HAM_SMS_05443,Thank you for your message. I will check and reply soon.,56,ham
HAM_SMS_05454,Let's discuss the presentation after lunch.,43,ham
HAM_SMS_05377,Your order has been delivered successfully.,43,ham
SPAM_SMS_01164,Your mobile number has won a lottery prize.,43,spam
HAM_SMS_05186,Let's discuss the presentation after lunch.,43,ham
HAM_SMS_00191,"Hey, are we meeting today for the project discussion?",53,ham
HAM_SMS_01490,Please find the details shared in the group.,44,ham
HAM_SMS_02911,The interview schedule will be shared soon.,43,ham
HAM_SMS_05145,Reminder: submit your assignment before the deadline.,53,ham
HAM_SMS_05761,The meeting has been shifted to 4 PM.,37,ham
HAM_SMS_05310,Your payment has been received successfully.,44,ham
HAM_SMS_06439,Your class schedule has been updated for tomorrow.,50,ham
HAM_SMS_00458,Let's discuss the presentation after lunch.,43,ham
HAM_SMS_05571,The report is ready for review.,31,ham
HAM_SMS_02976,Thank you for your message. I will check and reply soon.,56,ham
HAM_SMS_07154,Your order has been delivered successfully.,43,ham
HAM_SMS_01799,"Hey, are we meeting today for the project discussion?",53,ham
HAM_SMS_06361,Can you send me the notes from today's lecture?,47,ham
HAM_SMS_04923,I reached home safely.,22,ham
HAM_SMS_06696,The report is ready for review.,31,ham
HAM_SMS_04440,The meeting has been shifted to 4 PM.,37,ham
HAM_SMS_07396,Your order has been delivered successfully.,43,ham
SPAM_SMS_02220,Your mobile number has won a lottery prize.,43,spam
HAM_SMS_06197,Please find the details shared in the group.,44,ham
SPAM_SMS_01610,Your mobile number has won a lottery prize.,43,spam
HAM_SMS_07411,Thank you for your message. I will check and reply soon.,56,ham
HAM_SMS_01150,The meeting has been shifted to 4 PM.,37,ham
HAM_SMS_00855,The interview schedule will be shared soon.,43,ham
HAM_SMS_07044,Please call me when you are free.,33,ham
HAM_SMS_02198,I reached home safely.,22,ham
SPAM_SMS_01216,Final warning! Complete KYC verification now.,45,spam
SPAM_SMS_00664,Recharge offer available. Get double benefits today.,52,spam
HAM_SMS_04641,The interview schedule will be shared soon.,43,ham
SPAM_SMS_00302,Earn money from home without investment. Join now.,50,spam
HAM_SMS_00767,Reminder: submit your assignment before the deadline.,53,ham
SPAM_SMS_00890,Your mobile number has won a lottery prize.,43,spam
HAM_SMS_00427,The interview schedule will be shared soon.,43,ham
HAM_SMS_00977,The report is ready for review.,31,ham
HAM_SMS_00077,The report is ready for review.,31,ham
HAM_SMS_05777,Please find the details shared in the group.,44,ham
HAM_SMS_04113,Reminder: submit your assignment before the deadline.,53,ham
HAM_SMS_02787,The meeting has been shifted to 4 PM.,37,ham
HAM_SMS_06723,The meeting has been shifted to 4 PM.,37,ham
HAM_SMS_07332,The meeting has been shifted to 4 PM.,37,ham
HAM_SMS_02223,Your order has been delivered successfully.,43,ham
SPAM_SMS_00460,Your mobile number has won a lottery prize.,43,spam
HAM_SMS_06247,The interview schedule will be shared soon.,43,ham
SPAM_SMS_00940,Your mobile number has won a lottery prize.,43,spam
HAM_SMS_07491,The meeting has been shifted to 4 PM.,37,ham
SPAM_SMS_02046,Final warning! Complete KYC verification now.,45,spam
SPAM_SMS_02152,Exclusive offer only for you. Click here to redeem.,51,spam
HAM_SMS_01103,"Hey, are we meeting today for the project discussion?",53,ham
HAM_SMS_06249,Please confirm your availability for the session.,49,ham
SPAM_SMS_01880,Exclusive offer only for you. Click here to redeem.,51,spam
SPAM_SMS_00918,You won a shopping voucher. Claim it today.,43,spam
SPAM_SMS_00443,Claim your free gift card now before it expires.,48,spam
HAM_SMS_06250,Please confirm your availability for the session.,49,ham
SPAM_SMS_00104,Suspicious login detected. Update your password immediately.,60,spam
SPAM_SMS_00750,Congratulations! You have won a cash prize. Click the link to claim now.,72,spam
HAM_SMS_00645,Please confirm your availability for the session.,49,ham
HAM_SMS_06880,Thank you for your message. I will check and reply soon.,56,ham
SPAM_SMS_00215,Exclusive offer only for you. Click here to redeem.,51,spam
HAM_SMS_00011,"Hey, are we meeting today for the project discussion?",53,ham
HAM_SMS_04583,The interview schedule will be shared soon.,43,ham
HAM_SMS_02984,Let's discuss the presentation after lunch.,43,ham
SPAM_SMS_02411,Earn money from home without investment. Join now.,50,spam
HAM_SMS_03009,Your class schedule has been updated for tomorrow.,50,ham
SPAM_SMS_00935,Free entry in a lucky draw. Text WIN to claim your reward.,58,spam
HAM_SMS_04876,Let's discuss the presentation after lunch.,43,ham
SPAM_SMS_00624,Urgent! Your bank account will be blocked. Verify your details immediately.,75,spam
HAM_SMS_01447,The meeting has been shifted to 4 PM.,37,ham
SPAM_SMS_02012,Limited time offer. Get free coupons by clicking this link.,59,spam
HAM_SMS_00033,Let's discuss the presentation after lunch.,43,ham
HAM_SMS_00498,Your order has been delivered successfully.,43,ham
SPAM_SMS_02372,Earn money from home without investment. Join now.,50,spam
HAM_SMS_00254,I reached home safely.,22,ham
HAM_SMS_00985,Reminder: submit your assignment before the deadline.,53,ham
HAM_SMS_04753,Reminder: submit your assignment before the deadline.,53,ham
HAM_SMS_05260,The interview schedule will be shared soon.,43,ham
HAM_SMS_00359,Please find the details shared in the group.,44,ham
SPAM_SMS_00981,Claim your free gift card now before it expires.,48,spam
HAM_SMS_03191,Can you send me the notes from today's lecture?,47,ham
HAM_SMS_04806,I reached home safely.,22,ham
HAM_SMS_01580,Thank you for your message. I will check and reply soon.,56,ham
HAM_SMS_05541,Please call me when you are free.,33,ham
HAM_SMS_04898,The interview schedule will be shared soon.,43,ham
HAM_SMS_06815,Your order has been delivered successfully.,43,ham
SPAM_SMS_01211,Congratulations! You have won a cash prize. Click the link to claim now.,72,spam
HAM_SMS_04549,"Hey, are we meeting today for the project discussion?",53,ham
SPAM_SMS_01563,Claim your free gift card now before it expires.,48,spam
HAM_SMS_05779,Your payment has been received successfully.,44,ham
HAM_SMS_04277,The meeting has been shifted to 4 PM.,37,ham
HAM_SMS_00904,Can you send me the notes from today's lecture?,47,ham
HAM_SMS_02641,Please confirm your availability for the session.,49,ham
HAM_SMS_00705,"Hey, are we meeting today for the project discussion?",53,ham
HAM_SMS_01013,The report is ready for review.,31,ham
SPAM_SMS_01942,Claim your free gift card now before it expires.,48,spam
HAM_SMS_01051,Please confirm your availability for the session.,49,ham
HAM_SMS_04251,The meeting has been shifted to 4 PM.,37,ham
HAM_SMS_00926,I reached home safely.,22,ham
HAM_SMS_00941,The interview schedule will be shared soon.,43,ham
HAM_SMS_05327,Please find the details shared in the group.,44,ham
HAM_SMS_06010,Let's discuss the presentation after lunch.,43,ham
HAM_SMS_05324,Let's discuss the presentation after lunch.,43,ham
HAM_SMS_05333,Please call me when you are free.,33,ham
HAM_SMS_02969,"Hey, are we meeting today for the project discussion?",53,ham
HAM_SMS_00045,Your class schedule has been updated for tomorrow.,50,ham
HAM_SMS_07005,Your payment has been received successfully.,44,ham
HAM_SMS_06286,Your payment has been received successfully.,44,ham
SPAM_SMS_01355,Suspicious login detected. Update your password immediately.,60,spam
HAM_SMS_00187,"Hey, are we meeting today for the project discussion?",53,ham
HAM_SMS_04646,The report is ready for review.,31,ham
HAM_SMS_02203,Your class schedule has been updated for tomorrow.,50,ham
HAM_SMS_05460,Your order has been delivered successfully.,43,ham
HAM_SMS_01437,"Hey, are we meeting today for the project discussion?",53,ham
HAM_SMS_05283,Please find the details shared in the group.,44,ham
HAM_SMS_06024,Please confirm your availability for the session.,49,ham
HAM_SMS_01380,I reached home safely.,22,ham
SPAM_SMS_00742,Congratulations! You have won a cash prize. Click the link to claim now.,72,spam
HAM_SMS_03081,Please find the details shared in the group.,44,ham
SPAM_SMS_00559,Your loan is approved. Pay processing fee to receive funds.,59,spam
SPAM_SMS_00390,Congratulations! You have won a cash prize. Click the link to claim now.,72,spam
HAM_SMS_00318,Your class schedule has been updated for tomorrow.,50,ham
HAM_SMS_01552,Your class schedule has been updated for tomorrow.,50,ham
SPAM_SMS_01267,Win money instantly. Register today and claim your bonus.,57,spam
SPAM_SMS_01442,Suspicious login detected. Update your password immediately.,60,spam
HAM_SMS_03829,Your class schedule has been updated for tomorrow.,50,ham
HAM_SMS_05426,Thank you for your message. I will check and reply soon.,56,ham
HAM_SMS_02205,Can you send me the notes from today's lecture?,47,ham
SPAM_SMS_01654,Congratulations! You have won a cash prize. Click the link to claim now.,72,spam
HAM_SMS_01638,"Hey, are we meeting today for the project discussion?",53,ham
HAM_SMS_01504,I reached home safely.,22,ham
HAM_SMS_04659,Your order has been delivered successfully.,43,ham
HAM_SMS_04874,Thank you for your message. I will check and reply soon.,56,ham
HAM_SMS_00892,Your payment has been received successfully.,44,ham
SPAM_SMS_01713,Win money instantly. Register today and claim your bonus.,57,spam
HAM_SMS_03101,The meeting has been shifted to 4 PM.,37,ham
HAM_SMS_05143,I reached home safely.,22,ham
HAM_SMS_06301,Please call me when you are free.,33,ham
SPAM_SMS_01419,Earn money from home without investment. Join now.,50,spam
HAM_SMS_04206,Your payment has been received successfully.,44,ham
SPAM_SMS_01774,Earn money from home without investment. Join now.,50,spam
HAM_SMS_00531,Your class schedule has been updated for tomorrow.,50,ham
HAM_SMS_04412,I reached home safely.,22,ham
HAM_SMS_04139,Reminder: submit your assignment before the deadline.,53,ham
SPAM_SMS_00195,Congratulations! You have won a cash prize. Click the link to claim now.,72,spam
HAM_SMS_04405,I reached home safely.,22,ham
SPAM_SMS_01291,Congratulations! You have won a cash prize. Click the link to claim now.,72,spam
HAM_SMS_06644,The meeting has been shifted to 4 PM.,37,ham
SPAM_SMS_00804,Free entry in a lucky draw. Text WIN to claim your reward.,58,spam
SPAM_SMS_02480,Your loan is approved. Pay processing fee to receive funds.,59,spam
HAM_SMS_06708,Your class schedule has been updated for tomorrow.,50,ham
HAM_SMS_00383,Your order has been delivered successfully.,43,ham
SPAM_SMS_01670,You won a shopping voucher. Claim it today.,43,spam
SPAM_SMS_02438,Recharge offer available. Get double benefits today.,52,spam
HAM_SMS_03803,Please call me when you are free.,33,ham
HAM_SMS_00810,Please confirm your availability for the session.,49,ham
HAM_SMS_06792,Please call me when you are free.,33,ham
HAM_SMS_01177,Please find the details shared in the group.,44,ham
HAM_SMS_01405,Your class schedule has been updated for tomorrow.,50,ham
HAM_SMS_06545,Your order has been delivered successfully.,43,ham
HAM_SMS_07350,Your payment has been received successfully.,44,ham
HAM_SMS_05401,"Hey, are we meeting today for the project discussion?",53,ham
HAM_SMS_06646,Please find the details shared in the group.,44,ham
HAM_SMS_03056,Please find the details shared in the group.,44,ham
HAM_SMS_02785,Let's discuss the presentation after lunch.,43,ham
SPAM_SMS_02373,Free entry in a lucky draw. Text WIN to claim your reward.,58,spam
HAM_SMS_07196,Please confirm your availability for the session.,49,ham
HAM_SMS_00492,The interview schedule will be shared soon.,43,ham
HAM_SMS_01797,Please find the details shared in the group.,44,ham
SPAM_SMS_00377,Final warning! Complete KYC verification now.,45,spam
HAM_SMS_04826,Thank you for your message. I will check and reply soon.,56,ham
HAM_SMS_05870,The interview schedule will be shared soon.,43,ham
HAM_SMS_05301,"Hey, are we meeting today for the project discussion?",53,ham
HAM_SMS_06761,The report is ready for review.,31,ham
HAM_SMS_00129,Can you send me the notes from today's lecture?,47,ham
SPAM_SMS_01674,Exclusive offer only for you. Click here to redeem.,51,spam
HAM_SMS_02548,"Hey, are we meeting today for the project discussion?",53,ham
HAM_SMS_03620,Please confirm your availability for the session.,49,ham
HAM_SMS_02846,Please find the details shared in the group.,44,ham
SPAM_SMS_01587,Your mobile number has won a lottery prize.,43,spam
SPAM_SMS_02304,Free entry in a lucky draw. Text WIN to claim your reward.,58,spam
HAM_SMS_04373,The interview schedule will be shared soon.,43,ham
SPAM_SMS_01075,Congratulations! You have won a cash prize. Click the link to claim now.,72,spam
HAM_SMS_05151,Please call me when you are free.,33,ham
HAM_SMS_05488,Your class schedule has been updated for tomorrow.,50,ham
SPAM_SMS_00967,Earn money from home without investment. Join now.,50,spam
HAM_SMS_00979,The report is ready for review.,31,ham
HAM_SMS_04084,Thank you for your message. I will check and reply soon.,56,ham
HAM_SMS_06166,Your payment has been received successfully.,44,ham
HAM_SMS_04579,Your class schedule has been updated for tomorrow.,50,ham
HAM_SMS_02500,I reached home safely.,22,ham
SPAM_SMS_01924,Urgent! Your bank account will be blocked. Verify your details immediately.,75,spam
SPAM_SMS_02108,Exclusive offer only for you. Click here to redeem.,51,spam
HAM_SMS_03753,Your order has been delivered successfully.,43,ham
SPAM_SMS_00938,Congratulations! You have won a cash prize. Click the link to claim now.,72,spam
HAM_SMS_02796,Your class schedule has been updated for tomorrow.,50,ham
HAM_SMS_04885,Please find the details shared in the group.,44,ham
HAM_SMS_00971,The report is ready for review.,31,ham
HAM_SMS_04819,Please call me when you are free.,33,ham
HAM_SMS_06906,Your payment has been received successfully.,44,ham
HAM_SMS_01779,Your order has been delivered successfully.,43,ham
HAM_SMS_07172,Can you send me the notes from today's lecture?,47,ham
HAM_SMS_01826,The report is ready for review.,31,ham
HAM_SMS_04432,Your order has been delivered successfully.,43,ham
HAM_SMS_03647,Please find the details shared in the group.,44,ham
HAM_SMS_05521,The interview schedule will be shared soon.,43,ham
HAM_SMS_00392,Reminder: submit your assignment before the deadline.,53,ham
HAM_SMS_00507,Let's discuss the presentation after lunch.,43,ham
HAM_SMS_00792,Please call me when you are free.,33,ham
HAM_SMS_00299,The interview schedule will be shared soon.,43,ham
HAM_SMS_05296,The meeting has been shifted to 4 PM.,37,ham
HAM_SMS_00326,"Hey, are we meeting today for the project discussion?",53,ham
HAM_SMS_05273,Please find the details shared in the group.,44,ham
HAM_SMS_03640,Your order has been delivered successfully.,43,ham
SPAM_SMS_02367,Exclusive offer only for you. Click here to redeem.,51,spam
HAM_SMS_05029,"Hey, are we meeting today for the project discussion?",53,ham
HAM_SMS_03206,Please confirm your availability for the session.,49,ham
HAM_SMS_03582,The report is ready for review.,31,ham
HAM_SMS_03642,The report is ready for review.,31,ham
SPAM_SMS_02146,Limited time offer. Get free coupons by clicking this link.,59,spam
SPAM_SMS_00778,You are selected for a reward. Send your account details now.,61,spam
HAM_SMS_01950,Let's discuss the presentation after lunch.,43,ham
HAM_SMS_01209,The report is ready for review.,31,ham
HAM_SMS_02261,The meeting has been shifted to 4 PM.,37,ham
SPAM_SMS_01533,You are selected for a reward. Send your account details now.,61,spam
SPAM_SMS_01102,Recharge offer available. Get double benefits today.,52,spam
HAM_SMS_05907,Reminder: submit your assignment before the deadline.,53,ham
HAM_SMS_01850,Thank you for your message. I will check and reply soon.,56,ham
HAM_SMS_02691,The interview schedule will be shared soon.,43,ham
HAM_SMS_06603,Please call me when you are free.,33,ham
SPAM_SMS_01286,Earn money from home without investment. Join now.,50,spam
HAM_SMS_00268,Your payment has been received successfully.,44,ham
SPAM_SMS_02320,You are selected for a reward. Send your account details now.,61,spam
HAM_SMS_03714,Reminder: submit your assignment before the deadline.,53,ham
SPAM_SMS_01907,Limited time offer. Get free coupons by clicking this link.,59,spam
HAM_SMS_05463,Please confirm your availability for the session.,49,ham
HAM_SMS_07468,Please find the details shared in the group.,44,ham
HAM_SMS_00368,Please find the details shared in the group.,44,ham
HAM_SMS_02109,Please find the details shared in the group.,44,ham
SPAM_SMS_02334,Your mobile number has won a lottery prize.,43,spam
HAM_SMS_02661,Your class schedule has been updated for tomorrow.,50,ham
SPAM_SMS_01231,Limited time offer. Get free coupons by clicking this link.,59,spam
HAM_SMS_05162,Please call me when you are free.,33,ham
SPAM_SMS_01733,You are selected for a reward. Send your account details now.,61,spam
HAM_SMS_03286,The meeting has been shifted to 4 PM.,37,ham
HAM_SMS_01587,I reached home safely.,22,ham
HAM_SMS_02890,Thank you for your message. I will check and reply soon.,56,ham
HAM_SMS_02970,"Hey, are we meeting today for the project discussion?",53,ham
HAM_SMS_05259,Please find the details shared in the group.,44,ham
HAM_SMS_06190,Please find the details shared in the group.,44,ham
HAM_SMS_05616,The meeting has been shifted to 4 PM.,37,ham
HAM_SMS_05072,Please find the details shared in the group.,44,ham
HAM_SMS_06037,I reached home safely.,22,ham
HAM_SMS_02852,Thank you for your message. I will check and reply soon.,56,ham
SPAM_SMS_00305,Exclusive offer only for you. Click here to redeem.,51,spam
HAM_SMS_01933,Let's discuss the presentation after lunch.,43,ham
HAM_SMS_01194,Your order has been delivered successfully.,43,ham
HAM_SMS_05508,Let's discuss the presentation after lunch.,43,ham
HAM_SMS_01954,The meeting has been shifted to 4 PM.,37,ham
HAM_SMS_02145,The report is ready for review.,31,ham
HAM_SMS_04598,Please find the details shared in the group.,44,ham
HAM_SMS_06267,Please confirm your availability for the session.,49,ham
HAM_SMS_03724,"Hey, are we meeting today for the project discussion?",53,ham
HAM_SMS_07052,Thank you for your message. I will check and reply soon.,56,ham
HAM_SMS_00397,Your order has been delivered successfully.,43,ham
HAM_SMS_03585,Your payment has been received successfully.,44,ham
SPAM_SMS_00034,You are selected for a reward. Send your account details now.,61,spam
HAM_SMS_00130,The meeting has been shifted to 4 PM.,37,ham
HAM_SMS_06237,Your class schedule has been updated for tomorrow.,50,ham
HAM_SMS_04662,"Hey, are we meeting today for the project discussion?",53,ham
SPAM_SMS_00494,Recharge offer available. Get double benefits today.,52,spam
HAM_SMS_01442,Can you send me the notes from today's lecture?,47,ham
HAM_SMS_06593,Please find the details shared in the group.,44,ham
HAM_SMS_00866,The meeting has been shifted to 4 PM.,37,ham
SPAM_SMS_01239,Urgent! Your bank account will be blocked. Verify your details immediately.,75,spam
HAM_SMS_03859,Please call me when you are free.,33,ham
SPAM_SMS_01819,You won a shopping voucher. Claim it today.,43,spam
HAM_SMS_00821,Please confirm your availability for the session.,49,ham
HAM_SMS_02773,Please confirm your availability for the session.,49,ham
SPAM_SMS_00083,You are selected for a reward. Send your account details now.,61,spam
HAM_SMS_00715,Your payment has been received successfully.,44,ham
HAM_SMS_04304,The report is ready for review.,31,ham
HAM_SMS_05969,The report is ready for review.,31,ham
HAM_SMS_06852,"Hey, are we meeting today for the project discussion?",53,ham
SPAM_SMS_00105,Exclusive offer only for you. Click here to redeem.,51,spam
SPAM_SMS_01341,Free entry in a lucky draw. Text WIN to claim your reward.,58,spam
HAM_SMS_05408,Can you send me the notes from today's lecture?,47,ham
HAM_SMS_05459,Let's discuss the presentation after lunch.,43,ham
HAM_SMS_01693,I reached home safely.,22,ham
SPAM_SMS_00741,Your loan is approved. Pay processing fee to receive funds.,59,spam
HAM_SMS_01481,The interview schedule will be shared soon.,43,ham
SPAM_SMS_00712,Urgent! Your bank account will be blocked. Verify your details immediately.,75,spam
SPAM_SMS_01634,Suspicious login detected. Update your password immediately.,60,spam
HAM_SMS_05034,Please confirm your availability for the session.,49,ham
HAM_SMS_04216,Your class schedule has been updated for tomorrow.,50,ham
HAM_SMS_04148,Reminder: submit your assignment before the deadline.,53,ham
SPAM_SMS_00257,Congratulations! You have won a cash prize. Click the link to claim now.,72,spam
HAM_SMS_04777,Reminder: submit your assignment before the deadline.,53,ham
HAM_SMS_00453,Please find the details shared in the group.,44,ham
HAM_SMS_06698,I reached home safely.,22,ham
SPAM_SMS_00554,You won a shopping voucher. Claim it today.,43,spam
HAM_SMS_06430,Your class schedule has been updated for tomorrow.,50,ham
SPAM_SMS_02306,Final warning! Complete KYC verification now.,45,spam
HAM_SMS_04736,Your payment has been received successfully.,44,ham
SPAM_SMS_01732,You won a shopping voucher. Claim it today.,43,spam
HAM_SMS_03172,Please confirm your availability for the session.,49,ham
HAM_SMS_05492,I reached home safely.,22,ham
HAM_SMS_07161,Please confirm your availability for the session.,49,ham
HAM_SMS_00995,Your payment has been received successfully.,44,ham
HAM_SMS_06376,The interview schedule will be shared soon.,43,ham
HAM_SMS_06856,Please find the details shared in the group.,44,ham
SPAM_SMS_00308,Recharge offer available. Get double benefits today.,52,spam
SPAM_SMS_00265,Recharge offer available. Get double benefits today.,52,spam
HAM_SMS_04540,Please call me when you are free.,33,ham
SPAM_SMS_00277,Urgent! Your bank account will be blocked. Verify your details immediately.,75,spam
HAM_SMS_02973,Your payment has been received successfully.,44,ham
HAM_SMS_05262,I reached home safely.,22,ham
SPAM_SMS_00531,Congratulations! You have won a cash prize. Click the link to claim now.,72,spam
HAM_SMS_07307,Can you send me the notes from today's lecture?,47,ham
HAM_SMS_00102,The interview schedule will be shared soon.,43,ham
HAM_SMS_03489,Please find the details shared in the group.,44,ham
HAM_SMS_00136,"Hey, are we meeting today for the project discussion?",53,ham
HAM_SMS_03946,Please call me when you are free.,33,ham
HAM_SMS_01257,Your order has been delivered successfully.,43,ham
HAM_SMS_07267,Thank you for your message. I will check and reply soon.,56,ham
HAM_SMS_06100,"Hey, are we meeting today for the project discussion?",53,ham
HAM_SMS_02169,The meeting has been shifted to 4 PM.,37,ham
HAM_SMS_03475,The meeting has been shifted to 4 PM.,37,ham
SPAM_SMS_01824,Claim your free gift card now before it expires.,48,spam
HAM_SMS_02953,Your order has been delivered successfully.,43,ham
HAM_SMS_01733,Your order has been delivered successfully.,43,ham
HAM_SMS_03656,Your payment has been received successfully.,44,ham
HAM_SMS_06823,Your class schedule has been updated for tomorrow.,50,ham
HAM_SMS_00619,"Hey, are we meeting today for the project discussion?",53,ham
HAM_SMS_02981,I reached home safely.,22,ham
SPAM_SMS_00625,Final warning! Complete KYC verification now.,45,spam
HAM_SMS_05175,Thank you for your message. I will check and reply soon.,56,ham
HAM_SMS_01718,"Hey, are we meeting today for the project discussion?",53,ham
HAM_SMS_01897,I reached home safely.,22,ham
SPAM_SMS_00521,Earn money from home without investment. Join now.,50,spam
HAM_SMS_03121,The interview schedule will be shared soon.,43,ham
HAM_SMS_05447,The interview schedule will be shared soon.,43,ham
HAM_SMS_03224,Your payment has been received successfully.,44,ham
HAM_SMS_02584,"Hey, are we meeting today for the project discussion?",53,ham
HAM_SMS_00612,Your payment has been received successfully.,44,ham
SPAM_SMS_00945,You are selected for a reward. Send your account details now.,61,spam
SPAM_SMS_00915,Exclusive offer only for you. Click here to redeem.,51,spam
HAM_SMS_02737,Your payment has been received successfully.,44,ham
SPAM_SMS_01360,Recharge offer available. Get double benefits today.,52,spam
HAM_SMS_00300,"Hey, are we meeting today for the project discussion?",53,ham
HAM_SMS_02367,"Hey, are we meeting today for the project discussion?",53,ham
HAM_SMS_00013,Your payment has been received successfully.,44,ham
HAM_SMS_00031,Please call me when you are free.,33,ham
SPAM_SMS_01129,Claim your free gift card now before it expires.,48,spam
SPAM_SMS_02135,Earn money from home without investment. Join now.,50,spam
HAM_SMS_05850,Thank you for your message. I will check and reply soon.,56,ham
HAM_SMS_01698,Please call me when you are free.,33,ham
HAM_SMS_02525,Your class schedule has been updated for tomorrow.,50,ham
HAM_SMS_01536,Reminder: submit your assignment before the deadline.,53,ham
HAM_SMS_00524,Let's discuss the presentation after lunch.,43,ham
HAM_SMS_02927,Reminder: submit your assignment before the deadline.,53,ham
SPAM_SMS_00238,Urgent! Your bank account will be blocked. Verify your details immediately.,75,spam
HAM_SMS_05882,Please find the details shared in the group.,44,ham
SPAM_SMS_01362,Urgent! Your bank account will be blocked. Verify your details immediately.,75,spam
HAM_SMS_04346,Please confirm your availability for the session.,49,ham
HAM_SMS_00955,Your order has been delivered successfully.,43,ham
HAM_SMS_02328,The interview schedule will be shared soon.,43,ham
HAM_SMS_06451,Thank you for your message. I will check and reply soon.,56,ham
SPAM_SMS_01681,Claim your free gift card now before it expires.,48,spam
HAM_SMS_01500,Your class schedule has been updated for tomorrow.,50,ham
HAM_SMS_00004,Please confirm your availability for the session.,49,ham
HAM_SMS_01185,Can you send me the notes from today's lecture?,47,ham
HAM_SMS_02933,Your order has been delivered successfully.,43,ham
HAM_SMS_01659,Thank you for your message. I will check and reply soon.,56,ham
SPAM_SMS_01299,Urgent! Your bank account will be blocked. Verify your details immediately.,75,spam
HAM_SMS_05402,Reminder: submit your assignment before the deadline.,53,ham
HAM_SMS_00936,Can you send me the notes from today's lecture?,47,ham
HAM_SMS_06768,"Hey, are we meeting today for the project discussion?",53,ham
HAM_SMS_05182,Can you send me the notes from today's lecture?,47,ham
HAM_SMS_05468,Your class schedule has been updated for tomorrow.,50,ham
HAM_SMS_06433,Thank you for your message. I will check and reply soon.,56,ham
HAM_SMS_00341,Your class schedule has been updated for tomorrow.,50,ham
HAM_SMS_04003,Your class schedule has been updated for tomorrow.,50,ham
HAM_SMS_00434,The meeting has been shifted to 4 PM.,37,ham
SPAM_SMS_01913,Your loan is approved. Pay processing fee to receive funds.,59,spam
HAM_SMS_01898,Let's discuss the presentation after lunch.,43,ham
HAM_SMS_06773,"Hey, are we meeting today for the project discussion?",53,ham
HAM_SMS_02777,Can you send me the notes from today's lecture?,47,ham
HAM_SMS_07404,Your class schedule has been updated for tomorrow.,50,ham
HAM_SMS_06432,The interview schedule will be shared soon.,43,ham
HAM_SMS_01400,Your class schedule has been updated for tomorrow.,50,ham
SPAM_SMS_01429,You are selected for a reward. Send your account details now.,61,spam
HAM_SMS_00940,Your payment has been received successfully.,44,ham
HAM_SMS_03233,Please confirm your availability for the session.,49,ham
HAM_SMS_02059,Let's discuss the presentation after lunch.,43,ham
HAM_SMS_07040,Let's discuss the presentation after lunch.,43,ham
HAM_SMS_00846,Your class schedule has been updated for tomorrow.,50,ham
HAM_SMS_01426,Please find the details shared in the group.,44,ham
SPAM_SMS_00326,Recharge offer available. Get double benefits today.,52,spam
HAM_SMS_05390,Please find the details shared in the group.,44,ham
SPAM_SMS_02347,Claim your free gift card now before it expires.,48,spam
SPAM_SMS_00345,Limited time offer. Get free coupons by clicking this link.,59,spam
HAM_SMS_04038,Your class schedule has been updated for tomorrow.,50,ham
HAM_SMS_01419,Your order has been delivered successfully.,43,ham
SPAM_SMS_01872,Earn money from home without investment. Join now.,50,spam
HAM_SMS_00541,Can you send me the notes from today's lecture?,47,ham
HAM_SMS_07358,Can you send me the notes from today's lecture?,47,ham
SPAM_SMS_02148,You are selected for a reward. Send your account details now.,61,spam
HAM_SMS_06572,Please find the details shared in the group.,44,ham
SPAM_SMS_00996,Free entry in a lucky draw. Text WIN to claim your reward.,58,spam
HAM_SMS_01227,Please call me when you are free.,33,ham
HAM_SMS_00909,Your order has been delivered successfully.,43,ham
HAM_SMS_07004,Please find the details shared in the group.,44,ham
HAM_SMS_01834,Let's discuss the presentation after lunch.,43,ham
HAM_SMS_04887,"Hey, are we meeting today for the project discussion?",53,ham
HAM_SMS_07444,The meeting has been shifted to 4 PM.,37,ham
HAM_SMS_02374,Please confirm your availability for the session.,49,ham
HAM_SMS_02802,Let's discuss the presentation after lunch.,43,ham
HAM_SMS_03933,Please confirm your availability for the session.,49,ham
SPAM_SMS_01791,Recharge offer available. Get double benefits today.,52,spam
SPAM_SMS_00595,Win money instantly. Register today and claim your bonus.,57,spam
HAM_SMS_05917,Your payment has been received successfully.,44,ham
SPAM_SMS_01759,Earn money from home without investment. Join now.,50,spam
HAM_SMS_02379,Your order has been delivered successfully.,43,ham
HAM_SMS_05548,Your class schedule has been updated for tomorrow.,50,ham
HAM_SMS_01397,I reached home safely.,22,ham
HAM_SMS_00382,Reminder: submit your assignment before the deadline.,53,ham
HAM_SMS_04222,"Hey, are we meeting today for the project discussion?",53,ham
HAM_SMS_07419,The meeting has been shifted to 4 PM.,37,ham
SPAM_SMS_00446,Recharge offer available. Get double benefits today.,52,spam
HAM_SMS_01290,Your payment has been received successfully.,44,ham
HAM_SMS_01554,Thank you for your message. I will check and reply soon.,56,ham
HAM_SMS_03793,Your class schedule has been updated for tomorrow.,50,ham
SPAM_SMS_01723,Recharge offer available. Get double benefits today.,52,spam
HAM_SMS_04239,Let's discuss the presentation after lunch.,43,ham
HAM_SMS_01741,Can you send me the notes from today's lecture?,47,ham
SPAM_SMS_00755,Final warning! Complete KYC verification now.,45,spam
HAM_SMS_01853,Please find the details shared in the group.,44,ham
HAM_SMS_06787,The meeting has been shifted to 4 PM.,37,ham
HAM_SMS_03545,Reminder: submit your assignment before the deadline.,53,ham
HAM_SMS_00559,The meeting has been shifted to 4 PM.,37,ham
HAM_SMS_07395,Please find the details shared in the group.,44,ham
HAM_SMS_03125,Please confirm your availability for the session.,49,ham
SPAM_SMS_00029,You won a shopping voucher. Claim it today.,43,spam
HAM_SMS_04795,Let's discuss the presentation after lunch.,43,ham
HAM_SMS_04671,The interview schedule will be shared soon.,43,ham
HAM_SMS_06374,Please call me when you are free.,33,ham
HAM_SMS_05206,Reminder: submit your assignment before the deadline.,53,ham
HAM_SMS_05497,Your class schedule has been updated for tomorrow.,50,ham
SPAM_SMS_00730,Win money instantly. Register today and claim your bonus.,57,spam
HAM_SMS_06634,Your class schedule has been updated for tomorrow.,50,ham
HAM_SMS_06882,Let's discuss the presentation after lunch.,43,ham
SPAM_SMS_00006,Your loan is approved. Pay processing fee to receive funds.,59,spam
SPAM_SMS_01430,Recharge offer available. Get double benefits today.,52,spam
HAM_SMS_06021,Let's discuss the presentation after lunch.,43,ham
HAM_SMS_06674,The meeting has been shifted to 4 PM.,37,ham
HAM_SMS_06661,Your class schedule has been updated for tomorrow.,50,ham
SPAM_SMS_01150,You are selected for a reward. Send your account details now.,61,spam
HAM_SMS_06489,Your class schedule has been updated for tomorrow.,50,ham
HAM_SMS_06302,Please call me when you are free.,33,ham
HAM_SMS_04799,I reached home safely.,22,ham
HAM_SMS_00089,Your payment has been received successfully.,44,ham
HAM_SMS_02384,Please confirm your availability for the session.,49,ham
HAM_SMS_02016,Your order has been delivered successfully.,43,ham
SPAM_SMS_01517,Final warning! Complete KYC verification now.,45,spam
SPAM_SMS_02025,Urgent! Your bank account will be blocked. Verify your details immediately.,75,spam
HAM_SMS_02440,"Hey, are we meeting today for the project discussion?",53,ham
SPAM_SMS_02165,Congratulations! You have won a cash prize. Click the link to claim now.,72,spam
HAM_SMS_05233,Please find the details shared in the group.,44,ham
HAM_SMS_02555,Your payment has been received successfully.,44,ham
HAM_SMS_03238,I reached home safely.,22,ham
HAM_SMS_05410,The interview schedule will be shared soon.,43,ham
HAM_SMS_00777,"Hey, are we meeting today for the project discussion?",53,ham
HAM_SMS_01251,Your class schedule has been updated for tomorrow.,50,ham
HAM_SMS_06514,I reached home safely.,22,ham
HAM_SMS_03855,Please find the details shared in the group.,44,ham
HAM_SMS_04917,Please find the details shared in the group.,44,ham
HAM_SMS_07152,"Hey, are we meeting today for the project discussion?",53,ham
SPAM_SMS_02484,Your mobile number has won a lottery prize.,43,spam
HAM_SMS_06056,The interview schedule will be shared soon.,43,ham
HAM_SMS_06358,I reached home safely.,22,ham
SPAM_SMS_00512,Exclusive offer only for you. Click here to redeem.,51,spam
SPAM_SMS_01151,Urgent! Your bank account will be blocked. Verify your details immediately.,75,spam
HAM_SMS_00035,Please call me when you are free.,33,ham
HAM_SMS_07439,Your class schedule has been updated for tomorrow.,50,ham
HAM_SMS_02408,"Hey, are we meeting today for the project discussion?",53,ham
HAM_SMS_02833,The interview schedule will be shared soon.,43,ham
HAM_SMS_01386,The meeting has been shifted to 4 PM.,37,ham
HAM_SMS_01516,The interview schedule will be shared soon.,43,ham
HAM_SMS_03372,Let's discuss the presentation after lunch.,43,ham
HAM_SMS_01673,Please confirm your availability for the session.,49,ham
HAM_SMS_06844,Reminder: submit your assignment before the deadline.,53,ham
HAM_SMS_01114,Please confirm your availability for the session.,49,ham
HAM_SMS_06344,Reminder: submit your assignment before the deadline.,53,ham
HAM_SMS_02642,Let's discuss the presentation after lunch.,43,ham
HAM_SMS_02616,Reminder: submit your assignment before the deadline.,53,ham
HAM_SMS_02121,Please confirm your availability for the session.,49,ham
HAM_SMS_00169,Let's discuss the presentation after lunch.,43,ham
SPAM_SMS_00817,Free entry in a lucky draw. Text WIN to claim your reward.,58,spam
HAM_SMS_02897,The meeting has been shifted to 4 PM.,37,ham
HAM_SMS_05295,Thank you for your message. I will check and reply soon.,56,ham
SPAM_SMS_00458,Urgent! Your bank account will be blocked. Verify your details immediately.,75,spam
SPAM_SMS_00753,Congratulations! You have won a cash prize. Click the link to claim now.,72,spam
HAM_SMS_06076,"Hey, are we meeting today for the project discussion?",53,ham
SPAM_SMS_02371,Final warning! Complete KYC verification now.,45,spam
HAM_SMS_06389,The meeting has been shifted to 4 PM.,37,ham
HAM_SMS_03741,Please confirm your availability for the session.,49,ham
HAM_SMS_02746,Your payment has been received successfully.,44,ham
HAM_SMS_01655,I reached home safely.,22,ham
SPAM_SMS_02452,Your mobile number has won a lottery prize.,43,spam
HAM_SMS_06179,The report is ready for review.,31,ham
SPAM_SMS_01477,Earn money from home without investment. Join now.,50,spam
HAM_SMS_00739,"Hey, are we meeting today for the project discussion?",53,ham
HAM_SMS_00346,Please confirm your availability for the session.,49,ham
HAM_SMS_03202,Your order has been delivered successfully.,43,ham
SPAM_SMS_01274,Exclusive offer only for you. Click here to redeem.,51,spam
SPAM_SMS_01486,Recharge offer available. Get double benefits today.,52,spam
HAM_SMS_04560,Thank you for your message. I will check and reply soon.,56,ham
HAM_SMS_03209,Please find the details shared in the group.,44,ham
HAM_SMS_04507,Reminder: submit your assignment before the deadline.,53,ham
SPAM_SMS_00528,You are selected for a reward. Send your account details now.,61,spam
HAM_SMS_05628,I reached home safely.,22,ham
HAM_SMS_02373,Reminder: submit your assignment before the deadline.,53,ham
HAM_SMS_03689,"Hey, are we meeting today for the project discussion?",53,ham
HAM_SMS_02756,The interview schedule will be shared soon.,43,ham
HAM_SMS_03834,I reached home safely.,22,ham
HAM_SMS_07487,The report is ready for review.,31,ham
SPAM_SMS_02316,Limited time offer. Get free coupons by clicking this link.,59,spam
HAM_SMS_04295,The report is ready for review.,31,ham
HAM_SMS_04460,Reminder: submit your assignment before the deadline.,53,ham
SPAM_SMS_01414,Recharge offer available. Get double benefits today.,52,spam
HAM_SMS_01678,Your payment has been received successfully.,44,ham
HAM_SMS_02112,Please call me when you are free.,33,ham
HAM_SMS_02155,Please confirm your availability for the session.,49,ham
HAM_SMS_05030,Please confirm your availability for the session.,49,ham
HAM_SMS_06991,The report is ready for review.,31,ham
SPAM_SMS_00807,Your mobile number has won a lottery prize.,43,spam
HAM_SMS_04021,The interview schedule will be shared soon.,43,ham
HAM_SMS_05536,Let's discuss the presentation after lunch.,43,ham
HAM_SMS_02124,Thank you for your message. I will check and reply soon.,56,ham
HAM_SMS_05839,The report is ready for review.,31,ham
HAM_SMS_04207,Reminder: submit your assignment before the deadline.,53,ham
HAM_SMS_00329,Your order has been delivered successfully.,43,ham
HAM_SMS_04775,Please call me when you are free.,33,ham
HAM_SMS_03353,Please call me when you are free.,33,ham
HAM_SMS_03536,Your order has been delivered successfully.,43,ham
HAM_SMS_01041,Please confirm your availability for the session.,49,ham
HAM_SMS_00468,Can you send me the notes from today's lecture?,47,ham
HAM_SMS_04676,Reminder: submit your assignment before the deadline.,53,ham
SPAM_SMS_01516,Claim your free gift card now before it expires.,48,spam
HAM_SMS_02817,Please confirm your availability for the session.,49,ham
HAM_SMS_05865,Your payment has been received successfully.,44,ham
SPAM_SMS_02433,Earn money from home without investment. Join now.,50,spam
HAM_SMS_04478,Your payment has been received successfully.,44,ham
HAM_SMS_00264,Your payment has been received successfully.,44,ham
HAM_SMS_02140,Your payment has been received successfully.,44,ham
SPAM_SMS_01071,Exclusive offer only for you. Click here to redeem.,51,spam
SPAM_SMS_00163,You are selected for a reward. Send your account details now.,61,spam
SPAM_SMS_00201,Your loan is approved. Pay processing fee to receive funds.,59,spam
HAM_SMS_01245,Can you send me the notes from today's lecture?,47,ham
HAM_SMS_05671,Let's discuss the presentation after lunch.,43,ham
HAM_SMS_04056,Your order has been delivered successfully.,43,ham
SPAM_SMS_02343,Win money instantly. Register today and claim your bonus.,57,spam
SPAM_SMS_01535,Suspicious login detected. Update your password immediately.,60,spam
HAM_SMS_02335,Please call me when you are free.,33,ham
SPAM_SMS_00824,Limited time offer. Get free coupons by clicking this link.,59,spam
HAM_SMS_00375,The meeting has been shifted to 4 PM.,37,ham
SPAM_SMS_00015,Win money instantly. Register today and claim your bonus.,57,spam
HAM_SMS_01510,I reached home safely.,22,ham
HAM_SMS_00678,The meeting has been shifted to 4 PM.,37,ham
HAM_SMS_02008,Your order has been delivered successfully.,43,ham
HAM_SMS_05902,Your payment has been received successfully.,44,ham
HAM_SMS_03211,Reminder: submit your assignment before the deadline.,53,ham
SPAM_SMS_01532,Congratulations! You have won a cash prize. Click the link to claim now.,72,spam
HAM_SMS_04541,Let's discuss the presentation after lunch.,43,ham
HAM_SMS_05057,Can you send me the notes from today's lecture?,47,ham
HAM_SMS_07094,The meeting has been shifted to 4 PM.,37,ham
HAM_SMS_02102,I reached home safely.,22,ham
HAM_SMS_05610,Your payment has been received successfully.,44,ham
HAM_SMS_04843,Reminder: submit your assignment before the deadline.,53,ham
HAM_SMS_06083,Your payment has been received successfully.,44,ham
HAM_SMS_02550,The interview schedule will be shared soon.,43,ham
HAM_SMS_01886,Your payment has been received successfully.,44,ham
SPAM_SMS_00010,Urgent! Your bank account will be blocked. Verify your details immediately.,75,spam
HAM_SMS_06147,Your order has been delivered successfully.,43,ham
HAM_SMS_01341,Reminder: submit your assignment before the deadline.,53,ham
SPAM_SMS_00928,Your loan is approved. Pay processing fee to receive funds.,59,spam
SPAM_SMS_00193,Exclusive offer only for you. Click here to redeem.,51,spam
HAM_SMS_00695,Your payment has been received successfully.,44,ham
HAM_SMS_03669,Please confirm your availability for the session.,49,ham
HAM_SMS_03138,Thank you for your message. I will check and reply soon.,56,ham
HAM_SMS_01363,I reached home safely.,22,ham
HAM_SMS_01983,I reached home safely.,22,ham
SPAM_SMS_02449,Suspicious login detected. Update your password immediately.,60,spam
HAM_SMS_00365,Thank you for your message. I will check and reply soon.,56,ham
SPAM_SMS_00823,Congratulations! You have won a cash prize. Click the link to claim now.,72,spam
SPAM_SMS_00641,Urgent! Your bank account will be blocked. Verify your details immediately.,75,spam
HAM_SMS_02826,Your payment has been received successfully.,44,ham
HAM_SMS_03613,The meeting has been shifted to 4 PM.,37,ham
HAM_SMS_01776,Your order has been delivered successfully.,43,ham
HAM_SMS_02488,Your class schedule has been updated for tomorrow.,50,ham
SPAM_SMS_00557,Free entry in a lucky draw. Text WIN to claim your reward.,58,spam
HAM_SMS_07115,Thank you for your message. I will check and reply soon.,56,ham
SPAM_SMS_01276,Earn money from home without investment. Join now.,50,spam
HAM_SMS_05263,Please call me when you are free.,33,ham
HAM_SMS_06070,Your order has been delivered successfully.,43,ham
SPAM_SMS_00199,Suspicious login detected. Update your password immediately.,60,spam
SPAM_SMS_01310,Congratulations! You have won a cash prize. Click the link to claim now.,72,spam
HAM_SMS_03299,I reached home safely.,22,ham
HAM_SMS_05332,Please confirm your availability for the session.,49,ham
HAM_SMS_02638,Thank you for your message. I will check and reply soon.,56,ham
HAM_SMS_06377,I reached home safely.,22,ham
HAM_SMS_03272,Please find the details shared in the group.,44,ham
SPAM_SMS_02186,Urgent! Your bank account will be blocked. Verify your details immediately.,75,spam
HAM_SMS_06330,Thank you for your message. I will check and reply soon.,56,ham
SPAM_SMS_02382,Exclusive offer only for you. Click here to redeem.,51,spam
HAM_SMS_05726,I reached home safely.,22,ham
HAM_SMS_00005,The meeting has been shifted to 4 PM.,37,ham
HAM_SMS_06969,Please find the details shared in the group.,44,ham
SPAM_SMS_01215,Exclusive offer only for you. Click here to redeem.,51,spam
HAM_SMS_03495,Please confirm your availability for the session.,49,ham
SPAM_SMS_02051,You won a shopping voucher. Claim it today.,43,spam
HAM_SMS_06388,Can you send me the notes from today's lecture?,47,ham
HAM_SMS_02424,Please find the details shared in the group.,44,ham
SPAM_SMS_02246,Recharge offer available. Get double benefits today.,52,spam
HAM_SMS_04073,Your order has been delivered successfully.,43,ham
SPAM_SMS_00519,You are selected for a reward. Send your account details now.,61,spam
HAM_SMS_06464,Your class schedule has been updated for tomorrow.,50,ham
HAM_SMS_02884,"Hey, are we meeting today for the project discussion?",53,ham
SPAM_SMS_00396,Your mobile number has won a lottery prize.,43,spam
HAM_SMS_00621,Your payment has been received successfully.,44,ham
SPAM_SMS_01717,Earn money from home without investment. Join now.,50,spam
HAM_SMS_07325,The interview schedule will be shared soon.,43,ham
HAM_SMS_00919,Your order has been delivered successfully.,43,ham
HAM_SMS_05903,Please confirm your availability for the session.,49,ham
HAM_SMS_02808,The meeting has been shifted to 4 PM.,37,ham
SPAM_SMS_00639,Your mobile number has won a lottery prize.,43,spam
SPAM_SMS_02298,Urgent! Your bank account will be blocked. Verify your details immediately.,75,spam
HAM_SMS_00518,The meeting has been shifted to 4 PM.,37,ham
HAM_SMS_03783,Your order has been delivered successfully.,43,ham
HAM_SMS_02863,The meeting has been shifted to 4 PM.,37,ham
HAM_SMS_03558,Let's discuss the presentation after lunch.,43,ham
SPAM_SMS_00813,Win money instantly. Register today and claim your bonus.,57,spam
SPAM_SMS_01944,Congratulations! You have won a cash prize. Click the link to claim now.,72,spam
HAM_SMS_05105,The meeting has been shifted to 4 PM.,37,ham
HAM_SMS_04411,The meeting has been shifted to 4 PM.,37,ham
SPAM_SMS_02064,Limited time offer. Get free coupons by clicking this link.,59,spam
HAM_SMS_04630,Reminder: submit your assignment before the deadline.,53,ham
HAM_SMS_05938,Let's discuss the presentation after lunch.,43,ham
HAM_SMS_04751,Can you send me the notes from today's lecture?,47,ham
SPAM_SMS_01992,Urgent! Your bank account will be blocked. Verify your details immediately.,75,spam
SPAM_SMS_00344,Exclusive offer only for you. Click here to redeem.,51,spam
HAM_SMS_00698,The interview schedule will be shared soon.,43,ham
SPAM_SMS_01373,Recharge offer available. Get double benefits today.,52,spam
HAM_SMS_01711,Reminder: submit your assignment before the deadline.,53,ham
HAM_SMS_04910,Can you send me the notes from today's lecture?,47,ham
HAM_SMS_01289,The meeting has been shifted to 4 PM.,37,ham
HAM_SMS_04694,Can you send me the notes from today's lecture?,47,ham
HAM_SMS_07017,I reached home safely.,22,ham
HAM_SMS_04848,Please find the details shared in the group.,44,ham
HAM_SMS_01855,Please call me when you are free.,33,ham
HAM_SMS_04919,Please confirm your availability for the session.,49,ham
HAM_SMS_03078,Can you send me the notes from today's lecture?,47,ham
HAM_SMS_06683,Your payment has been received successfully.,44,ham
HAM_SMS_00662,Please call me when you are free.,33,ham
HAM_SMS_02725,Please find the details shared in the group.,44,ham
SPAM_SMS_00921,You are selected for a reward. Send your account details now.,61,spam
HAM_SMS_03126,Your payment has been received successfully.,44,ham
HAM_SMS_03256,Reminder: submit your assignment before the deadline.,53,ham
SPAM_SMS_01400,Exclusive offer only for you. Click here to redeem.,51,spam
HAM_SMS_05232,I reached home safely.,22,ham
HAM_SMS_02744,Please confirm your availability for the session.,49,ham
SPAM_SMS_00133,Congratulations! You have won a cash prize. Click the link to claim now.,72,spam
HAM_SMS_06072,Your order has been delivered successfully.,43,ham
HAM_SMS_05725,Let's discuss the presentation after lunch.,43,ham
SPAM_SMS_02030,Congratulations! You have won a cash prize. Click the link to claim now.,72,spam
HAM_SMS_04083,Reminder: submit your assignment before the deadline.,53,ham
HAM_SMS_05687,Let's discuss the presentation after lunch.,43,ham
SPAM_SMS_02141,Suspicious login detected. Update your password immediately.,60,spam
SPAM_SMS_01573,Suspicious login detected. Update your password immediately.,60,spam
HAM_SMS_03576,Please find the details shared in the group.,44,ham
HAM_SMS_03323,Please call me when you are free.,33,ham
HAM_SMS_06119,Thank you for your message. I will check and reply soon.,56,ham
SPAM_SMS_00536,Free entry in a lucky draw. Text WIN to claim your reward.,58,spam
HAM_SMS_05904,Reminder: submit your assignment before the deadline.,53,ham
HAM_SMS_00544,The interview schedule will be shared soon.,43,ham
HAM_SMS_07109,Your payment has been received successfully.,44,ham
SPAM_SMS_01626,Your loan is approved. Pay processing fee to receive funds.,59,spam
HAM_SMS_00674,Your order has been delivered successfully.,43,ham
HAM_SMS_03736,The meeting has been shifted to 4 PM.,37,ham
HAM_SMS_07228,Please confirm your availability for the session.,49,ham
SPAM_SMS_02474,You are selected for a reward. Send your account details now.,61,spam
HAM_SMS_07430,Your order has been delivered successfully.,43,ham
HAM_SMS_05211,The interview schedule will be shared soon.,43,ham
HAM_SMS_01003,The interview schedule will be shared soon.,43,ham
SPAM_SMS_00902,Your mobile number has won a lottery prize.,43,spam
SPAM_SMS_00049,Your loan is approved. Pay processing fee to receive funds.,59,spam
SPAM_SMS_01841,Your loan is approved. Pay processing fee to receive funds.,59,spam
HAM_SMS_02187,Please call me when you are free.,33,ham
HAM_SMS_06062,Your class schedule has been updated for tomorrow.,50,ham
HAM_SMS_03976,Please find the details shared in the group.,44,ham
HAM_SMS_02197,Please find the details shared in the group.,44,ham
HAM_SMS_04626,Please find the details shared in the group.,44,ham
HAM_SMS_00224,The report is ready for review.,31,ham
SPAM_SMS_02211,Your mobile number has won a lottery prize.,43,spam
SPAM_SMS_01879,Congratulations! You have won a cash prize. Click the link to claim now.,72,spam
HAM_SMS_07284,Can you send me the notes from today's lecture?,47,ham
HAM_SMS_01037,Please confirm your availability for the session.,49,ham
SPAM_SMS_01983,Win money instantly. Register today and claim your bonus.,57,spam
HAM_SMS_03891,Your payment has been received successfully.,44,ham
HAM_SMS_00581,Can you send me the notes from today's lecture?,47,ham
HAM_SMS_00606,Your order has been delivered successfully.,43,ham
HAM_SMS_04382,Can you send me the notes from today's lecture?,47,ham
HAM_SMS_02665,The interview schedule will be shared soon.,43,ham
SPAM_SMS_01554,Your loan is approved. Pay processing fee to receive funds.,59,spam
HAM_SMS_06658,I reached home safely.,22,ham
HAM_SMS_05415,The meeting has been shifted to 4 PM.,37,ham
HAM_SMS_05240,Your payment has been received successfully.,44,ham
HAM_SMS_03464,Can you send me the notes from today's lecture?,47,ham
HAM_SMS_03308,Reminder: submit your assignment before the deadline.,53,ham
HAM_SMS_06491,Your payment has been received successfully.,44,ham
HAM_SMS_03598,Thank you for your message. I will check and reply soon.,56,ham
HAM_SMS_02977,The report is ready for review.,31,ham
SPAM_SMS_00660,Recharge offer available. Get double benefits today.,52,spam
HAM_SMS_02336,Can you send me the notes from today's lecture?,47,ham
HAM_SMS_06556,Can you send me the notes from today's lecture?,47,ham
SPAM_SMS_00052,Claim your free gift card now before it expires.,48,spam
HAM_SMS_02720,Your payment has been received successfully.,44,ham
HAM_SMS_05678,Thank you for your message. I will check and reply soon.,56,ham
SPAM_SMS_01088,Recharge offer available. Get double benefits today.,52,spam
SPAM_SMS_02172,Recharge offer available. Get double benefits today.,52,spam
HAM_SMS_02065,Please call me when you are free.,33,ham
HAM_SMS_06384,I reached home safely.,22,ham
HAM_SMS_03680,Thank you for your message. I will check and reply soon.,56,ham
HAM_SMS_01708,Thank you for your message. I will check and reply soon.,56,ham
SPAM_SMS_02456,Earn money from home without investment. Join now.,50,spam
HAM_SMS_01592,Please call me when you are free.,33,ham
HAM_SMS_06307,Let's discuss the presentation after lunch.,43,ham
SPAM_SMS_02040,Limited time offer. Get free coupons by clicking this link.,59,spam
SPAM_SMS_02168,Exclusive offer only for you. Click here to redeem.,51,spam
HAM_SMS_05132,Please find the details shared in the group.,44,ham
HAM_SMS_00824,Please confirm your availability for the session.,49,ham
HAM_SMS_01068,I reached home safely.,22,ham
HAM_SMS_04545,Let's discuss the presentation after lunch.,43,ham
HAM_SMS_03302,Thank you for your message. I will check and reply soon.,56,ham
HAM_SMS_05161,"Hey, are we meeting today for the project discussion?",53,ham
HAM_SMS_05522,Please call me when you are free.,33,ham
HAM_SMS_05338,Thank you for your message. I will check and reply soon.,56,ham
HAM_SMS_03160,The meeting has been shifted to 4 PM.,37,ham
HAM_SMS_07432,I reached home safely.,22,ham
HAM_SMS_01109,Thank you for your message. I will check and reply soon.,56,ham
HAM_SMS_05275,Please call me when you are free.,33,ham
HAM_SMS_01615,Your order has been delivered successfully.,43,ham
HAM_SMS_00085,Let's discuss the presentation after lunch.,43,ham
SPAM_SMS_00427,You are selected for a reward. Send your account details now.,61,spam
HAM_SMS_01021,Please confirm your availability for the session.,49,ham
HAM_SMS_06739,The interview schedule will be shared soon.,43,ham
HAM_SMS_03801,I reached home safely.,22,ham
HAM_SMS_01893,Please call me when you are free.,33,ham
SPAM_SMS_01275,Congratulations! You have won a cash prize. Click the link to claim now.,72,spam
HAM_SMS_01436,Thank you for your message. I will check and reply soon.,56,ham
SPAM_SMS_00073,Free entry in a lucky draw. Text WIN to claim your reward.,58,spam
SPAM_SMS_01751,Urgent! Your bank account will be blocked. Verify your details immediately.,75,spam
HAM_SMS_01110,The interview schedule will be shared soon.,43,ham
HAM_SMS_06186,Please confirm your availability for the session.,49,ham
HAM_SMS_04673,Your class schedule has been updated for tomorrow.,50,ham
HAM_SMS_00107,Thank you for your message. I will check and reply soon.,56,ham
SPAM_SMS_01109,You won a shopping voucher. Claim it today.,43,spam
SPAM_SMS_01909,Your loan is approved. Pay processing fee to receive funds.,59,spam
HAM_SMS_01030,Please find the details shared in the group.,44,ham
SPAM_SMS_02329,You won a shopping voucher. Claim it today.,43,spam
SPAM_SMS_01072,Win money instantly. Register today and claim your bonus.,57,spam
SPAM_SMS_00629,Win money instantly. Register today and claim your bonus.,57,spam
HAM_SMS_06054,Thank you for your message. I will check and reply soon.,56,ham
HAM_SMS_06142,Your payment has been received successfully.,44,ham
SPAM_SMS_01853,Win money instantly. Register today and claim your bonus.,57,spam
HAM_SMS_04943,I reached home safely.,22,ham
SPAM_SMS_00646,Limited time offer. Get free coupons by clicking this link.,59,spam
HAM_SMS_07125,Please confirm your availability for the session.,49,ham
HAM_SMS_03235,Your class schedule has been updated for tomorrow.,50,ham
SPAM_SMS_00897,Exclusive offer only for you. Click here to redeem.,51,spam
SPAM_SMS_01543,Win money instantly. Register today and claim your bonus.,57,spam
HAM_SMS_07420,Please confirm your availability for the session.,49,ham
HAM_SMS_03594,The meeting has been shifted to 4 PM.,37,ham
HAM_SMS_03595,Reminder: submit your assignment before the deadline.,53,ham
HAM_SMS_05831,"Hey, are we meeting today for the project discussion?",53,ham
SPAM_SMS_02271,Urgent! Your bank account will be blocked. Verify your details immediately.,75,spam
HAM_SMS_05934,Please find the details shared in the group.,44,ham
HAM_SMS_03088,The report is ready for review.,31,ham
HAM_SMS_06386,"Hey, are we meeting today for the project discussion?",53,ham
SPAM_SMS_01169,Urgent! Your bank account will be blocked. Verify your details immediately.,75,spam
HAM_SMS_01568,Your class schedule has been updated for tomorrow.,50,ham
HAM_SMS_01569,Please find the details shared in the group.,44,ham
HAM_SMS_00389,Thank you for your message. I will check and reply soon.,56,ham
HAM_SMS_06020,Your payment has been received successfully.,44,ham
HAM_SMS_02332,"Hey, are we meeting today for the project discussion?",53,ham
HAM_SMS_04998,The report is ready for review.,31,ham
SPAM_SMS_02317,Congratulations! You have won a cash prize. Click the link to claim now.,72,spam
HAM_SMS_05657,Let's discuss the presentation after lunch.,43,ham
HAM_SMS_03035,Can you send me the notes from today's lecture?,47,ham
SPAM_SMS_02240,Exclusive offer only for you. Click here to redeem.,51,spam
HAM_SMS_06528,Your payment has been received successfully.,44,ham
HAM_SMS_03249,Let's discuss the presentation after lunch.,43,ham
HAM_SMS_07215,Let's discuss the presentation after lunch.,43,ham
HAM_SMS_03071,Your class schedule has been updated for tomorrow.,50,ham
HAM_SMS_00914,The report is ready for review.,31,ham
HAM_SMS_04211,The interview schedule will be shared soon.,43,ham
SPAM_SMS_01405,You are selected for a reward. Send your account details now.,61,spam
HAM_SMS_01449,Please call me when you are free.,33,ham
HAM_SMS_03075,The meeting has been shifted to 4 PM.,37,ham
HAM_SMS_03818,Can you send me the notes from today's lecture?,47,ham
HAM_SMS_05979,The interview schedule will be shared soon.,43,ham
HAM_SMS_04798,Your payment has been received successfully.,44,ham
HAM_SMS_06636,Please find the details shared in the group.,44,ham
HAM_SMS_01879,Your class schedule has been updated for tomorrow.,50,ham
HAM_SMS_02875,Thank you for your message. I will check and reply soon.,56,ham
SPAM_SMS_01464,Exclusive offer only for you. Click here to redeem.,51,spam
HAM_SMS_02354,I reached home safely.,22,ham
HAM_SMS_03046,"Hey, are we meeting today for the project discussion?",53,ham
HAM_SMS_02739,Your order has been delivered successfully.,43,ham
HAM_SMS_00153,"Hey, are we meeting today for the project discussion?",53,ham
HAM_SMS_00743,The meeting has been shifted to 4 PM.,37,ham
HAM_SMS_04259,The report is ready for review.,31,ham
HAM_SMS_00880,Reminder: submit your assignment before the deadline.,53,ham
HAM_SMS_02138,Your payment has been received successfully.,44,ham
HAM_SMS_02300,Your order has been delivered successfully.,43,ham
HAM_SMS_02275,"Hey, are we meeting today for the project discussion?",53,ham
HAM_SMS_05937,The interview schedule will be shared soon.,43,ham
HAM_SMS_03674,The interview schedule will be shared soon.,43,ham
HAM_SMS_06222,The meeting has been shifted to 4 PM.,37,ham
HAM_SMS_01410,Let's discuss the presentation after lunch.,43,ham
SPAM_SMS_00241,Congratulations! You have won a cash prize. Click the link to claim now.,72,spam
HAM_SMS_00203,Please call me when you are free.,33,ham
HAM_SMS_03739,Let's discuss the presentation after lunch.,43,ham
HAM_SMS_06604,Let's discuss the presentation after lunch.,43,ham
SPAM_SMS_01590,Recharge offer available. Get double benefits today.,52,spam
HAM_SMS_01980,Your class schedule has been updated for tomorrow.,50,ham
SPAM_SMS_00681,Recharge offer available. Get double benefits today.,52,spam
HAM_SMS_05888,Reminder: submit your assignment before the deadline.,53,ham
SPAM_SMS_00794,Congratulations! You have won a cash prize. Click the link to claim now.,72,spam
HAM_SMS_01734,Let's discuss the presentation after lunch.,43,ham
HAM_SMS_05817,Thank you for your message. I will check and reply soon.,56,ham
HAM_SMS_03546,Let's discuss the presentation after lunch.,43,ham
HAM_SMS_01214,"Hey, are we meeting today for the project discussion?",53,ham
HAM_SMS_04772,Your payment has been received successfully.,44,ham
SPAM_SMS_01945,Limited time offer. Get free coupons by clicking this link.,59,spam
SPAM_SMS_01462,Final warning! Complete KYC verification now.,45,spam
HAM_SMS_06403,Reminder: submit your assignment before the deadline.,53,ham
HAM_SMS_04570,Your order has been delivered successfully.,43,ham
SPAM_SMS_00724,Earn money from home without investment. Join now.,50,spam
HAM_SMS_00371,Please confirm your availability for the session.,49,ham
HAM_SMS_03193,Let's discuss the presentation after lunch.,43,ham
SPAM_SMS_02242,Earn money from home without investment. Join now.,50,spam
SPAM_SMS_01716,Recharge offer available. Get double benefits today.,52,spam
HAM_SMS_06356,Thank you for your message. I will check and reply soon.,56,ham
HAM_SMS_04313,Reminder: submit your assignment before the deadline.,53,ham
HAM_SMS_01604,Your class schedule has been updated for tomorrow.,50,ham
HAM_SMS_03310,The interview schedule will be shared soon.,43,ham
HAM_SMS_03484,Let's discuss the presentation after lunch.,43,ham
HAM_SMS_06670,Please find the details shared in the group.,44,ham
HAM_SMS_01418,Please confirm your availability for the session.,49,ham
SPAM_SMS_00056,Claim your free gift card now before it expires.,48,spam
HAM_SMS_02611,The interview schedule will be shared soon.,43,ham
SPAM_SMS_02481,You won a shopping voucher. Claim it today.,43,spam
HAM_SMS_05778,Can you send me the notes from today's lecture?,47,ham
HAM_SMS_07151,Please confirm your availability for the session.,49,ham
SPAM_SMS_00553,Final warning! Complete KYC verification now.,45,spam
HAM_SMS_04089,"Hey, are we meeting today for the project discussion?",53,ham
HAM_SMS_01717,Let's discuss the presentation after lunch.,43,ham
SPAM_SMS_02257,Free entry in a lucky draw. Text WIN to claim your reward.,58,spam
SPAM_SMS_00058,Your mobile number has won a lottery prize.,43,spam
HAM_SMS_01470,I reached home safely.,22,ham
HAM_SMS_06051,I reached home safely.,22,ham
HAM_SMS_03748,Please confirm your availability for the session.,49,ham
HAM_SMS_00878,Let's discuss the presentation after lunch.,43,ham
HAM_SMS_00794,Please call me when you are free.,33,ham
HAM_SMS_00791,Let's discuss the presentation after lunch.,43,ham
HAM_SMS_01422,The interview schedule will be shared soon.,43,ham
SPAM_SMS_02127,Your loan is approved. Pay processing fee to receive funds.,59,spam
SPAM_SMS_01492,You won a shopping voucher. Claim it today.,43,spam
SPAM_SMS_00107,Final warning! Complete KYC verification now.,45,spam
HAM_SMS_01823,Your order has been delivered successfully.,43,ham
HAM_SMS_01415,Let's discuss the presentation after lunch.,43,ham
HAM_SMS_00177,The interview schedule will be shared soon.,43,ham
HAM_SMS_05599,Please find the details shared in the group.,44,ham
SPAM_SMS_00375,You won a shopping voucher. Claim it today.,43,spam
SPAM_SMS_01600,Earn money from home without investment. Join now.,50,spam
HAM_SMS_01955,Please call me when you are free.,33,ham
SPAM_SMS_01165,Win money instantly. Register today and claim your bonus.,57,spam
HAM_SMS_07457,Your class schedule has been updated for tomorrow.,50,ham
HAM_SMS_02204,Please confirm your availability for the session.,49,ham
HAM_SMS_05956,The interview schedule will be shared soon.,43,ham
SPAM_SMS_00306,You won a shopping voucher. Claim it today.,43,spam
HAM_SMS_05660,Please find the details shared in the group.,44,ham
HAM_SMS_03530,Reminder: submit your assignment before the deadline.,53,ham
HAM_SMS_01989,Please call me when you are free.,33,ham
HAM_SMS_05237,Let's discuss the presentation after lunch.,43,ham
SPAM_SMS_00225,Earn money from home without investment. Join now.,50,spam
HAM_SMS_04180,Your order has been delivered successfully.,43,ham
SPAM_SMS_02061,Win money instantly. Register today and claim your bonus.,57,spam
HAM_SMS_07480,Thank you for your message. I will check and reply soon.,56,ham
HAM_SMS_04839,The meeting has been shifted to 4 PM.,37,ham
SPAM_SMS_02216,Your mobile number has won a lottery prize.,43,spam
HAM_SMS_00240,Let's discuss the presentation after lunch.,43,ham
HAM_SMS_05245,Your class schedule has been updated for tomorrow.,50,ham
HAM_SMS_07329,Let's discuss the presentation after lunch.,43,ham
HAM_SMS_02404,Can you send me the notes from today's lecture?,47,ham
HAM_SMS_01631,Please confirm your availability for the session.,49,ham
HAM_SMS_02499,The interview schedule will be shared soon.,43,ham
HAM_SMS_02829,I reached home safely.,22,ham
HAM_SMS_04131,Please call me when you are free.,33,ham
HAM_SMS_00235,Your payment has been received successfully.,44,ham
HAM_SMS_01321,Your order has been delivered successfully.,43,ham
SPAM_SMS_00091,Congratulations! You have won a cash prize. Click the link to claim now.,72,spam
HAM_SMS_07317,The report is ready for review.,31,ham
SPAM_SMS_00502,Earn money from home without investment. Join now.,50,spam
HAM_SMS_06454,"Hey, are we meeting today for the project discussion?",53,ham
SPAM_SMS_00732,You won a shopping voucher. Claim it today.,43,spam
HAM_SMS_02733,The meeting has been shifted to 4 PM.,37,ham
HAM_SMS_02816,Please confirm your availability for the session.,49,ham
HAM_SMS_00237,The report is ready for review.,31,ham
SPAM_SMS_02383,Earn money from home without investment. Join now.,50,spam
SPAM_SMS_02468,Final warning! Complete KYC verification now.,45,spam
SPAM_SMS_01301,Earn money from home without investment. Join now.,50,spam
HAM_SMS_02804,The meeting has been shifted to 4 PM.,37,ham
HAM_SMS_07169,Reminder: submit your assignment before the deadline.,53,ham
SPAM_SMS_00412,Win money instantly. Register today and claim your bonus.,57,spam
HAM_SMS_00043,Please call me when you are free.,33,ham
SPAM_SMS_00401,Your loan is approved. Pay processing fee to receive funds.,59,spam
HAM_SMS_07171,Please find the details shared in the group.,44,ham
HAM_SMS_00725,The meeting has been shifted to 4 PM.,37,ham
SPAM_SMS_02251,You won a shopping voucher. Claim it today.,43,spam
HAM_SMS_04782,Thank you for your message. I will check and reply soon.,56,ham
HAM_SMS_01709,Your class schedule has been updated for tomorrow.,50,ham
HAM_SMS_04269,Reminder: submit your assignment before the deadline.,53,ham
HAM_SMS_01413,Reminder: submit your assignment before the deadline.,53,ham
HAM_SMS_02179,The interview schedule will be shared soon.,43,ham
HAM_SMS_06493,Can you send me the notes from today's lecture?,47,ham
HAM_SMS_03627,Can you send me the notes from today's lecture?,47,ham
HAM_SMS_07243,Please find the details shared in the group.,44,ham
HAM_SMS_05229,I reached home safely.,22,ham
HAM_SMS_07073,Thank you for your message. I will check and reply soon.,56,ham
HAM_SMS_07034,"Hey, are we meeting today for the project discussion?",53,ham
SPAM_SMS_01741,Limited time offer. Get free coupons by clicking this link.,59,spam
HAM_SMS_01588,Reminder: submit your assignment before the deadline.,53,ham
SPAM_SMS_00587,Suspicious login detected. Update your password immediately.,60,spam
HAM_SMS_05406,The interview schedule will be shared soon.,43,ham
HAM_SMS_01072,Please find the details shared in the group.,44,ham
SPAM_SMS_02083,Congratulations! You have won a cash prize. Click the link to claim now.,72,spam
HAM_SMS_07467,The report is ready for review.,31,ham
HAM_SMS_07138,Please confirm your availability for the session.,49,ham
HAM_SMS_06117,I reached home safely.,22,ham
HAM_SMS_03538,Please find the details shared in the group.,44,ham
HAM_SMS_01563,The report is ready for review.,31,ham
SPAM_SMS_00134,You won a shopping voucher. Claim it today.,43,spam
SPAM_SMS_01158,Urgent! Your bank account will be blocked. Verify your details immediately.,75,spam
HAM_SMS_06513,Please call me when you are free.,33,ham
HAM_SMS_04292,Reminder: submit your assignment before the deadline.,53,ham
SPAM_SMS_00950,Win money instantly. Register today and claim your bonus.,57,spam
HAM_SMS_01304,Thank you for your message. I will check and reply soon.,56,ham
HAM_SMS_02227,The interview schedule will be shared soon.,43,ham
HAM_SMS_05900,"Hey, are we meeting today for the project discussion?",53,ham
SPAM_SMS_00501,Win money instantly. Register today and claim your bonus.,57,spam
HAM_SMS_07027,Reminder: submit your assignment before the deadline.,53,ham
SPAM_SMS_00650,Exclusive offer only for you. Click here to redeem.,51,spam
HAM_SMS_06966,Your payment has been received successfully.,44,ham
HAM_SMS_01930,Thank you for your message. I will check and reply soon.,56,ham
HAM_SMS_02851,Please confirm your availability for the session.,49,ham
HAM_SMS_01942,Please confirm your availability for the session.,49,ham
SPAM_SMS_02042,You are selected for a reward. Send your account details now.,61,spam
SPAM_SMS_01595,Recharge offer available. Get double benefits today.,52,spam
HAM_SMS_02908,Your order has been delivered successfully.,43,ham
SPAM_SMS_02302,You are selected for a reward. Send your account details now.,61,spam
SPAM_SMS_00661,Congratulations! You have won a cash prize. Click the link to claim now.,72,spam
SPAM_SMS_01202,Your loan is approved. Pay processing fee to receive funds.,59,spam
HAM_SMS_03519,Your payment has been received successfully.,44,ham
HAM_SMS_03723,Your order has been delivered successfully.,43,ham
HAM_SMS_02101,The report is ready for review.,31,ham
HAM_SMS_07113,Your class schedule has been updated for tomorrow.,50,ham
HAM_SMS_00025,Can you send me the notes from today's lecture?,47,ham
HAM_SMS_05670,Reminder: submit your assignment before the deadline.,53,ham
HAM_SMS_04428,"Hey, are we meeting today for the project discussion?",53,ham
HAM_SMS_06268,I reached home safely.,22,ham
HAM_SMS_04513,I reached home safely.,22,ham
SPAM_SMS_00067,Earn money from home without investment. Join now.,50,spam
HAM_SMS_06084,Please find the details shared in the group.,44,ham
SPAM_SMS_00865,Suspicious login detected. Update your password immediately.,60,spam
HAM_SMS_03614,Please find the details shared in the group.,44,ham
HAM_SMS_06148,Reminder: submit your assignment before the deadline.,53,ham
HAM_SMS_02728,Thank you for your message. I will check and reply soon.,56,ham
HAM_SMS_04520,The interview schedule will be shared soon.,43,ham
HAM_SMS_00082,The report is ready for review.,31,ham
HAM_SMS_01385,Let's discuss the presentation after lunch.,43,ham
SPAM_SMS_01963,You are selected for a reward. Send your account details now.,61,spam
HAM_SMS_01476,The meeting has been shifted to 4 PM.,37,ham
HAM_SMS_03670,Your class schedule has been updated for tomorrow.,50,ham
HAM_SMS_01972,Please call me when you are free.,33,ham
HAM_SMS_04938,Your payment has been received successfully.,44,ham
HAM_SMS_06498,The report is ready for review.,31,ham
HAM_SMS_03232,Your payment has been received successfully.,44,ham
HAM_SMS_06539,Your class schedule has been updated for tomorrow.,50,ham
HAM_SMS_06905,Let's discuss the presentation after lunch.,43,ham
HAM_SMS_06859,The report is ready for review.,31,ham
HAM_SMS_02821,I reached home safely.,22,ham
HAM_SMS_03726,The meeting has been shifted to 4 PM.,37,ham
SPAM_SMS_01263,Your mobile number has won a lottery prize.,43,spam
HAM_SMS_01174,The report is ready for review.,31,ham
SPAM_SMS_02160,Free entry in a lucky draw. Text WIN to claim your reward.,58,spam
HAM_SMS_02506,The interview schedule will be shared soon.,43,ham
HAM_SMS_05871,Let's discuss the presentation after lunch.,43,ham
HAM_SMS_05458,Your order has been delivered successfully.,43,ham
HAM_SMS_03439,Please call me when you are free.,33,ham
HAM_SMS_05629,Can you send me the notes from today's lecture?,47,ham
HAM_SMS_01151,Thank you for your message. I will check and reply soon.,56,ham
HAM_SMS_06731,I reached home safely.,22,ham
SPAM_SMS_01273,Free entry in a lucky draw. Text WIN to claim your reward.,58,spam
HAM_SMS_00572,Your payment has been received successfully.,44,ham
HAM_SMS_00138,Reminder: submit your assignment before the deadline.,53,ham
SPAM_SMS_01561,Your mobile number has won a lottery prize.,43,spam
HAM_SMS_01570,Please confirm your availability for the session.,49,ham
HAM_SMS_04679,Your class schedule has been updated for tomorrow.,50,ham
HAM_SMS_04779,Please confirm your availability for the session.,49,ham
HAM_SMS_04697,Let's discuss the presentation after lunch.,43,ham
HAM_SMS_05352,"Hey, are we meeting today for the project discussion?",53,ham
HAM_SMS_02324,Please confirm your availability for the session.,49,ham
HAM_SMS_05381,Your class schedule has been updated for tomorrow.,50,ham
HAM_SMS_03048,The report is ready for review.,31,ham
SPAM_SMS_01193,Your mobile number has won a lottery prize.,43,spam
HAM_SMS_06213,Thank you for your message. I will check and reply soon.,56,ham
SPAM_SMS_00108,Your mobile number has won a lottery prize.,43,spam
HAM_SMS_06763,Please find the details shared in the group.,44,ham
HAM_SMS_02284,Reminder: submit your assignment before the deadline.,53,ham
HAM_SMS_04624,The interview schedule will be shared soon.,43,ham
HAM_SMS_05674,Your class schedule has been updated for tomorrow.,50,ham
HAM_SMS_05446,The meeting has been shifted to 4 PM.,37,ham
SPAM_SMS_01847,Congratulations! You have won a cash prize. Click the link to claim now.,72,spam
HAM_SMS_04040,"Hey, are we meeting today for the project discussion?",53,ham
SPAM_SMS_02191,Final warning! Complete KYC verification now.,45,spam
HAM_SMS_04861,"Hey, are we meeting today for the project discussion?",53,ham
HAM_SMS_06754,Reminder: submit your assignment before the deadline.,53,ham
SPAM_SMS_01971,Recharge offer available. Get double benefits today.,52,spam
HAM_SMS_05224,Your class schedule has been updated for tomorrow.,50,ham
HAM_SMS_00608,Your payment has been received successfully.,44,ham
HAM_SMS_05935,Please call me when you are free.,33,ham
HAM_SMS_02184,"Hey, are we meeting today for the project discussion?",53,ham
HAM_SMS_05751,Please confirm your availability for the session.,49,ham
HAM_SMS_01964,Reminder: submit your assignment before the deadline.,53,ham
HAM_SMS_05632,Can you send me the notes from today's lecture?,47,ham
HAM_SMS_07158,Let's discuss the presentation after lunch.,43,ham
HAM_SMS_05697,Your order has been delivered successfully.,43,ham
HAM_SMS_06138,Reminder: submit your assignment before the deadline.,53,ham
SPAM_SMS_00036,Recharge offer available. Get double benefits today.,52,spam
SPAM_SMS_00043,Suspicious login detected. Update your password immediately.,60,spam
HAM_SMS_02455,The meeting has been shifted to 4 PM.,37,ham
HAM_SMS_00421,Can you send me the notes from today's lecture?,47,ham
HAM_SMS_02866,Thank you for your message. I will check and reply soon.,56,ham
SPAM_SMS_01794,Win money instantly. Register today and claim your bonus.,57,spam
SPAM_SMS_01652,You won a shopping voucher. Claim it today.,43,spam
HAM_SMS_00570,Thank you for your message. I will check and reply soon.,56,ham
HAM_SMS_06950,The interview schedule will be shared soon.,43,ham
HAM_SMS_07353,Thank you for your message. I will check and reply soon.,56,ham
HAM_SMS_05292,The meeting has been shifted to 4 PM.,37,ham
HAM_SMS_03398,The interview schedule will be shared soon.,43,ham
SPAM_SMS_02212,Exclusive offer only for you. Click here to redeem.,51,spam
HAM_SMS_01293,Your order has been delivered successfully.,43,ham
HAM_SMS_02253,Your order has been delivered successfully.,43,ham
HAM_SMS_03524,Let's discuss the presentation after lunch.,43,ham
HAM_SMS_02947,Can you send me the notes from today's lecture?,47,ham
HAM_SMS_01614,Your class schedule has been updated for tomorrow.,50,ham
HAM_SMS_03512,Can you send me the notes from today's lecture?,47,ham
SPAM_SMS_01485,Your mobile number has won a lottery prize.,43,spam
HAM_SMS_00384,The interview schedule will be shared soon.,43,ham
SPAM_SMS_00607,Congratulations! You have won a cash prize. Click the link to claim now.,72,spam
HAM_SMS_06184,The interview schedule will be shared soon.,43,ham
HAM_SMS_02416,Your order has been delivered successfully.,43,ham
HAM_SMS_00935,Your order has been delivered successfully.,43,ham
HAM_SMS_04812,The meeting has been shifted to 4 PM.,37,ham
HAM_SMS_04075,The interview schedule will be shared soon.,43,ham
HAM_SMS_04768,I reached home safely.,22,ham
HAM_SMS_07268,The report is ready for review.,31,ham
HAM_SMS_02990,Your payment has been received successfully.,44,ham
SPAM_SMS_01261,Free entry in a lucky draw. Text WIN to claim your reward.,58,spam
SPAM_SMS_01287,Earn money from home without investment. Join now.,50,spam
HAM_SMS_04769,The report is ready for review.,31,ham
HAM_SMS_05149,Please confirm your availability for the session.,49,ham
SPAM_SMS_01684,You are selected for a reward. Send your account details now.,61,spam
HAM_SMS_01672,The report is ready for review.,31,ham
HAM_SMS_07179,Your payment has been received successfully.,44,ham
HAM_SMS_01841,Please confirm your availability for the session.,49,ham
HAM_SMS_01169,Please confirm your availability for the session.,49,ham
HAM_SMS_04553,The report is ready for review.,31,ham
HAM_SMS_03070,Please confirm your availability for the session.,49,ham
SPAM_SMS_01497,Suspicious login detected. Update your password immediately.,60,spam
HAM_SMS_00708,Let's discuss the presentation after lunch.,43,ham
HAM_SMS_04889,Please find the details shared in the group.,44,ham
HAM_SMS_04297,The interview schedule will be shared soon.,43,ham
HAM_SMS_00618,The interview schedule will be shared soon.,43,ham
SPAM_SMS_01006,Your mobile number has won a lottery prize.,43,spam
SPAM_SMS_00927,Your loan is approved. Pay processing fee to receive funds.,59,spam
HAM_SMS_03067,"Hey, are we meeting today for the project discussion?",53,ham
SPAM_SMS_00420,Final warning! Complete KYC verification now.,45,spam
HAM_SMS_04650,"Hey, are we meeting today for the project discussion?",53,ham
HAM_SMS_03646,The meeting has been shifted to 4 PM.,37,ham
SPAM_SMS_02252,Your mobile number has won a lottery prize.,43,spam
HAM_SMS_04130,The meeting has been shifted to 4 PM.,37,ham
SPAM_SMS_02062,Your mobile number has won a lottery prize.,43,spam
HAM_SMS_07184,Please find the details shared in the group.,44,ham
HAM_SMS_01480,Your class schedule has been updated for tomorrow.,50,ham
HAM_SMS_02110,"Hey, are we meeting today for the project discussion?",53,ham
HAM_SMS_06524,Your payment has been received successfully.,44,ham
SPAM_SMS_02413,You are selected for a reward. Send your account details now.,61,spam
HAM_SMS_06475,Thank you for your message. I will check and reply soon.,56,ham
HAM_SMS_02070,Please call me when you are free.,33,ham
HAM_SMS_04027,Thank you for your message. I will check and reply soon.,56,ham
SPAM_SMS_01241,Your loan is approved. Pay processing fee to receive funds.,59,spam
SPAM_SMS_00328,Final warning! Complete KYC verification now.,45,spam
HAM_SMS_04614,Your class schedule has been updated for tomorrow.,50,ham
HAM_SMS_03517,"Hey, are we meeting today for the project discussion?",53,ham
SPAM_SMS_00901,Your loan is approved. Pay processing fee to receive funds.,59,spam
HAM_SMS_02323,Your class schedule has been updated for tomorrow.,50,ham
HAM_SMS_00583,The report is ready for review.,31,ham
SPAM_SMS_01452,You are selected for a reward. Send your account details now.,61,spam
HAM_SMS_05154,Please call me when you are free.,33,ham
HAM_SMS_01668,Reminder: submit your assignment before the deadline.,53,ham
HAM_SMS_01517,The report is ready for review.,31,ham
HAM_SMS_04991,The meeting has been shifted to 4 PM.,37,ham
HAM_SMS_00398,Let's discuss the presentation after lunch.,43,ham
HAM_SMS_05553,Your order has been delivered successfully.,43,ham
HAM_SMS_01454,The report is ready for review.,31,ham
HAM_SMS_04470,Please call me when you are free.,33,ham
HAM_SMS_02414,"Hey, are we meeting today for the project discussion?",53,ham
SPAM_SMS_01675,Congratulations! You have won a cash prize. Click the link to claim now.,72,spam
HAM_SMS_04380,The interview schedule will be shared soon.,43,ham
HAM_SMS_00542,Please call me when you are free.,33,ham
HAM_SMS_07252,Your order has been delivered successfully.,43,ham
HAM_SMS_01136,Your class schedule has been updated for tomorrow.,50,ham
SPAM_SMS_02479,Earn money from home without investment. Join now.,50,spam
HAM_SMS_03537,Thank you for your message. I will check and reply soon.,56,ham
HAM_SMS_05892,I reached home safely.,22,ham
HAM_SMS_03907,Please call me when you are free.,33,ham
HAM_SMS_04349,I reached home safely.,22,ham
HAM_SMS_00890,Reminder: submit your assignment before the deadline.,53,ham
HAM_SMS_03928,Please confirm your availability for the session.,49,ham
HAM_SMS_02018,Please confirm your availability for the session.,49,ham
HAM_SMS_02498,Can you send me the notes from today's lecture?,47,ham
HAM_SMS_03780,Please find the details shared in the group.,44,ham
SPAM_SMS_00153,Limited time offer. Get free coupons by clicking this link.,59,spam
SPAM_SMS_00014,Congratulations! You have won a cash prize. Click the link to claim now.,72,spam
SPAM_SMS_01266,Final warning! Complete KYC verification now.,45,spam
HAM_SMS_05235,I reached home safely.,22,ham
HAM_SMS_02996,"Hey, are we meeting today for the project discussion?",53,ham
HAM_SMS_02351,Please call me when you are free.,33,ham
HAM_SMS_00467,The meeting has been shifted to 4 PM.,37,ham
HAM_SMS_05759,I reached home safely.,22,ham
HAM_SMS_01300,Your class schedule has been updated for tomorrow.,50,ham
SPAM_SMS_02218,You are selected for a reward. Send your account details now.,61,spam
SPAM_SMS_01757,Your loan is approved. Pay processing fee to receive funds.,59,spam
HAM_SMS_04110,The interview schedule will be shared soon.,43,ham
HAM_SMS_02093,I reached home safely.,22,ham
HAM_SMS_03629,The interview schedule will be shared soon.,43,ham
HAM_SMS_01058,Please call me when you are free.,33,ham
HAM_SMS_04578,Please find the details shared in the group.,44,ham
HAM_SMS_03203,Thank you for your message. I will check and reply soon.,56,ham
HAM_SMS_00641,Your order has been delivered successfully.,43,ham
HAM_SMS_06926,Reminder: submit your assignment before the deadline.,53,ham
HAM_SMS_02334,The interview schedule will be shared soon.,43,ham
SPAM_SMS_01221,Limited time offer. Get free coupons by clicking this link.,59,spam
SPAM_SMS_02228,Congratulations! You have won a cash prize. Click the link to claim now.,72,spam
HAM_SMS_02679,Thank you for your message. I will check and reply soon.,56,ham
HAM_SMS_00551,"Hey, are we meeting today for the project discussion?",53,ham
HAM_SMS_01168,Thank you for your message. I will check and reply soon.,56,ham
HAM_SMS_00797,Please call me when you are free.,33,ham
HAM_SMS_02834,Please call me when you are free.,33,ham
HAM_SMS_03016,Please find the details shared in the group.,44,ham
HAM_SMS_05392,Please find the details shared in the group.,44,ham
HAM_SMS_06400,The interview schedule will be shared soon.,43,ham
SPAM_SMS_00771,Limited time offer. Get free coupons by clicking this link.,59,spam
HAM_SMS_06596,I reached home safely.,22,ham
HAM_SMS_01446,Please find the details shared in the group.,44,ham
HAM_SMS_05592,I reached home safely.,22,ham
SPAM_SMS_01996,Your mobile number has won a lottery prize.,43,spam
SPAM_SMS_00602,Congratulations! You have won a cash prize. Click the link to claim now.,72,spam
SPAM_SMS_01967,Urgent! Your bank account will be blocked. Verify your details immediately.,75,spam
HAM_SMS_06719,Your class schedule has been updated for tomorrow.,50,ham
HAM_SMS_02759,Please find the details shared in the group.,44,ham
HAM_SMS_06526,The report is ready for review.,31,ham
HAM_SMS_05792,Please call me when you are free.,33,ham
HAM_SMS_04607,Please find the details shared in the group.,44,ham
HAM_SMS_05152,Please find the details shared in the group.,44,ham
SPAM_SMS_00574,Recharge offer available. Get double benefits today.,52,spam
HAM_SMS_05198,Your class schedule has been updated for tomorrow.,50,ham
SPAM_SMS_02491,Recharge offer available. Get double benefits today.,52,spam
HAM_SMS_00650,Please call me when you are free.,33,ham
SPAM_SMS_01179,Your loan is approved. Pay processing fee to receive funds.,59,spam
HAM_SMS_02961,Let's discuss the presentation after lunch.,43,ham
SPAM_SMS_00353,Congratulations! You have won a cash prize. Click the link to claim now.,72,spam
SPAM_SMS_01936,Recharge offer available. Get double benefits today.,52,spam
HAM_SMS_01374,Reminder: submit your assignment before the deadline.,53,ham
SPAM_SMS_01521,Your mobile number has won a lottery prize.,43,spam
SPAM_SMS_01690,Free entry in a lucky draw. Text WIN to claim your reward.,58,spam
HAM_SMS_03192,Please confirm your availability for the session.,49,ham
HAM_SMS_03028,Reminder: submit your assignment before the deadline.,53,ham
HAM_SMS_00707,The interview schedule will be shared soon.,43,ham
HAM_SMS_07135,Please find the details shared in the group.,44,ham
HAM_SMS_06336,The interview schedule will be shared soon.,43,ham
SPAM_SMS_00788,Free entry in a lucky draw. Text WIN to claim your reward.,58,spam
HAM_SMS_06946,I reached home safely.,22,ham
HAM_SMS_06483,Thank you for your message. I will check and reply soon.,56,ham
HAM_SMS_01807,Let's discuss the presentation after lunch.,43,ham
HAM_SMS_03320,Can you send me the notes from today's lecture?,47,ham
HAM_SMS_06941,Let's discuss the presentation after lunch.,43,ham
HAM_SMS_04526,Let's discuss the presentation after lunch.,43,ham
SPAM_SMS_00638,Recharge offer available. Get double benefits today.,52,spam
HAM_SMS_03874,Your payment has been received successfully.,44,ham
HAM_SMS_07443,Your class schedule has been updated for tomorrow.,50,ham
HAM_SMS_07328,The report is ready for review.,31,ham
HAM_SMS_07137,Let's discuss the presentation after lunch.,43,ham
HAM_SMS_04076,"Hey, are we meeting today for the project discussion?",53,ham
HAM_SMS_01326,Can you send me the notes from today's lecture?,47,ham
HAM_SMS_06781,"Hey, are we meeting today for the project discussion?",53,ham
HAM_SMS_07306,Please find the details shared in the group.,44,ham
HAM_SMS_07013,Please confirm your availability for the session.,49,ham
HAM_SMS_06998,Your order has been delivered successfully.,43,ham
HAM_SMS_03939,The interview schedule will be shared soon.,43,ham
HAM_SMS_05288,Please find the details shared in the group.,44,ham
HAM_SMS_07479,The interview schedule will be shared soon.,43,ham
HAM_SMS_03418,Please find the details shared in the group.,44,ham
SPAM_SMS_02001,Recharge offer available. Get double benefits today.,52,spam
HAM_SMS_07186,Please call me when you are free.,33,ham
HAM_SMS_03746,Your payment has been received successfully.,44,ham
HAM_SMS_05884,The report is ready for review.,31,ham
HAM_SMS_07275,Can you send me the notes from today's lecture?,47,ham
HAM_SMS_02302,The interview schedule will be shared soon.,43,ham
HAM_SMS_00528,The meeting has been shifted to 4 PM.,37,ham
HAM_SMS_06557,The meeting has been shifted to 4 PM.,37,ham
HAM_SMS_00223,The interview schedule will be shared soon.,43,ham
HAM_SMS_00353,Let's discuss the presentation after lunch.,43,ham
HAM_SMS_01084,Let's discuss the presentation after lunch.,43,ham
SPAM_SMS_02164,Win money instantly. Register today and claim your bonus.,57,spam
HAM_SMS_01837,The interview schedule will be shared soon.,43,ham
HAM_SMS_03373,Your payment has been received successfully.,44,ham
HAM_SMS_02305,Your order has been delivered successfully.,43,ham
HAM_SMS_04748,Your order has been delivered successfully.,43,ham
HAM_SMS_05856,The meeting has been shifted to 4 PM.,37,ham
SPAM_SMS_00389,Final warning! Complete KYC verification now.,45,spam
HAM_SMS_00950,The report is ready for review.,31,ham
SPAM_SMS_01156,Your mobile number has won a lottery prize.,43,spam
HAM_SMS_05088,Can you send me the notes from today's lecture?,47,ham
HAM_SMS_02740,Reminder: submit your assignment before the deadline.,53,ham
HAM_SMS_06875,Can you send me the notes from today's lecture?,47,ham
HAM_SMS_00387,Your payment has been received successfully.,44,ham
HAM_SMS_05733,Reminder: submit your assignment before the deadline.,53,ham
SPAM_SMS_00893,Limited time offer. Get free coupons by clicking this link.,59,spam
HAM_SMS_00010,Your order has been delivered successfully.,43,ham
HAM_SMS_05090,I reached home safely.,22,ham
SPAM_SMS_01997,You are selected for a reward. Send your account details now.,61,spam
HAM_SMS_00603,Please call me when you are free.,33,ham
SPAM_SMS_01002,Urgent! Your bank account will be blocked. Verify your details immediately.,75,spam
HAM_SMS_00188,Thank you for your message. I will check and reply soon.,56,ham
SPAM_SMS_02495,Earn money from home without investment. Join now.,50,spam
HAM_SMS_01743,I reached home safely.,22,ham
HAM_SMS_00600,The interview schedule will be shared soon.,43,ham
HAM_SMS_05204,Please confirm your availability for the session.,49,ham
HAM_SMS_06962,Your class schedule has been updated for tomorrow.,50,ham
HAM_SMS_06928,I reached home safely.,22,ham
SPAM_SMS_01272,Limited time offer. Get free coupons by clicking this link.,59,spam
HAM_SMS_07233,Let's discuss the presentation after lunch.,43,ham
HAM_SMS_01116,Your class schedule has been updated for tomorrow.,50,ham
HAM_SMS_05545,Your class schedule has been updated for tomorrow.,50,ham
HAM_SMS_00315,Please confirm your availability for the session.,49,ham
HAM_SMS_02214,Your class schedule has been updated for tomorrow.,50,ham
SPAM_SMS_01357,Urgent! Your bank account will be blocked. Verify your details immediately.,75,spam
SPAM_SMS_01550,You are selected for a reward. Send your account details now.,61,spam
HAM_SMS_06657,Please find the details shared in the group.,44,ham
HAM_SMS_02428,Your order has been delivered successfully.,43,ham
HAM_SMS_04191,Thank you for your message. I will check and reply soon.,56,ham
HAM_SMS_02023,Can you send me the notes from today's lecture?,47,ham
HAM_SMS_04546,Let's discuss the presentation after lunch.,43,ham
HAM_SMS_00550,Your payment has been received successfully.,44,ham
HAM_SMS_01055,The report is ready for review.,31,ham
SPAM_SMS_01185,You won a shopping voucher. Claim it today.,43,spam
HAM_SMS_04828,The interview schedule will be shared soon.,43,ham
HAM_SMS_06984,Thank you for your message. I will check and reply soon.,56,ham
HAM_SMS_05712,Please confirm your availability for the session.,49,ham
HAM_SMS_04193,"Hey, are we meeting today for the project discussion?",53,ham
SPAM_SMS_01718,Earn money from home without investment. Join now.,50,spam
HAM_SMS_04001,Can you send me the notes from today's lecture?,47,ham
HAM_SMS_05445,"Hey, are we meeting today for the project discussion?",53,ham
SPAM_SMS_01449,Limited time offer. Get free coupons by clicking this link.,59,spam
SPAM_SMS_00690,Free entry in a lucky draw. Text WIN to claim your reward.,58,spam
HAM_SMS_04343,Please confirm your availability for the session.,49,ham
HAM_SMS_03292,Your class schedule has been updated for tomorrow.,50,ham
HAM_SMS_00221,Reminder: submit your assignment before the deadline.,53,ham
SPAM_SMS_00914,Final warning! Complete KYC verification now.,45,spam
HAM_SMS_05130,I reached home safely.,22,ham
HAM_SMS_03491,Please find the details shared in the group.,44,ham
HAM_SMS_06243,The meeting has been shifted to 4 PM.,37,ham
HAM_SMS_02307,The report is ready for review.,31,ham
HAM_SMS_03057,Your class schedule has been updated for tomorrow.,50,ham
HAM_SMS_05239,Please confirm your availability for the session.,49,ham
HAM_SMS_00253,I reached home safely.,22,ham
SPAM_SMS_00479,Free entry in a lucky draw. Text WIN to claim your reward.,58,spam
HAM_SMS_05436,The report is ready for review.,31,ham
HAM_SMS_00873,Please call me when you are free.,33,ham
HAM_SMS_06772,Your class schedule has been updated for tomorrow.,50,ham
SPAM_SMS_00977,Limited time offer. Get free coupons by clicking this link.,59,spam
SPAM_SMS_01361,Urgent! Your bank account will be blocked. Verify your details immediately.,75,spam
SPAM_SMS_00653,Free entry in a lucky draw. Text WIN to claim your reward.,58,spam
HAM_SMS_02991,Please call me when you are free.,33,ham
HAM_SMS_06130,Your order has been delivered successfully.,43,ham
HAM_SMS_02457,Please confirm your availability for the session.,49,ham
HAM_SMS_07020,Reminder: submit your assignment before the deadline.,53,ham
HAM_SMS_04976,Please confirm your availability for the session.,49,ham
HAM_SMS_07157,Please confirm your availability for the session.,49,ham
HAM_SMS_06743,Please find the details shared in the group.,44,ham
SPAM_SMS_00198,Exclusive offer only for you. Click here to redeem.,51,spam
SPAM_SMS_00007,Your mobile number has won a lottery prize.,43,spam
HAM_SMS_00423,Please find the details shared in the group.,44,ham
HAM_SMS_02714,Your class schedule has been updated for tomorrow.,50,ham
HAM_SMS_02248,Can you send me the notes from today's lecture?,47,ham
HAM_SMS_05032,The report is ready for review.,31,ham
HAM_SMS_01770,The report is ready for review.,31,ham
HAM_SMS_05984,Your order has been delivered successfully.,43,ham
HAM_SMS_03108,"Hey, are we meeting today for the project discussion?",53,ham
HAM_SMS_07059,Thank you for your message. I will check and reply soon.,56,ham
HAM_SMS_02894,"Hey, are we meeting today for the project discussion?",53,ham
SPAM_SMS_00522,You won a shopping voucher. Claim it today.,43,spam
HAM_SMS_05987,Your class schedule has been updated for tomorrow.,50,ham
SPAM_SMS_00391,Final warning! Complete KYC verification now.,45,spam
HAM_SMS_03885,Please confirm your availability for the session.,49,ham
HAM_SMS_05368,Your order has been delivered successfully.,43,ham
HAM_SMS_06816,Thank you for your message. I will check and reply soon.,56,ham
HAM_SMS_01477,The meeting has been shifted to 4 PM.,37,ham
HAM_SMS_05086,Your order has been delivered successfully.,43,ham
HAM_SMS_01926,The meeting has been shifted to 4 PM.,37,ham
SPAM_SMS_00397,Suspicious login detected. Update your password immediately.,60,spam
HAM_SMS_05612,The meeting has been shifted to 4 PM.,37,ham
HAM_SMS_02383,Please find the details shared in the group.,44,ham
HAM_SMS_01629,Your order has been delivered successfully.,43,ham
HAM_SMS_01089,The interview schedule will be shared soon.,43,ham
HAM_SMS_05276,"Hey, are we meeting today for the project discussion?",53,ham
HAM_SMS_04531,"Hey, are we meeting today for the project discussion?",53,ham
HAM_SMS_05707,The report is ready for review.,31,ham
HAM_SMS_07101,Your payment has been received successfully.,44,ham
SPAM_SMS_02151,Free entry in a lucky draw. Text WIN to claim your reward.,58,spam
HAM_SMS_02152,Can you send me the notes from today's lecture?,47,ham
HAM_SMS_04019,The meeting has been shifted to 4 PM.,37,ham
HAM_SMS_03612,Please call me when you are free.,33,ham
HAM_SMS_04900,Your payment has been received successfully.,44,ham
HAM_SMS_05279,Your order has been delivered successfully.,43,ham
HAM_SMS_05794,The report is ready for review.,31,ham
HAM_SMS_02343,Your payment has been received successfully.,44,ham
HAM_SMS_02474,The meeting has been shifted to 4 PM.,37,ham
HAM_SMS_00214,The interview schedule will be shared soon.,43,ham
HAM_SMS_04882,Reminder: submit your assignment before the deadline.,53,ham
SPAM_SMS_00752,Congratulations! You have won a cash prize. Click the link to claim now.,72,spam
HAM_SMS_05364,The report is ready for review.,31,ham
HAM_SMS_02765,"Hey, are we meeting today for the project discussion?",53,ham
HAM_SMS_05171,The interview schedule will be shared soon.,43,ham
SPAM_SMS_00612,Congratulations! You have won a cash prize. Click the link to claim now.,72,spam
HAM_SMS_05679,Reminder: submit your assignment before the deadline.,53,ham
HAM_SMS_00477,Thank you for your message. I will check and reply soon.,56,ham
HAM_SMS_01628,Thank you for your message. I will check and reply soon.,56,ham
HAM_SMS_07090,Can you send me the notes from today's lecture?,47,ham
SPAM_SMS_00161,Final warning! Complete KYC verification now.,45,spam
HAM_SMS_02396,Please confirm your availability for the session.,49,ham
HAM_SMS_05866,Please find the details shared in the group.,44,ham
HAM_SMS_06508,Thank you for your message. I will check and reply soon.,56,ham
HAM_SMS_03515,The meeting has been shifted to 4 PM.,37,ham
HAM_SMS_03554,Your payment has been received successfully.,44,ham
SPAM_SMS_00691,Free entry in a lucky draw. Text WIN to claim your reward.,58,spam
HAM_SMS_00430,"Hey, are we meeting today for the project discussion?",53,ham
HAM_SMS_05093,Can you send me the notes from today's lecture?,47,ham
HAM_SMS_03996,I reached home safely.,22,ham
SPAM_SMS_02370,Recharge offer available. Get double benefits today.,52,spam
HAM_SMS_03879,I reached home safely.,22,ham
HAM_SMS_03290,Reminder: submit your assignment before the deadline.,53,ham
HAM_SMS_06362,Reminder: submit your assignment before the deadline.,53,ham
SPAM_SMS_02114,Suspicious login detected. Update your password immediately.,60,spam
HAM_SMS_04755,Your class schedule has been updated for tomorrow.,50,ham
SPAM_SMS_01210,Win money instantly. Register today and claim your bonus.,57,spam
HAM_SMS_03639,The interview schedule will be shared soon.,43,ham
HAM_SMS_03846,Please call me when you are free.,33,ham
HAM_SMS_07406,Let's discuss the presentation after lunch.,43,ham
HAM_SMS_06150,Please call me when you are free.,33,ham
HAM_SMS_01899,The interview schedule will be shared soon.,43,ham
SPAM_SMS_00464,Limited time offer. Get free coupons by clicking this link.,59,spam
SPAM_SMS_02448,Claim your free gift card now before it expires.,48,spam
HAM_SMS_02449,Your payment has been received successfully.,44,ham
HAM_SMS_06640,I reached home safely.,22,ham
SPAM_SMS_00095,Recharge offer available. Get double benefits today.,52,spam
HAM_SMS_03415,Please call me when you are free.,33,ham
HAM_SMS_01724,The meeting has been shifted to 4 PM.,37,ham
HAM_SMS_01505,Please call me when you are free.,33,ham
SPAM_SMS_02243,Final warning! Complete KYC verification now.,45,spam
HAM_SMS_05915,Reminder: submit your assignment before the deadline.,53,ham
SPAM_SMS_00085,Urgent! Your bank account will be blocked. Verify your details immediately.,75,spam
HAM_SMS_00693,"Hey, are we meeting today for the project discussion?",53,ham
HAM_SMS_03313,The meeting has been shifted to 4 PM.,37,ham
HAM_SMS_05716,Let's discuss the presentation after lunch.,43,ham
HAM_SMS_03129,The meeting has been shifted to 4 PM.,37,ham
HAM_SMS_03457,Please confirm your availability for the session.,49,ham
HAM_SMS_05070,Please confirm your availability for the session.,49,ham
HAM_SMS_05480,The meeting has been shifted to 4 PM.,37,ham
HAM_SMS_02046,I reached home safely.,22,ham
HAM_SMS_02277,I reached home safely.,22,ham
HAM_SMS_05583,The meeting has been shifted to 4 PM.,37,ham
SPAM_SMS_01457,Win money instantly. Register today and claim your bonus.,57,spam
SPAM_SMS_00743,You won a shopping voucher. Claim it today.,43,spam
SPAM_SMS_01145,Suspicious login detected. Update your password immediately.,60,spam
HAM_SMS_00408,Let's discuss the presentation after lunch.,43,ham
HAM_SMS_05978,The meeting has been shifted to 4 PM.,37,ham
HAM_SMS_01195,Please find the details shared in the group.,44,ham
SPAM_SMS_01622,Suspicious login detected. Update your password immediately.,60,spam
HAM_SMS_03934,Let's discuss the presentation after lunch.,43,ham
HAM_SMS_01851,Your class schedule has been updated for tomorrow.,50,ham
HAM_SMS_06265,Can you send me the notes from today's lecture?,47,ham
HAM_SMS_02086,The report is ready for review.,31,ham
SPAM_SMS_00075,Suspicious login detected. Update your password immediately.,60,spam
HAM_SMS_06853,Can you send me the notes from today's lecture?,47,ham
HAM_SMS_06303,Reminder: submit your assignment before the deadline.,53,ham
HAM_SMS_03812,The report is ready for review.,31,ham
HAM_SMS_02274,Let's discuss the presentation after lunch.,43,ham
HAM_SMS_03325,Can you send me the notes from today's lecture?,47,ham
SPAM_SMS_01934,Claim your free gift card now before it expires.,48,spam
SPAM_SMS_01768,You won a shopping voucher. Claim it today.,43,spam
HAM_SMS_05437,The meeting has been shifted to 4 PM.,37,ham
HAM_SMS_01957,I reached home safely.,22,ham
HAM_SMS_06626,I reached home safely.,22,ham
SPAM_SMS_01531,Recharge offer available. Get double benefits today.,52,spam
SPAM_SMS_00777,You won a shopping voucher. Claim it today.,43,spam
HAM_SMS_05358,Please call me when you are free.,33,ham
HAM_SMS_06648,Your order has been delivered successfully.,43,ham
HAM_SMS_03765,The report is ready for review.,31,ham
HAM_SMS_06193,The interview schedule will be shared soon.,43,ham
SPAM_SMS_01472,Limited time offer. Get free coupons by clicking this link.,59,spam
HAM_SMS_06525,Reminder: submit your assignment before the deadline.,53,ham
HAM_SMS_02757,Please confirm your availability for the session.,49,ham
HAM_SMS_03155,The interview schedule will be shared soon.,43,ham
SPAM_SMS_01372,Congratulations! You have won a cash prize. Click the link to claim now.,72,spam
HAM_SMS_04764,The interview schedule will be shared soon.,43,ham
SPAM_SMS_01422,Recharge offer available. Get double benefits today.,52,spam
HAM_SMS_05648,I reached home safely.,22,ham
SPAM_SMS_00050,You are selected for a reward. Send your account details now.,61,spam
HAM_SMS_04961,Your class schedule has been updated for tomorrow.,50,ham
HAM_SMS_01296,Reminder: submit your assignment before the deadline.,53,ham
HAM_SMS_00788,Please call me when you are free.,33,ham
HAM_SMS_07155,Please confirm your availability for the session.,49,ham
HAM_SMS_00809,Your payment has been received successfully.,44,ham
HAM_SMS_00289,Reminder: submit your assignment before the deadline.,53,ham
HAM_SMS_05738,Please call me when you are free.,33,ham
HAM_SMS_05388,Let's discuss the presentation after lunch.,43,ham
HAM_SMS_05840,Please call me when you are free.,33,ham
HAM_SMS_07205,"Hey, are we meeting today for the project discussion?",53,ham
HAM_SMS_07066,The meeting has been shifted to 4 PM.,37,ham
SPAM_SMS_00415,Free entry in a lucky draw. Text WIN to claim your reward.,58,spam
HAM_SMS_01751,The report is ready for review.,31,ham
HAM_SMS_03860,Let's discuss the presentation after lunch.,43,ham
HAM_SMS_02589,"Hey, are we meeting today for the project discussion?",53,ham
SPAM_SMS_00074,Claim your free gift card now before it expires.,48,spam
HAM_SMS_05063,Please call me when you are free.,33,ham
HAM_SMS_02049,Please confirm your availability for the session.,49,ham
SPAM_SMS_01077,Urgent! Your bank account will be blocked. Verify your details immediately.,75,spam
HAM_SMS_03579,Thank you for your message. I will check and reply soon.,56,ham
HAM_SMS_03217,Let's discuss the presentation after lunch.,43,ham
HAM_SMS_02784,Reminder: submit your assignment before the deadline.,53,ham
HAM_SMS_02840,The meeting has been shifted to 4 PM.,37,ham
HAM_SMS_05762,The interview schedule will be shared soon.,43,ham
HAM_SMS_07129,Please confirm your availability for the session.,49,ham
SPAM_SMS_01842,Final warning! Complete KYC verification now.,45,spam
SPAM_SMS_00404,Win money instantly. Register today and claim your bonus.,57,spam
HAM_SMS_07141,The interview schedule will be shared soon.,43,ham
HAM_SMS_02516,The report is ready for review.,31,ham
HAM_SMS_04488,The meeting has been shifted to 4 PM.,37,ham
HAM_SMS_00834,Please call me when you are free.,33,ham
HAM_SMS_00654,The meeting has been shifted to 4 PM.,37,ham
SPAM_SMS_00869,You are selected for a reward. Send your account details now.,61,spam
HAM_SMS_07261,Reminder: submit your assignment before the deadline.,53,ham
HAM_SMS_02289,I reached home safely.,22,ham
HAM_SMS_05104,Please find the details shared in the group.,44,ham
HAM_SMS_00081,Your payment has been received successfully.,44,ham
HAM_SMS_02761,Your payment has been received successfully.,44,ham
SPAM_SMS_01540,Earn money from home without investment. Join now.,50,spam
SPAM_SMS_00292,Limited time offer. Get free coupons by clicking this link.,59,spam
HAM_SMS_02483,Reminder: submit your assignment before the deadline.,53,ham
HAM_SMS_06586,Please find the details shared in the group.,44,ham
HAM_SMS_00227,Reminder: submit your assignment before the deadline.,53,ham
SPAM_SMS_00508,Win money instantly. Register today and claim your bonus.,57,spam
HAM_SMS_02286,Please confirm your availability for the session.,49,ham
HAM_SMS_00577,Your class schedule has been updated for tomorrow.,50,ham
HAM_SMS_00204,I reached home safely.,22,ham
HAM_SMS_00624,Please confirm your availability for the session.,49,ham
HAM_SMS_00526,Please confirm your availability for the session.,49,ham
HAM_SMS_02568,Can you send me the notes from today's lecture?,47,ham
HAM_SMS_04996,Thank you for your message. I will check and reply soon.,56,ham
HAM_SMS_03477,The interview schedule will be shared soon.,43,ham
HAM_SMS_04963,"Hey, are we meeting today for the project discussion?",53,ham
HAM_SMS_07150,Your class schedule has been updated for tomorrow.,50,ham
HAM_SMS_02637,The interview schedule will be shared soon.,43,ham
HAM_SMS_06106,Please call me when you are free.,33,ham
SPAM_SMS_00805,Urgent! Your bank account will be blocked. Verify your details immediately.,75,spam
HAM_SMS_02174,The interview schedule will be shared soon.,43,ham
HAM_SMS_01147,Your order has been delivered successfully.,43,ham
HAM_SMS_02968,Reminder: submit your assignment before the deadline.,53,ham
HAM_SMS_02651,Please find the details shared in the group.,44,ham
HAM_SMS_06283,Please find the details shared in the group.,44,ham
HAM_SMS_01895,The report is ready for review.,31,ham
HAM_SMS_07136,The interview schedule will be shared soon.,43,ham
HAM_SMS_00380,The meeting has been shifted to 4 PM.,37,ham
SPAM_SMS_00972,Earn money from home without investment. Join now.,50,spam
SPAM_SMS_00372,You won a shopping voucher. Claim it today.,43,spam
SPAM_SMS_01460,Recharge offer available. Get double benefits today.,52,spam
HAM_SMS_03333,Can you send me the notes from today's lecture?,47,ham
HAM_SMS_02127,Please find the details shared in the group.,44,ham
SPAM_SMS_02112,Recharge offer available. Get double benefits today.,52,spam
HAM_SMS_04123,The report is ready for review.,31,ham
SPAM_SMS_01199,Urgent! Your bank account will be blocked. Verify your details immediately.,75,spam
HAM_SMS_02858,Can you send me the notes from today's lecture?,47,ham
HAM_SMS_00282,Reminder: submit your assignment before the deadline.,53,ham
HAM_SMS_00348,Let's discuss the presentation after lunch.,43,ham
SPAM_SMS_01124,Final warning! Complete KYC verification now.,45,spam
HAM_SMS_05253,Please call me when you are free.,33,ham
HAM_SMS_02722,Your order has been delivered successfully.,43,ham
SPAM_SMS_00156,Free entry in a lucky draw. Text WIN to claim your reward.,58,spam
HAM_SMS_06762,"Hey, are we meeting today for the project discussion?",53,ham
SPAM_SMS_01802,Your loan is approved. Pay processing fee to receive funds.,59,spam
SPAM_SMS_00922,Suspicious login detected. Update your password immediately.,60,spam
HAM_SMS_01045,"Hey, are we meeting today for the project discussion?",53,ham
SPAM_SMS_00774,Urgent! Your bank account will be blocked. Verify your details immediately.,75,spam
HAM_SMS_03228,"Hey, are we meeting today for the project discussion?",53,ham
SPAM_SMS_01013,Free entry in a lucky draw. Text WIN to claim your reward.,58,spam
SPAM_SMS_00126,Congratulations! You have won a cash prize. Click the link to claim now.,72,spam
HAM_SMS_03935,The report is ready for review.,31,ham
HAM_SMS_02371,Can you send me the notes from today's lecture?,47,ham
HAM_SMS_03592,I reached home safely.,22,ham
HAM_SMS_01281,Thank you for your message. I will check and reply soon.,56,ham
HAM_SMS_05690,Please confirm your availability for the session.,49,ham
HAM_SMS_02035,Reminder: submit your assignment before the deadline.,53,ham
HAM_SMS_02541,I reached home safely.,22,ham
HAM_SMS_00280,Thank you for your message. I will check and reply soon.,56,ham
HAM_SMS_03721,Your class schedule has been updated for tomorrow.,50,ham
HAM_SMS_05601,Please call me when you are free.,33,ham
HAM_SMS_06791,The interview schedule will be shared soon.,43,ham
SPAM_SMS_01612,Final warning! Complete KYC verification now.,45,spam
SPAM_SMS_02497,Congratulations! You have won a cash prize. Click the link to claim now.,72,spam
SPAM_SMS_00657,Claim your free gift card now before it expires.,48,spam
SPAM_SMS_01539,Earn money from home without investment. Join now.,50,spam
HAM_SMS_00366,Can you send me the notes from today's lecture?,47,ham
HAM_SMS_01888,The meeting has been shifted to 4 PM.,37,ham
SPAM_SMS_00340,You won a shopping voucher. Claim it today.,43,spam
HAM_SMS_00086,The interview schedule will be shared soon.,43,ham
HAM_SMS_07063,Please confirm your availability for the session.,49,ham
HAM_SMS_05768,Reminder: submit your assignment before the deadline.,53,ham
HAM_SMS_02943,The report is ready for review.,31,ham
HAM_SMS_05555,Please call me when you are free.,33,ham
HAM_SMS_06892,I reached home safely.,22,ham
HAM_SMS_00804,Reminder: submit your assignment before the deadline.,53,ham
SPAM_SMS_00530,Limited time offer. Get free coupons by clicking this link.,59,spam
HAM_SMS_01987,Let's discuss the presentation after lunch.,43,ham
HAM_SMS_07271,Please confirm your availability for the session.,49,ham
HAM_SMS_01115,The report is ready for review.,31,ham
HAM_SMS_04725,Please confirm your availability for the session.,49,ham
HAM_SMS_04743,Reminder: submit your assignment before the deadline.,53,ham
HAM_SMS_05015,Please confirm your availability for the session.,49,ham
HAM_SMS_03159,Please confirm your availability for the session.,49,ham
HAM_SMS_05101,The report is ready for review.,31,ham
HAM_SMS_06469,Please confirm your availability for the session.,49,ham
HAM_SMS_03161,Let's discuss the presentation after lunch.,43,ham
HAM_SMS_07351,Please call me when you are free.,33,ham
HAM_SMS_05855,Your class schedule has been updated for tomorrow.,50,ham
SPAM_SMS_00423,Limited time offer. Get free coupons by clicking this link.,59,spam
SPAM_SMS_01583,Urgent! Your bank account will be blocked. Verify your details immediately.,75,spam
SPAM_SMS_01458,Suspicious login detected. Update your password immediately.,60,spam
HAM_SMS_02122,The report is ready for review.,31,ham
SPAM_SMS_01123,Your loan is approved. Pay processing fee to receive funds.,59,spam
SPAM_SMS_00708,Earn money from home without investment. Join now.,50,spam
HAM_SMS_01002,Your order has been delivered successfully.,43,ham
HAM_SMS_04855,I reached home safely.,22,ham
HAM_SMS_04265,Your payment has been received successfully.,44,ham
SPAM_SMS_00057,Earn money from home without investment. Join now.,50,spam
HAM_SMS_00535,The interview schedule will be shared soon.,43,ham
HAM_SMS_03997,Your class schedule has been updated for tomorrow.,50,ham
SPAM_SMS_00966,Limited time offer. Get free coupons by clicking this link.,59,spam
HAM_SMS_04404,I reached home safely.,22,ham
HAM_SMS_00029,The meeting has been shifted to 4 PM.,37,ham
SPAM_SMS_01246,Final warning! Complete KYC verification now.,45,spam
HAM_SMS_01165,I reached home safely.,22,ham
HAM_SMS_01747,Your payment has been received successfully.,44,ham
HAM_SMS_07381,Please find the details shared in the group.,44,ham
HAM_SMS_06281,The meeting has been shifted to 4 PM.,37,ham
HAM_SMS_04431,"Hey, are we meeting today for the project discussion?",53,ham
HAM_SMS_01829,Please find the details shared in the group.,44,ham
HAM_SMS_00324,The meeting has been shifted to 4 PM.,37,ham
HAM_SMS_02766,Can you send me the notes from today's lecture?,47,ham
HAM_SMS_05178,Please find the details shared in the group.,44,ham
HAM_SMS_06012,The meeting has been shifted to 4 PM.,37,ham
HAM_SMS_02311,Please call me when you are free.,33,ham
HAM_SMS_01365,Please confirm your availability for the session.,49,ham
HAM_SMS_04664,The meeting has been shifted to 4 PM.,37,ham
HAM_SMS_02382,Let's discuss the presentation after lunch.,43,ham
SPAM_SMS_01572,Suspicious login detected. Update your password immediately.,60,spam
HAM_SMS_00198,The report is ready for review.,31,ham
HAM_SMS_01352,Thank you for your message. I will check and reply soon.,56,ham
HAM_SMS_01882,The meeting has been shifted to 4 PM.,37,ham
HAM_SMS_06192,Your payment has been received successfully.,44,ham
HAM_SMS_06655,Please confirm your availability for the session.,49,ham
SPAM_SMS_00670,Congratulations! You have won a cash prize. Click the link to claim now.,72,spam
HAM_SMS_01163,Please call me when you are free.,33,ham
HAM_SMS_05116,Your class schedule has been updated for tomorrow.,50,ham
SPAM_SMS_02116,Free entry in a lucky draw. Text WIN to claim your reward.,58,spam
SPAM_SMS_00822,Suspicious login detected. Update your password immediately.,60,spam
HAM_SMS_02259,Reminder: submit your assignment before the deadline.,53,ham
HAM_SMS_05414,The report is ready for review.,31,ham
HAM_SMS_05823,Your class schedule has been updated for tomorrow.,50,ham
SPAM_SMS_02231,Exclusive offer only for you. Click here to redeem.,51,spam
SPAM_SMS_01055,You won a shopping voucher. Claim it today.,43,spam
HAM_SMS_02427,Can you send me the notes from today's lecture?,47,ham
HAM_SMS_01832,Reminder: submit your assignment before the deadline.,53,ham
HAM_SMS_02308,Your order has been delivered successfully.,43,ham
HAM_SMS_03080,Can you send me the notes from today's lecture?,47,ham
HAM_SMS_01813,Please confirm your availability for the session.,49,ham
SPAM_SMS_02188,Earn money from home without investment. Join now.,50,spam
HAM_SMS_06699,The interview schedule will be shared soon.,43,ham
HAM_SMS_06471,Let's discuss the presentation after lunch.,43,ham
HAM_SMS_00285,Can you send me the notes from today's lecture?,47,ham
HAM_SMS_04711,Please call me when you are free.,33,ham
HAM_SMS_02709,"Hey, are we meeting today for the project discussion?",53,ham
SPAM_SMS_00733,Recharge offer available. Get double benefits today.,52,spam
HAM_SMS_05836,Please call me when you are free.,33,ham
HAM_SMS_06690,Can you send me the notes from today's lecture?,47,ham
HAM_SMS_00578,Please find the details shared in the group.,44,ham
HAM_SMS_03145,Your class schedule has been updated for tomorrow.,50,ham
SPAM_SMS_02440,Win money instantly. Register today and claim your bonus.,57,spam
SPAM_SMS_00426,Free entry in a lucky draw. Text WIN to claim your reward.,58,spam
HAM_SMS_00310,Your payment has been received successfully.,44,ham
SPAM_SMS_01916,You won a shopping voucher. Claim it today.,43,spam
SPAM_SMS_00266,Exclusive offer only for you. Click here to redeem.,51,spam
HAM_SMS_07437,Can you send me the notes from today's lecture?,47,ham
HAM_SMS_01726,Please call me when you are free.,33,ham
SPAM_SMS_00398,Recharge offer available. Get double benefits today.,52,spam
HAM_SMS_02320,Your class schedule has been updated for tomorrow.,50,ham
HAM_SMS_05217,Please confirm your availability for the session.,49,ham
HAM_SMS_02985,Thank you for your message. I will check and reply soon.,56,ham
HAM_SMS_03010,Let's discuss the presentation after lunch.,43,ham
HAM_SMS_06229,Can you send me the notes from today's lecture?,47,ham
HAM_SMS_07048,Your payment has been received successfully.,44,ham
HAM_SMS_05373,Please confirm your availability for the session.,49,ham
HAM_SMS_01596,I reached home safely.,22,ham
HAM_SMS_01619,Can you send me the notes from today's lecture?,47,ham
HAM_SMS_02772,The meeting has been shifted to 4 PM.,37,ham
HAM_SMS_04293,Please find the details shared in the group.,44,ham
HAM_SMS_07472,Please call me when you are free.,33,ham
HAM_SMS_00609,Let's discuss the presentation after lunch.,43,ham
HAM_SMS_04319,Please call me when you are free.,33,ham
HAM_SMS_01104,I reached home safely.,22,ham
HAM_SMS_03169,Please find the details shared in the group.,44,ham
HAM_SMS_02080,I reached home safely.,22,ham
HAM_SMS_05048,"Hey, are we meeting today for the project discussion?",53,ham
HAM_SMS_05940,The meeting has been shifted to 4 PM.,37,ham
HAM_SMS_07079,Your order has been delivered successfully.,43,ham
HAM_SMS_01591,Your payment has been received successfully.,44,ham
HAM_SMS_03685,Please find the details shared in the group.,44,ham
SPAM_SMS_00970,Suspicious login detected. Update your password immediately.,60,spam
HAM_SMS_01932,I reached home safely.,22,ham
HAM_SMS_03082,Your class schedule has been updated for tomorrow.,50,ham
SPAM_SMS_00895,Suspicious login detected. Update your password immediately.,60,spam
SPAM_SMS_01346,Recharge offer available. Get double benefits today.,52,spam
HAM_SMS_06080,Thank you for your message. I will check and reply soon.,56,ham
HAM_SMS_06402,Your class schedule has been updated for tomorrow.,50,ham
SPAM_SMS_01666,Win money instantly. Register today and claim your bonus.,57,spam
SPAM_SMS_00190,Urgent! Your bank account will be blocked. Verify your details immediately.,75,spam
HAM_SMS_04915,Thank you for your message. I will check and reply soon.,56,ham
HAM_SMS_04413,Please call me when you are free.,33,ham
HAM_SMS_04635,Can you send me the notes from today's lecture?,47,ham
HAM_SMS_05168,Please find the details shared in the group.,44,ham
SPAM_SMS_01569,Final warning! Complete KYC verification now.,45,spam
HAM_SMS_04771,Your class schedule has been updated for tomorrow.,50,ham
HAM_SMS_01549,Reminder: submit your assignment before the deadline.,53,ham
HAM_SMS_02603,Your order has been delivered successfully.,43,ham
HAM_SMS_02377,"Hey, are we meeting today for the project discussion?",53,ham
HAM_SMS_03735,Your order has been delivered successfully.,43,ham
SPAM_SMS_00513,Free entry in a lucky draw. Text WIN to claim your reward.,58,spam
HAM_SMS_04128,Please call me when you are free.,33,ham
HAM_SMS_02368,Your payment has been received successfully.,44,ham
HAM_SMS_02031,Please call me when you are free.,33,ham
HAM_SMS_07080,Your class schedule has been updated for tomorrow.,50,ham
HAM_SMS_01389,Thank you for your message. I will check and reply soon.,56,ham
SPAM_SMS_01076,Limited time offer. Get free coupons by clicking this link.,59,spam
SPAM_SMS_02363,Your mobile number has won a lottery prize.,43,spam
HAM_SMS_00586,The meeting has been shifted to 4 PM.,37,ham
HAM_SMS_02581,The meeting has been shifted to 4 PM.,37,ham
HAM_SMS_05731,The report is ready for review.,31,ham
HAM_SMS_07024,Can you send me the notes from today's lecture?,47,ham
HAM_SMS_00962,The meeting has been shifted to 4 PM.,37,ham
HAM_SMS_03111,Your payment has been received successfully.,44,ham
SPAM_SMS_01830,You won a shopping voucher. Claim it today.,43,spam
SPAM_SMS_01284,Exclusive offer only for you. Click here to redeem.,51,spam
HAM_SMS_05949,Reminder: submit your assignment before the deadline.,53,ham
HAM_SMS_04729,Reminder: submit your assignment before the deadline.,53,ham
SPAM_SMS_00218,Your mobile number has won a lottery prize.,43,spam
HAM_SMS_03140,Your class schedule has been updated for tomorrow.,50,ham
SPAM_SMS_01226,Recharge offer available. Get double benefits today.,52,spam
HAM_SMS_05845,I reached home safely.,22,ham
SPAM_SMS_01380,Earn money from home without investment. Join now.,50,spam
HAM_SMS_05887,The interview schedule will be shared soon.,43,ham
SPAM_SMS_01995,Win money instantly. Register today and claim your bonus.,57,spam
HAM_SMS_02617,Can you send me the notes from today's lecture?,47,ham
HAM_SMS_02369,Your class schedule has been updated for tomorrow.,50,ham
HAM_SMS_01976,Thank you for your message. I will check and reply soon.,56,ham
HAM_SMS_03476,Your order has been delivered successfully.,43,ham
SPAM_SMS_01720,Suspicious login detected. Update your password immediately.,60,spam
HAM_SMS_02441,Can you send me the notes from today's lecture?,47,ham
SPAM_SMS_02409,Exclusive offer only for you. Click here to redeem.,51,spam
HAM_SMS_03407,Please find the details shared in the group.,44,ham
SPAM_SMS_01059,Your loan is approved. Pay processing fee to receive funds.,59,spam
SPAM_SMS_02305,Earn money from home without investment. Join now.,50,spam
HAM_SMS_03389,Please call me when you are free.,33,ham
SPAM_SMS_00115,Urgent! Your bank account will be blocked. Verify your details immediately.,75,spam
SPAM_SMS_00127,Suspicious login detected. Update your password immediately.,60,spam
HAM_SMS_00755,Can you send me the notes from today's lecture?,47,ham
SPAM_SMS_02457,Your loan is approved. Pay processing fee to receive funds.,59,spam
HAM_SMS_02108,Your order has been delivered successfully.,43,ham
HAM_SMS_01276,Your order has been delivered successfully.,43,ham
HAM_SMS_04864,Let's discuss the presentation after lunch.,43,ham
HAM_SMS_00098,Your class schedule has been updated for tomorrow.,50,ham
SPAM_SMS_01542,Claim your free gift card now before it expires.,48,spam
SPAM_SMS_00349,Earn money from home without investment. Join now.,50,spam
HAM_SMS_02786,"Hey, are we meeting today for the project discussion?",53,ham
HAM_SMS_02552,I reached home safely.,22,ham
SPAM_SMS_02268,Suspicious login detected. Update your password immediately.,60,spam
HAM_SMS_06375,"Hey, are we meeting today for the project discussion?",53,ham
HAM_SMS_00104,The report is ready for review.,31,ham
HAM_SMS_05621,Can you send me the notes from today's lecture?,47,ham
HAM_SMS_00659,"Hey, are we meeting today for the project discussion?",53,ham
HAM_SMS_01958,Please call me when you are free.,33,ham
HAM_SMS_02880,The interview schedule will be shared soon.,43,ham
HAM_SMS_05357,The meeting has been shifted to 4 PM.,37,ham
HAM_SMS_04028,Thank you for your message. I will check and reply soon.,56,ham
SPAM_SMS_00518,Recharge offer available. Get double benefits today.,52,spam
HAM_SMS_04154,The interview schedule will be shared soon.,43,ham
HAM_SMS_01907,Please find the details shared in the group.,44,ham
HAM_SMS_05698,Your payment has been received successfully.,44,ham
HAM_SMS_06499,Please confirm your availability for the session.,49,ham
HAM_SMS_00391,The interview schedule will be shared soon.,43,ham
HAM_SMS_02987,Let's discuss the presentation after lunch.,43,ham
HAM_SMS_06395,Your order has been delivered successfully.,43,ham
SPAM_SMS_00517,Free entry in a lucky draw. Text WIN to claim your reward.,58,spam
HAM_SMS_03234,Thank you for your message. I will check and reply soon.,56,ham
HAM_SMS_00786,Thank you for your message. I will check and reply soon.,56,ham
HAM_SMS_04355,The report is ready for review.,31,ham
HAM_SMS_00290,The meeting has been shifted to 4 PM.,37,ham
HAM_SMS_00968,The meeting has been shifted to 4 PM.,37,ham
HAM_SMS_06101,The meeting has been shifted to 4 PM.,37,ham
SPAM_SMS_02100,Earn money from home without investment. Join now.,50,spam
HAM_SMS_06187,Your order has been delivered successfully.,43,ham
HAM_SMS_07497,Please find the details shared in the group.,44,ham
HAM_SMS_05252,Please confirm your availability for the session.,49,ham
HAM_SMS_07357,Can you send me the notes from today's lecture?,47,ham
SPAM_SMS_01057,Suspicious login detected. Update your password immediately.,60,spam
SPAM_SMS_01662,Your loan is approved. Pay processing fee to receive funds.,59,spam
HAM_SMS_06954,Reminder: submit your assignment before the deadline.,53,ham
HAM_SMS_01582,Your order has been delivered successfully.,43,ham
HAM_SMS_01978,Your class schedule has been updated for tomorrow.,50,ham
SPAM_SMS_02049,Your loan is approved. Pay processing fee to receive funds.,59,spam
HAM_SMS_04509,Please find the details shared in the group.,44,ham
SPAM_SMS_00780,Recharge offer available. Get double benefits today.,52,spam
HAM_SMS_06446,Please confirm your availability for the session.,49,ham
HAM_SMS_06350,Can you send me the notes from today's lecture?,47,ham
HAM_SMS_02045,The report is ready for review.,31,ham
HAM_SMS_01691,Reminder: submit your assignment before the deadline.,53,ham
HAM_SMS_05996,Please confirm your availability for the session.,49,ham
SPAM_SMS_00510,You won a shopping voucher. Claim it today.,43,spam
HAM_SMS_04004,Please call me when you are free.,33,ham
HAM_SMS_03759,Thank you for your message. I will check and reply soon.,56,ham
HAM_SMS_06449,Please confirm your availability for the session.,49,ham
HAM_SMS_02406,The report is ready for review.,31,ham
HAM_SMS_00630,Please call me when you are free.,33,ham
HAM_SMS_02030,The interview schedule will be shared soon.,43,ham
HAM_SMS_00757,The report is ready for review.,31,ham
HAM_SMS_00631,Please confirm your availability for the session.,49,ham
HAM_SMS_07147,Please confirm your availability for the session.,49,ham
HAM_SMS_05442,Your order has been delivered successfully.,43,ham
SPAM_SMS_01577,You are selected for a reward. Send your account details now.,61,spam
HAM_SMS_00320,The interview schedule will be shared soon.,43,ham
HAM_SMS_05163,Thank you for your message. I will check and reply soon.,56,ham
HAM_SMS_04698,Can you send me the notes from today's lecture?,47,ham
HAM_SMS_05496,Please confirm your availability for the session.,49,ham
HAM_SMS_06540,The interview schedule will be shared soon.,43,ham
HAM_SMS_00239,Please confirm your availability for the session.,49,ham
HAM_SMS_04441,"Hey, are we meeting today for the project discussion?",53,ham
HAM_SMS_03011,Thank you for your message. I will check and reply soon.,56,ham
HAM_SMS_06253,Please find the details shared in the group.,44,ham
SPAM_SMS_02163,Your loan is approved. Pay processing fee to receive funds.,59,spam
SPAM_SMS_01892,Free entry in a lucky draw. Text WIN to claim your reward.,58,spam
HAM_SMS_00830,Please call me when you are free.,33,ham
HAM_SMS_05005,The report is ready for review.,31,ham
HAM_SMS_05666,Your order has been delivered successfully.,43,ham
SPAM_SMS_00246,Final warning! Complete KYC verification now.,45,spam
HAM_SMS_05578,The meeting has been shifted to 4 PM.,37,ham
HAM_SMS_03778,Please confirm your availability for the session.,49,ham
HAM_SMS_03828,Please confirm your availability for the session.,49,ham
HAM_SMS_05434,Your payment has been received successfully.,44,ham
SPAM_SMS_00779,Your loan is approved. Pay processing fee to receive funds.,59,spam
HAM_SMS_00003,Please call me when you are free.,33,ham
HAM_SMS_01512,Please find the details shared in the group.,44,ham
HAM_SMS_04875,Let's discuss the presentation after lunch.,43,ham
HAM_SMS_06778,"Hey, are we meeting today for the project discussion?",53,ham
HAM_SMS_03404,Please confirm your availability for the session.,49,ham
SPAM_SMS_01340,Limited time offer. Get free coupons by clicking this link.,59,spam
HAM_SMS_04219,Your payment has been received successfully.,44,ham
HAM_SMS_06993,Please call me when you are free.,33,ham
HAM_SMS_06092,Your payment has been received successfully.,44,ham
HAM_SMS_04214,Let's discuss the presentation after lunch.,43,ham
HAM_SMS_05440,Can you send me the notes from today's lecture?,47,ham
HAM_SMS_01819,The report is ready for review.,31,ham
HAM_SMS_02264,Can you send me the notes from today's lecture?,47,ham
HAM_SMS_06976,Please find the details shared in the group.,44,ham
HAM_SMS_03115,Your payment has been received successfully.,44,ham
HAM_SMS_05099,Can you send me the notes from today's lecture?,47,ham
SPAM_SMS_02063,Limited time offer. Get free coupons by clicking this link.,59,spam
SPAM_SMS_02224,Urgent! Your bank account will be blocked. Verify your details immediately.,75,spam
HAM_SMS_01060,Let's discuss the presentation after lunch.,43,ham
HAM_SMS_03355,The meeting has been shifted to 4 PM.,37,ham
HAM_SMS_00675,Can you send me the notes from today's lecture?,47,ham
HAM_SMS_03644,Your order has been delivered successfully.,43,ham
HAM_SMS_00928,Your order has been delivered successfully.,43,ham
SPAM_SMS_02337,Final warning! Complete KYC verification now.,45,spam
HAM_SMS_01001,Please call me when you are free.,33,ham
HAM_SMS_00046,Your class schedule has been updated for tomorrow.,50,ham
HAM_SMS_00996,Your payment has been received successfully.,44,ham
HAM_SMS_05801,The meeting has been shifted to 4 PM.,37,ham
HAM_SMS_05770,Can you send me the notes from today's lecture?,47,ham
HAM_SMS_03358,Can you send me the notes from today's lecture?,47,ham
SPAM_SMS_00230,Congratulations! You have won a cash prize. Click the link to claim now.,72,spam
HAM_SMS_01674,The report is ready for review.,31,ham
HAM_SMS_02543,Reminder: submit your assignment before the deadline.,53,ham
HAM_SMS_02442,Your payment has been received successfully.,44,ham
SPAM_SMS_02348,Claim your free gift card now before it expires.,48,spam
HAM_SMS_01322,Reminder: submit your assignment before the deadline.,53,ham
HAM_SMS_02098,Let's discuss the presentation after lunch.,43,ham
HAM_SMS_05943,The meeting has been shifted to 4 PM.,37,ham
HAM_SMS_01350,Let's discuss the presentation after lunch.,43,ham
HAM_SMS_03134,Can you send me the notes from today's lecture?,47,ham
SPAM_SMS_01113,Limited time offer. Get free coupons by clicking this link.,59,spam
SPAM_SMS_02462,Win money instantly. Register today and claim your bonus.,57,spam
SPAM_SMS_02460,Your mobile number has won a lottery prize.,43,spam
HAM_SMS_05027,Your payment has been received successfully.,44,ham
HAM_SMS_00504,Please call me when you are free.,33,ham
HAM_SMS_01847,Thank you for your message. I will check and reply soon.,56,ham
SPAM_SMS_00746,Earn money from home without investment. Join now.,50,spam
HAM_SMS_02391,Your class schedule has been updated for tomorrow.,50,ham
SPAM_SMS_01125,Congratulations! You have won a cash prize. Click the link to claim now.,72,spam
HAM_SMS_02233,Your order has been delivered successfully.,43,ham
HAM_SMS_03956,Please call me when you are free.,33,ham
HAM_SMS_03201,The report is ready for review.,31,ham
HAM_SMS_03293,Please call me when you are free.,33,ham
HAM_SMS_02869,Please confirm your availability for the session.,49,ham
SPAM_SMS_01989,Win money instantly. Register today and claim your bonus.,57,spam
SPAM_SMS_01947,Recharge offer available. Get double benefits today.,52,spam
HAM_SMS_00768,The report is ready for review.,31,ham
HAM_SMS_04918,Your payment has been received successfully.,44,ham
HAM_SMS_07442,Please find the details shared in the group.,44,ham
HAM_SMS_02896,Please call me when you are free.,33,ham
HAM_SMS_04692,Thank you for your message. I will check and reply soon.,56,ham
SPAM_SMS_02110,Claim your free gift card now before it expires.,48,spam
HAM_SMS_04970,Please find the details shared in the group.,44,ham
HAM_SMS_05742,Your class schedule has been updated for tomorrow.,50,ham
SPAM_SMS_01063,Earn money from home without investment. Join now.,50,spam
HAM_SMS_02860,Please find the details shared in the group.,44,ham
HAM_SMS_06570,Your payment has been received successfully.,44,ham
HAM_SMS_06440,Your payment has been received successfully.,44,ham
HAM_SMS_02002,Your class schedule has been updated for tomorrow.,50,ham
HAM_SMS_02177,Reminder: submit your assignment before the deadline.,53,ham
SPAM_SMS_00957,Claim your free gift card now before it expires.,48,spam
HAM_SMS_02936,Please confirm your availability for the session.,49,ham
SPAM_SMS_01584,Final warning! Complete KYC verification now.,45,spam
SPAM_SMS_00222,Recharge offer available. Get double benefits today.,52,spam
SPAM_SMS_02039,Suspicious login detected. Update your password immediately.,60,spam
HAM_SMS_00602,Your class schedule has been updated for tomorrow.,50,ham
SPAM_SMS_00249,Recharge offer available. Get double benefits today.,52,spam
SPAM_SMS_01134,Your loan is approved. Pay processing fee to receive funds.,59,spam
HAM_SMS_06038,Your class schedule has been updated for tomorrow.,50,ham
SPAM_SMS_00236,Urgent! Your bank account will be blocked. Verify your details immediately.,75,spam
HAM_SMS_03146,Your order has been delivered successfully.,43,ham
HAM_SMS_03619,I reached home safely.,22,ham
HAM_SMS_02315,Your order has been delivered successfully.,43,ham
HAM_SMS_05557,Please call me when you are free.,33,ham
SPAM_SMS_01292,Recharge offer available. Get double benefits today.,52,spam
HAM_SMS_06653,Reminder: submit your assignment before the deadline.,53,ham
HAM_SMS_05169,Your order has been delivered successfully.,43,ham
HAM_SMS_00805,The meeting has been shifted to 4 PM.,37,ham
HAM_SMS_05620,I reached home safely.,22,ham
HAM_SMS_04845,I reached home safely.,22,ham
HAM_SMS_06612,Let's discuss the presentation after lunch.,43,ham
HAM_SMS_01645,Let's discuss the presentation after lunch.,43,ham
HAM_SMS_02454,Reminder: submit your assignment before the deadline.,53,ham
HAM_SMS_01478,I reached home safely.,22,ham
HAM_SMS_03792,The report is ready for review.,31,ham
HAM_SMS_04872,Let's discuss the presentation after lunch.,43,ham
HAM_SMS_04241,Thank you for your message. I will check and reply soon.,56,ham
HAM_SMS_01061,Please call me when you are free.,33,ham
SPAM_SMS_01443,Exclusive offer only for you. Click here to redeem.,51,spam
HAM_SMS_02076,Your payment has been received successfully.,44,ham
HAM_SMS_03462,Can you send me the notes from today's lecture?,47,ham
HAM_SMS_00553,The interview schedule will be shared soon.,43,ham
SPAM_SMS_02023,Free entry in a lucky draw. Text WIN to claim your reward.,58,spam
SPAM_SMS_00704,Urgent! Your bank account will be blocked. Verify your details immediately.,75,spam
HAM_SMS_05117,Please find the details shared in the group.,44,ham
HAM_SMS_05622,The meeting has been shifted to 4 PM.,37,ham
HAM_SMS_06948,Please find the details shared in the group.,44,ham
HAM_SMS_02867,Can you send me the notes from today's lecture?,47,ham
HAM_SMS_04792,Can you send me the notes from today's lecture?,47,ham
HAM_SMS_02751,Let's discuss the presentation after lunch.,43,ham
HAM_SMS_05625,Please confirm your availability for the session.,49,ham
SPAM_SMS_00979,Recharge offer available. Get double benefits today.,52,spam
HAM_SMS_04449,The meeting has been shifted to 4 PM.,37,ham
HAM_SMS_03148,"Hey, are we meeting today for the project discussion?",53,ham
HAM_SMS_04195,Please confirm your availability for the session.,49,ham
HAM_SMS_02775,The interview schedule will be shared soon.,43,ham
HAM_SMS_02958,The report is ready for review.,31,ham
HAM_SMS_00478,The meeting has been shifted to 4 PM.,37,ham
SPAM_SMS_02082,Congratulations! You have won a cash prize. Click the link to claim now.,72,spam
HAM_SMS_04100,The meeting has been shifted to 4 PM.,37,ham
HAM_SMS_00784,Please confirm your availability for the session.,49,ham
HAM_SMS_01918,Reminder: submit your assignment before the deadline.,53,ham
HAM_SMS_00595,Reminder: submit your assignment before the deadline.,53,ham
HAM_SMS_04479,I reached home safely.,22,ham
HAM_SMS_07378,Your class schedule has been updated for tomorrow.,50,ham
HAM_SMS_06503,Please find the details shared in the group.,44,ham
SPAM_SMS_00907,Final warning! Complete KYC verification now.,45,spam
HAM_SMS_03967,Reminder: submit your assignment before the deadline.,53,ham
HAM_SMS_04644,Thank you for your message. I will check and reply soon.,56,ham
HAM_SMS_04674,Please confirm your availability for the session.,49,ham
SPAM_SMS_00063,Recharge offer available. Get double benefits today.,52,spam
HAM_SMS_01371,Let's discuss the presentation after lunch.,43,ham
HAM_SMS_01982,Please find the details shared in the group.,44,ham
SPAM_SMS_01290,You are selected for a reward. Send your account details now.,61,spam
HAM_SMS_06017,Reminder: submit your assignment before the deadline.,53,ham
HAM_SMS_03322,The meeting has been shifted to 4 PM.,37,ham
HAM_SMS_06769,Thank you for your message. I will check and reply soon.,56,ham
HAM_SMS_02208,Let's discuss the presentation after lunch.,43,ham
HAM_SMS_06927,The interview schedule will be shared soon.,43,ham
HAM_SMS_02532,Reminder: submit your assignment before the deadline.,53,ham
HAM_SMS_03634,I reached home safely.,22,ham
HAM_SMS_01590,Let's discuss the presentation after lunch.,43,ham
HAM_SMS_04506,The report is ready for review.,31,ham
HAM_SMS_01092,The report is ready for review.,31,ham
HAM_SMS_01458,The meeting has been shifted to 4 PM.,37,ham
HAM_SMS_01244,Please call me when you are free.,33,ham
HAM_SMS_05833,Please confirm your availability for the session.,49,ham
HAM_SMS_04511,The interview schedule will be shared soon.,43,ham
HAM_SMS_00519,Please confirm your availability for the session.,49,ham
HAM_SMS_03375,Please find the details shared in the group.,44,ham
HAM_SMS_01773,The interview schedule will be shared soon.,43,ham
HAM_SMS_06931,Please find the details shared in the group.,44,ham
SPAM_SMS_00384,Urgent! Your bank account will be blocked. Verify your details immediately.,75,spam
SPAM_SMS_00692,Congratulations! You have won a cash prize. Click the link to claim now.,72,spam
SPAM_SMS_01848,Free entry in a lucky draw. Text WIN to claim your reward.,58,spam
SPAM_SMS_00912,You are selected for a reward. Send your account details now.,61,spam
HAM_SMS_02956,Your class schedule has been updated for tomorrow.,50,ham
HAM_SMS_04212,Your class schedule has been updated for tomorrow.,50,ham
HAM_SMS_04966,Thank you for your message. I will check and reply soon.,56,ham
HAM_SMS_03659,Your payment has been received successfully.,44,ham
HAM_SMS_04883,I reached home safely.,22,ham
HAM_SMS_04150,Please call me when you are free.,33,ham
HAM_SMS_03158,The report is ready for review.,31,ham
HAM_SMS_02309,The interview schedule will be shared soon.,43,ham
SPAM_SMS_01416,Your mobile number has won a lottery prize.,43,spam
HAM_SMS_05209,Your payment has been received successfully.,44,ham
HAM_SMS_06845,Your payment has been received successfully.,44,ham
HAM_SMS_05503,The report is ready for review.,31,ham
HAM_SMS_01889,I reached home safely.,22,ham
HAM_SMS_02610,The report is ready for review.,31,ham
HAM_SMS_04285,The interview schedule will be shared soon.,43,ham
SPAM_SMS_02461,You won a shopping voucher. Claim it today.,43,spam
HAM_SMS_02249,Your order has been delivered successfully.,43,ham
HAM_SMS_01919,The report is ready for review.,31,ham
SPAM_SMS_01714,Suspicious login detected. Update your password immediately.,60,spam
SPAM_SMS_00759,Recharge offer available. Get double benefits today.,52,spam
HAM_SMS_02356,Reminder: submit your assignment before the deadline.,53,ham
HAM_SMS_06810,Please confirm your availability for the session.,49,ham
SPAM_SMS_01189,You won a shopping voucher. Claim it today.,43,spam
HAM_SMS_04660,Your class schedule has been updated for tomorrow.,50,ham
HAM_SMS_02423,Please confirm your availability for the session.,49,ham
HAM_SMS_03295,Your payment has been received successfully.,44,ham
HAM_SMS_07070,The report is ready for review.,31,ham
SPAM_SMS_02429,Your loan is approved. Pay processing fee to receive funds.,59,spam
HAM_SMS_05200,"Hey, are we meeting today for the project discussion?",53,ham
HAM_SMS_03951,Your payment has been received successfully.,44,ham
HAM_SMS_00012,The meeting has been shifted to 4 PM.,37,ham
HAM_SMS_01062,Can you send me the notes from today's lecture?,47,ham
SPAM_SMS_01309,Exclusive offer only for you. Click here to redeem.,51,spam
HAM_SMS_00272,Your payment has been received successfully.,44,ham
HAM_SMS_04350,Reminder: submit your assignment before the deadline.,53,ham
HAM_SMS_01255,Please call me when you are free.,33,ham
HAM_SMS_05274,Thank you for your message. I will check and reply soon.,56,ham
HAM_SMS_07292,I reached home safely.,22,ham
SPAM_SMS_00693,Exclusive offer only for you. Click here to redeem.,51,spam
HAM_SMS_03845,Please confirm your availability for the session.,49,ham
HAM_SMS_01075,Please confirm your availability for the session.,49,ham
HAM_SMS_01086,Your order has been delivered successfully.,43,ham
HAM_SMS_06171,Reminder: submit your assignment before the deadline.,53,ham
HAM_SMS_06960,Your payment has been received successfully.,44,ham
HAM_SMS_02649,Please confirm your availability for the session.,49,ham
HAM_SMS_02735,Can you send me the notes from today's lecture?,47,ham
HAM_SMS_04733,Please confirm your availability for the session.,49,ham
HAM_SMS_02795,Please call me when you are free.,33,ham
HAM_SMS_04847,Can you send me the notes from today's lecture?,47,ham
HAM_SMS_03437,Can you send me the notes from today's lecture?,47,ham
HAM_SMS_07393,Please find the details shared in the group.,44,ham
HAM_SMS_05899,I reached home safely.,22,ham
HAM_SMS_07484,The meeting has been shifted to 4 PM.,37,ham
HAM_SMS_05848,Can you send me the notes from today's lecture?,47,ham
HAM_SMS_02487,The meeting has been shifted to 4 PM.,37,ham
SPAM_SMS_01428,Earn money from home without investment. Join now.,50,spam
SPAM_SMS_01139,Exclusive offer only for you. Click here to redeem.,51,spam
HAM_SMS_05630,Your class schedule has been updated for tomorrow.,50,ham
SPAM_SMS_01085,Earn money from home without investment. Join now.,50,spam
SPAM_SMS_01814,Claim your free gift card now before it expires.,48,spam
HAM_SMS_04879,Let's discuss the presentation after lunch.,43,ham
HAM_SMS_01963,The interview schedule will be shared soon.,43,ham
HAM_SMS_01358,Your class schedule has been updated for tomorrow.,50,ham
HAM_SMS_04534,Your class schedule has been updated for tomorrow.,50,ham
HAM_SMS_01519,Can you send me the notes from today's lecture?,47,ham
HAM_SMS_07374,The report is ready for review.,31,ham
SPAM_SMS_01426,Final warning! Complete KYC verification now.,45,spam
HAM_SMS_05970,The report is ready for review.,31,ham
SPAM_SMS_00203,You won a shopping voucher. Claim it today.,43,spam
SPAM_SMS_00991,Limited time offer. Get free coupons by clicking this link.,59,spam
HAM_SMS_06953,The report is ready for review.,31,ham
HAM_SMS_04580,Can you send me the notes from today's lecture?,47,ham
HAM_SMS_02418,I reached home safely.,22,ham
HAM_SMS_05951,Please confirm your availability for the session.,49,ham
SPAM_SMS_00541,Recharge offer available. Get double benefits today.,52,spam
HAM_SMS_05925,Your payment has been received successfully.,44,ham
HAM_SMS_02064,"Hey, are we meeting today for the project discussion?",53,ham
HAM_SMS_01735,The interview schedule will be shared soon.,43,ham
SPAM_SMS_00076,Your mobile number has won a lottery prize.,43,spam
HAM_SMS_05469,Your class schedule has been updated for tomorrow.,50,ham
HAM_SMS_06745,Please confirm your availability for the session.,49,ham
HAM_SMS_02827,Thank you for your message. I will check and reply soon.,56,ham
HAM_SMS_02422,Your order has been delivered successfully.,43,ham
SPAM_SMS_01614,You are selected for a reward. Send your account details now.,61,spam
HAM_SMS_06262,Thank you for your message. I will check and reply soon.,56,ham
HAM_SMS_00558,Your order has been delivered successfully.,43,ham
SPAM_SMS_00001,Your mobile number has won a lottery prize.,43,spam
HAM_SMS_05155,The report is ready for review.,31,ham
SPAM_SMS_01926,Urgent! Your bank account will be blocked. Verify your details immediately.,75,spam
HAM_SMS_02712,"Hey, are we meeting today for the project discussion?",53,ham
SPAM_SMS_01339,Win money instantly. Register today and claim your bonus.,57,spam
SPAM_SMS_02435,Final warning! Complete KYC verification now.,45,spam
SPAM_SMS_02313,You are selected for a reward. Send your account details now.,61,spam
HAM_SMS_02020,Reminder: submit your assignment before the deadline.,53,ham
HAM_SMS_01004,"Hey, are we meeting today for the project discussion?",53,ham
SPAM_SMS_01738,Claim your free gift card now before it expires.,48,spam
HAM_SMS_06529,Please find the details shared in the group.,44,ham
HAM_SMS_02511,The interview schedule will be shared soon.,43,ham
HAM_SMS_01988,Can you send me the notes from today's lecture?,47,ham
HAM_SMS_01203,Your class schedule has been updated for tomorrow.,50,ham
HAM_SMS_03970,Your payment has been received successfully.,44,ham
SPAM_SMS_00821,Win money instantly. Register today and claim your bonus.,57,spam
HAM_SMS_03405,Can you send me the notes from today's lecture?,47,ham
HAM_SMS_00781,The report is ready for review.,31,ham
HAM_SMS_02572,The interview schedule will be shared soon.,43,ham
HAM_SMS_03809,The interview schedule will be shared soon.,43,ham
SPAM_SMS_01822,Win money instantly. Register today and claim your bonus.,57,spam
HAM_SMS_04336,Please call me when you are free.,33,ham
HAM_SMS_07462,Thank you for your message. I will check and reply soon.,56,ham
HAM_SMS_02940,Let's discuss the presentation after lunch.,43,ham
HAM_SMS_00994,Your class schedule has been updated for tomorrow.,50,ham
HAM_SMS_06294,Please confirm your availability for the session.,49,ham
HAM_SMS_03391,Can you send me the notes from today's lecture?,47,ham
HAM_SMS_00773,The meeting has been shifted to 4 PM.,37,ham
HAM_SMS_00472,Your order has been delivered successfully.,43,ham
HAM_SMS_00438,Your class schedule has been updated for tomorrow.,50,ham
HAM_SMS_07319,Your order has been delivered successfully.,43,ham
HAM_SMS_00813,Please call me when you are free.,33,ham
HAM_SMS_02338,Please find the details shared in the group.,44,ham
HAM_SMS_02823,Please find the details shared in the group.,44,ham
HAM_SMS_06728,The report is ready for review.,31,ham
SPAM_SMS_00094,Final warning! Complete KYC verification now.,45,spam
SPAM_SMS_00899,You won a shopping voucher. Claim it today.,43,spam
HAM_SMS_06843,The report is ready for review.,31,ham
SPAM_SMS_02159,Win money instantly. Register today and claim your bonus.,57,spam
HAM_SMS_01091,Please confirm your availability for the session.,49,ham
HAM_SMS_03734,Please call me when you are free.,33,ham
HAM_SMS_00702,Your class schedule has been updated for tomorrow.,50,ham
SPAM_SMS_01962,Claim your free gift card now before it expires.,48,spam
HAM_SMS_04305,Your class schedule has been updated for tomorrow.,50,ham
HAM_SMS_01836,Reminder: submit your assignment before the deadline.,53,ham
HAM_SMS_03904,Can you send me the notes from today's lecture?,47,ham
HAM_SMS_02431,Let's discuss the presentation after lunch.,43,ham
HAM_SMS_03037,I reached home safely.,22,ham
HAM_SMS_01124,Your payment has been received successfully.,44,ham
HAM_SMS_03776,Can you send me the notes from today's lecture?,47,ham
HAM_SMS_02313,Please confirm your availability for the session.,49,ham
SPAM_SMS_01217,Free entry in a lucky draw. Text WIN to claim your reward.,58,spam
HAM_SMS_05944,Your payment has been received successfully.,44,ham
HAM_SMS_04803,Your payment has been received successfully.,44,ham
SPAM_SMS_00994,Congratulations! You have won a cash prize. Click the link to claim now.,72,spam
HAM_SMS_05668,I reached home safely.,22,ham
SPAM_SMS_01641,Your loan is approved. Pay processing fee to receive funds.,59,spam
SPAM_SMS_00160,Congratulations! You have won a cash prize. Click the link to claim now.,72,spam
HAM_SMS_02768,The report is ready for review.,31,ham
HAM_SMS_00243,"Hey, are we meeting today for the project discussion?",53,ham
HAM_SMS_05431,"Hey, are we meeting today for the project discussion?",53,ham
HAM_SMS_00291,"Hey, are we meeting today for the project discussion?",53,ham
HAM_SMS_02632,Your payment has been received successfully.,44,ham
HAM_SMS_03786,Let's discuss the presentation after lunch.,43,ham
HAM_SMS_04628,Your order has been delivered successfully.,43,ham
SPAM_SMS_01350,You are selected for a reward. Send your account details now.,61,spam
HAM_SMS_04458,Thank you for your message. I will check and reply soon.,56,ham
HAM_SMS_04213,Please confirm your availability for the session.,49,ham
HAM_SMS_04959,I reached home safely.,22,ham
SPAM_SMS_00665,Limited time offer. Get free coupons by clicking this link.,59,spam
HAM_SMS_05897,Please call me when you are free.,33,ham
HAM_SMS_02019,Let's discuss the presentation after lunch.,43,ham
HAM_SMS_03170,Your payment has been received successfully.,44,ham
HAM_SMS_00587,Your payment has been received successfully.,44,ham
HAM_SMS_02902,The interview schedule will be shared soon.,43,ham
HAM_SMS_06575,Can you send me the notes from today's lecture?,47,ham
HAM_SMS_07214,I reached home safely.,22,ham
HAM_SMS_06785,The meeting has been shifted to 4 PM.,37,ham
HAM_SMS_01627,Let's discuss the presentation after lunch.,43,ham
HAM_SMS_01172,Your payment has been received successfully.,44,ham
HAM_SMS_01299,Reminder: submit your assignment before the deadline.,53,ham
SPAM_SMS_00843,Earn money from home without investment. Join now.,50,spam
HAM_SMS_05405,Your order has been delivered successfully.,43,ham
HAM_SMS_05519,The interview schedule will be shared soon.,43,ham
SPAM_SMS_01089,Final warning! Complete KYC verification now.,45,spam
HAM_SMS_03667,Please confirm your availability for the session.,49,ham
SPAM_SMS_01178,Exclusive offer only for you. Click here to redeem.,51,spam
HAM_SMS_06770,Please find the details shared in the group.,44,ham
HAM_SMS_00232,Your class schedule has been updated for tomorrow.,50,ham
SPAM_SMS_01019,Final warning! Complete KYC verification now.,45,spam
HAM_SMS_04907,Can you send me the notes from today's lecture?,47,ham
SPAM_SMS_00031,Final warning! Complete KYC verification now.,45,spam
SPAM_SMS_01296,Exclusive offer only for you. Click here to redeem.,51,spam
HAM_SMS_06538,Please find the details shared in the group.,44,ham
HAM_SMS_00117,Please confirm your availability for the session.,49,ham
SPAM_SMS_01469,Your loan is approved. Pay processing fee to receive funds.,59,spam
HAM_SMS_05020,Your order has been delivered successfully.,43,ham
HAM_SMS_00634,The meeting has been shifted to 4 PM.,37,ham
HAM_SMS_01370,Reminder: submit your assignment before the deadline.,53,ham
HAM_SMS_03221,Your order has been delivered successfully.,43,ham
HAM_SMS_06127,Can you send me the notes from today's lecture?,47,ham
HAM_SMS_05533,The interview schedule will be shared soon.,43,ham
HAM_SMS_00441,"Hey, are we meeting today for the project discussion?",53,ham
HAM_SMS_05002,Please find the details shared in the group.,44,ham
HAM_SMS_06979,Your class schedule has been updated for tomorrow.,50,ham
HAM_SMS_01247,Please call me when you are free.,33,ham
HAM_SMS_00970,The report is ready for review.,31,ham
SPAM_SMS_01094,You are selected for a reward. Send your account details now.,61,spam
SPAM_SMS_01739,Your mobile number has won a lottery prize.,43,spam
HAM_SMS_03509,Your payment has been received successfully.,44,ham
SPAM_SMS_01663,Your loan is approved. Pay processing fee to receive funds.,59,spam
HAM_SMS_05024,Please confirm your availability for the session.,49,ham
HAM_SMS_00216,"Hey, are we meeting today for the project discussion?",53,ham
HAM_SMS_05193,Can you send me the notes from today's lecture?,47,ham
SPAM_SMS_01513,You are selected for a reward. Send your account details now.,61,spam
HAM_SMS_00060,Reminder: submit your assignment before the deadline.,53,ham
HAM_SMS_00899,Reminder: submit your assignment before the deadline.,53,ham
HAM_SMS_03823,Your class schedule has been updated for tomorrow.,50,ham
SPAM_SMS_02145,Final warning! Complete KYC verification now.,45,spam
HAM_SMS_03421,Please call me when you are free.,33,ham
HAM_SMS_05481,Reminder: submit your assignment before the deadline.,53,ham
HAM_SMS_00069,Your payment has been received successfully.,44,ham
SPAM_SMS_02278,You won a shopping voucher. Claim it today.,43,spam
SPAM_SMS_00662,Free entry in a lucky draw. Text WIN to claim your reward.,58,spam
HAM_SMS_04920,I reached home safely.,22,ham
HAM_SMS_06158,I reached home safely.,22,ham
SPAM_SMS_00467,Free entry in a lucky draw. Text WIN to claim your reward.,58,spam
SPAM_SMS_02353,Final warning! Complete KYC verification now.,45,spam
HAM_SMS_01406,Please find the details shared in the group.,44,ham
HAM_SMS_02063,Please find the details shared in the group.,44,ham
SPAM_SMS_00937,Your mobile number has won a lottery prize.,43,spam
SPAM_SMS_01633,Recharge offer available. Get double benefits today.,52,spam
SPAM_SMS_02330,Free entry in a lucky draw. Text WIN to claim your reward.,58,spam
HAM_SMS_00172,Thank you for your message. I will check and reply soon.,56,ham
HAM_SMS_06146,Your payment has been received successfully.,44,ham
HAM_SMS_07257,Please call me when you are free.,33,ham
HAM_SMS_05297,Your payment has been received successfully.,44,ham
SPAM_SMS_00719,Final warning! Complete KYC verification now.,45,spam
HAM_SMS_02582,Let's discuss the presentation after lunch.,43,ham
HAM_SMS_06113,Reminder: submit your assignment before the deadline.,53,ham
HAM_SMS_02949,Please find the details shared in the group.,44,ham
HAM_SMS_01880,Reminder: submit your assignment before the deadline.,53,ham
HAM_SMS_06908,"Hey, are we meeting today for the project discussion?",53,ham
HAM_SMS_01985,Let's discuss the presentation after lunch.,43,ham
HAM_SMS_00964,The report is ready for review.,31,ham
SPAM_SMS_01028,Congratulations! You have won a cash prize. Click the link to claim now.,72,spam
HAM_SMS_01501,Can you send me the notes from today's lecture?,47,ham
HAM_SMS_03490,Your class schedule has been updated for tomorrow.,50,ham
HAM_SMS_03630,I reached home safely.,22,ham
SPAM_SMS_00054,Recharge offer available. Get double benefits today.,52,spam
HAM_SMS_01309,"Hey, are we meeting today for the project discussion?",53,ham
SPAM_SMS_01961,Your loan is approved. Pay processing fee to receive funds.,59,spam
HAM_SMS_04896,Please find the details shared in the group.,44,ham
SPAM_SMS_00394,Free entry in a lucky draw. Text WIN to claim your reward.,58,spam
HAM_SMS_04238,Your payment has been received successfully.,44,ham
HAM_SMS_03774,The report is ready for review.,31,ham
HAM_SMS_01621,Please confirm your availability for the session.,49,ham
SPAM_SMS_00631,Urgent! Your bank account will be blocked. Verify your details immediately.,75,spam
SPAM_SMS_00217,Free entry in a lucky draw. Text WIN to claim your reward.,58,spam
HAM_SMS_06870,Your payment has been received successfully.,44,ham
HAM_SMS_06412,"Hey, are we meeting today for the project discussion?",53,ham
HAM_SMS_01965,Can you send me the notes from today's lecture?,47,ham
SPAM_SMS_00002,Recharge offer available. Get double benefits today.,52,spam
HAM_SMS_07349,Can you send me the notes from today's lecture?,47,ham
HAM_SMS_03365,Your payment has been received successfully.,44,ham
SPAM_SMS_01669,Congratulations! You have won a cash prize. Click the link to claim now.,72,spam
SPAM_SMS_00618,Exclusive offer only for you. Click here to redeem.,51,spam
HAM_SMS_03304,Your class schedule has been updated for tomorrow.,50,ham
SPAM_SMS_00361,Earn money from home without investment. Join now.,50,spam
HAM_SMS_04954,Your class schedule has been updated for tomorrow.,50,ham
HAM_SMS_06441,Can you send me the notes from today's lecture?,47,ham
SPAM_SMS_00858,Win money instantly. Register today and claim your bonus.,57,spam
SPAM_SMS_00538,Recharge offer available. Get double benefits today.,52,spam
HAM_SMS_06620,Your class schedule has been updated for tomorrow.,50,ham
HAM_SMS_00064,Please find the details shared in the group.,44,ham
HAM_SMS_05662,The report is ready for review.,31,ham
SPAM_SMS_00350,Claim your free gift card now before it expires.,48,spam
HAM_SMS_03974,Let's discuss the presentation after lunch.,43,ham
SPAM_SMS_01228,Exclusive offer only for you. Click here to redeem.,51,spam
SPAM_SMS_00656,Exclusive offer only for you. Click here to redeem.,51,spam
HAM_SMS_02141,The interview schedule will be shared soon.,43,ham
HAM_SMS_03675,Please confirm your availability for the session.,49,ham
HAM_SMS_03832,The interview schedule will be shared soon.,43,ham
HAM_SMS_04012,The meeting has been shifted to 4 PM.,37,ham
HAM_SMS_03905,Let's discuss the presentation after lunch.,43,ham
HAM_SMS_01243,The meeting has been shifted to 4 PM.,37,ham
HAM_SMS_03600,Please find the details shared in the group.,44,ham
HAM_SMS_02606,"Hey, are we meeting today for the project discussion?",53,ham
HAM_SMS_04082,Reminder: submit your assignment before the deadline.,53,ham
HAM_SMS_05517,"Hey, are we meeting today for the project discussion?",53,ham
SPAM_SMS_01262,Congratulations! You have won a cash prize. Click the link to claim now.,72,spam
HAM_SMS_05109,Please call me when you are free.,33,ham
SPAM_SMS_00316,Final warning! Complete KYC verification now.,45,spam
HAM_SMS_03660,Please confirm your availability for the session.,49,ham
HAM_SMS_00942,Reminder: submit your assignment before the deadline.,53,ham
HAM_SMS_01279,Thank you for your message. I will check and reply soon.,56,ham
HAM_SMS_01612,Please find the details shared in the group.,44,ham
HAM_SMS_01199,"Hey, are we meeting today for the project discussion?",53,ham
HAM_SMS_03163,The report is ready for review.,31,ham
SPAM_SMS_01803,Earn money from home without investment. Join now.,50,spam
SPAM_SMS_00136,Earn money from home without investment. Join now.,50,spam
HAM_SMS_01801,Please confirm your availability for the session.,49,ham
HAM_SMS_06067,Please confirm your availability for the session.,49,ham
HAM_SMS_04705,Please call me when you are free.,33,ham
SPAM_SMS_02208,Final warning! Complete KYC verification now.,45,spam
HAM_SMS_01763,Can you send me the notes from today's lecture?,47,ham
HAM_SMS_06163,Thank you for your message. I will check and reply soon.,56,ham
HAM_SMS_01071,The interview schedule will be shared soon.,43,ham
HAM_SMS_04215,Your class schedule has been updated for tomorrow.,50,ham
HAM_SMS_03051,Your order has been delivered successfully.,43,ham
HAM_SMS_00973,Please call me when you are free.,33,ham
HAM_SMS_05043,Thank you for your message. I will check and reply soon.,56,ham
HAM_SMS_06266,The interview schedule will be shared soon.,43,ham
HAM_SMS_03590,Can you send me the notes from today's lecture?,47,ham
SPAM_SMS_01315,Final warning! Complete KYC verification now.,45,spam
HAM_SMS_03589,Thank you for your message. I will check and reply soon.,56,ham
HAM_SMS_02467,Reminder: submit your assignment before the deadline.,53,ham
HAM_SMS_06005,Your order has been delivered successfully.,43,ham
HAM_SMS_01319,Your payment has been received successfully.,44,ham
HAM_SMS_06232,The interview schedule will be shared soon.,43,ham
SPAM_SMS_01837,Suspicious login detected. Update your password immediately.,60,spam
HAM_SMS_07274,Your class schedule has been updated for tomorrow.,50,ham
HAM_SMS_06474,The report is ready for review.,31,ham
HAM_SMS_00514,The interview schedule will be shared soon.,43,ham
SPAM_SMS_01476,Win money instantly. Register today and claim your bonus.,57,spam
HAM_SMS_03383,Reminder: submit your assignment before the deadline.,53,ham
HAM_SMS_07219,Please confirm your availability for the session.,49,ham
HAM_SMS_00220,Your payment has been received successfully.,44,ham
SPAM_SMS_01833,Your loan is approved. Pay processing fee to receive funds.,59,spam
SPAM_SMS_00227,Final warning! Complete KYC verification now.,45,spam
SPAM_SMS_00239,You are selected for a reward. Send your account details now.,61,spam
HAM_SMS_04931,Please confirm your availability for the session.,49,ham
SPAM_SMS_01728,You are selected for a reward. Send your account details now.,61,spam
HAM_SMS_03683,"Hey, are we meeting today for the project discussion?",53,ham
HAM_SMS_03032,The interview schedule will be shared soon.,43,ham
SPAM_SMS_01342,Congratulations! You have won a cash prize. Click the link to claim now.,72,spam
HAM_SMS_04030,I reached home safely.,22,ham
HAM_SMS_02819,Your order has been delivered successfully.,43,ham
HAM_SMS_06847,The report is ready for review.,31,ham
HAM_SMS_00685,Reminder: submit your assignment before the deadline.,53,ham
HAM_SMS_06134,Thank you for your message. I will check and reply soon.,56,ham
HAM_SMS_05718,Your class schedule has been updated for tomorrow.,50,ham
HAM_SMS_01182,I reached home safely.,22,ham
HAM_SMS_00719,Your payment has been received successfully.,44,ham
SPAM_SMS_02076,Exclusive offer only for you. Click here to redeem.,51,spam
HAM_SMS_06627,Let's discuss the presentation after lunch.,43,ham
HAM_SMS_05290,Please call me when you are free.,33,ham
HAM_SMS_01063,Let's discuss the presentation after lunch.,43,ham
HAM_SMS_04097,The report is ready for review.,31,ham
HAM_SMS_05675,Let's discuss the presentation after lunch.,43,ham
HAM_SMS_05081,Thank you for your message. I will check and reply soon.,56,ham
HAM_SMS_04186,The report is ready for review.,31,ham
HAM_SMS_04958,The meeting has been shifted to 4 PM.,37,ham
SPAM_SMS_01558,Recharge offer available. Get double benefits today.,52,spam
HAM_SMS_07041,The interview schedule will be shared soon.,43,ham
HAM_SMS_02135,Let's discuss the presentation after lunch.,43,ham
HAM_SMS_02876,Let's discuss the presentation after lunch.,43,ham
HAM_SMS_00893,Please confirm your availability for the session.,49,ham
HAM_SMS_00776,I reached home safely.,22,ham
HAM_SMS_00225,Please confirm your availability for the session.,49,ham
HAM_SMS_00557,The interview schedule will be shared soon.,43,ham
HAM_SMS_04741,The interview schedule will be shared soon.,43,ham
HAM_SMS_05173,Your class schedule has been updated for tomorrow.,50,ham
HAM_SMS_01491,Your payment has been received successfully.,44,ham
HAM_SMS_04840,Reminder: submit your assignment before the deadline.,53,ham
HAM_SMS_00868,Please confirm your availability for the session.,49,ham
HAM_SMS_03473,I reached home safely.,22,ham
HAM_SMS_03899,The meeting has been shifted to 4 PM.,37,ham
HAM_SMS_07413,Your order has been delivered successfully.,43,ham
HAM_SMS_02258,Your class schedule has been updated for tomorrow.,50,ham
HAM_SMS_05931,Your payment has been received successfully.,44,ham
HAM_SMS_02669,Reminder: submit your assignment before the deadline.,53,ham
SPAM_SMS_01698,Earn money from home without investment. Join now.,50,spam
HAM_SMS_02938,The meeting has been shifted to 4 PM.,37,ham
SPAM_SMS_02156,Recharge offer available. Get double benefits today.,52,spam
HAM_SMS_03411,Thank you for your message. I will check and reply soon.,56,ham
HAM_SMS_02570,Please confirm your availability for the session.,49,ham
HAM_SMS_03384,"Hey, are we meeting today for the project discussion?",53,ham
HAM_SMS_02142,Thank you for your message. I will check and reply soon.,56,ham
HAM_SMS_00428,Reminder: submit your assignment before the deadline.,53,ham
HAM_SMS_06380,I reached home safely.,22,ham
HAM_SMS_00883,The report is ready for review.,31,ham
HAM_SMS_03806,The interview schedule will be shared soon.,43,ham
HAM_SMS_06516,The interview schedule will be shared soon.,43,ham
HAM_SMS_06317,Let's discuss the presentation after lunch.,43,ham
SPAM_SMS_02483,Your loan is approved. Pay processing fee to receive funds.,59,spam
HAM_SMS_06760,Thank you for your message. I will check and reply soon.,56,ham
SPAM_SMS_02140,Your mobile number has won a lottery prize.,43,spam
SPAM_SMS_01546,Exclusive offer only for you. Click here to redeem.,51,spam
HAM_SMS_04303,The interview schedule will be shared soon.,43,ham
HAM_SMS_01489,Please confirm your availability for the session.,49,ham
HAM_SMS_04813,I reached home safely.,22,ham
HAM_SMS_05102,Can you send me the notes from today's lecture?,47,ham
HAM_SMS_06061,Please find the details shared in the group.,44,ham
SPAM_SMS_01938,Recharge offer available. Get double benefits today.,52,spam
HAM_SMS_02704,"Hey, are we meeting today for the project discussion?",53,ham
SPAM_SMS_00784,Your mobile number has won a lottery prize.,43,spam
HAM_SMS_06630,Thank you for your message. I will check and reply soon.,56,ham
HAM_SMS_05552,The interview schedule will be shared soon.,43,ham
HAM_SMS_05693,Please confirm your availability for the session.,49,ham
HAM_SMS_01792,The report is ready for review.,31,ham
HAM_SMS_04835,The meeting has been shifted to 4 PM.,37,ham
HAM_SMS_02126,Your class schedule has been updated for tomorrow.,50,ham
HAM_SMS_00903,The meeting has been shifted to 4 PM.,37,ham
SPAM_SMS_00550,Exclusive offer only for you. Click here to redeem.,51,spam
HAM_SMS_05945,Please find the details shared in the group.,44,ham
HAM_SMS_03804,The interview schedule will be shared soon.,43,ham
HAM_SMS_03758,Please confirm your availability for the session.,49,ham
SPAM_SMS_00176,Suspicious login detected. Update your password immediately.,60,spam
HAM_SMS_04942,The meeting has been shifted to 4 PM.,37,ham
HAM_SMS_01180,Your order has been delivered successfully.,43,ham
HAM_SMS_04552,Please call me when you are free.,33,ham
HAM_SMS_03226,Your order has been delivered successfully.,43,ham
HAM_SMS_07376,The meeting has been shifted to 4 PM.,37,ham
SPAM_SMS_01031,Your loan is approved. Pay processing fee to receive funds.,59,spam
HAM_SMS_01431,Thank you for your message. I will check and reply soon.,56,ham
HAM_SMS_02134,The interview schedule will be shared soon.,43,ham
HAM_SMS_01261,Please find the details shared in the group.,44,ham
HAM_SMS_03149,Please find the details shared in the group.,44,ham
HAM_SMS_05122,The interview schedule will be shared soon.,43,ham
HAM_SMS_03549,Please call me when you are free.,33,ham
SPAM_SMS_01891,Claim your free gift card now before it expires.,48,spam
HAM_SMS_04039,The meeting has been shifted to 4 PM.,37,ham
SPAM_SMS_02226,Your loan is approved. Pay processing fee to receive funds.,59,spam
HAM_SMS_06180,"Hey, are we meeting today for the project discussion?",53,ham
HAM_SMS_02707,Your class schedule has been updated for tomorrow.,50,ham
HAM_SMS_00552,"Hey, are we meeting today for the project discussion?",53,ham
HAM_SMS_02681,Please call me when you are free.,33,ham
HAM_SMS_05879,Your payment has been received successfully.,44,ham
HAM_SMS_05834,I reached home safely.,22,ham
HAM_SMS_03869,The interview schedule will be shared soon.,43,ham
HAM_SMS_04827,The interview schedule will be shared soon.,43,ham
SPAM_SMS_01704,Win money instantly. Register today and claim your bonus.,57,spam
SPAM_SMS_01510,Limited time offer. Get free coupons by clicking this link.,59,spam
HAM_SMS_06460,"Hey, are we meeting today for the project discussion?",53,ham
HAM_SMS_00865,Reminder: submit your assignment before the deadline.,53,ham
HAM_SMS_03117,The report is ready for review.,31,ham
HAM_SMS_04335,Let's discuss the presentation after lunch.,43,ham
HAM_SMS_05452,Please confirm your availability for the session.,49,ham
SPAM_SMS_01091,Congratulations! You have won a cash prize. Click the link to claim now.,72,spam
HAM_SMS_07107,Please call me when you are free.,33,ham
HAM_SMS_05974,I reached home safely.,22,ham
SPAM_SMS_01894,Earn money from home without investment. Join now.,50,spam
HAM_SMS_04969,Your payment has been received successfully.,44,ham
HAM_SMS_05051,"Hey, are we meeting today for the project discussion?",53,ham
HAM_SMS_07146,Please call me when you are free.,33,ham
HAM_SMS_03401,I reached home safely.,22,ham
HAM_SMS_02931,Please call me when you are free.,33,ham
SPAM_SMS_01749,Limited time offer. Get free coupons by clicking this link.,59,spam
HAM_SMS_07160,The interview schedule will be shared soon.,43,ham
HAM_SMS_04949,Let's discuss the presentation after lunch.,43,ham
HAM_SMS_03377,Let's discuss the presentation after lunch.,43,ham
HAM_SMS_03494,The meeting has been shifted to 4 PM.,37,ham
SPAM_SMS_00809,Congratulations! You have won a cash prize. Click the link to claim now.,72,spam
HAM_SMS_02715,Please confirm your availability for the session.,49,ham
HAM_SMS_03455,The interview schedule will be shared soon.,43,ham
HAM_SMS_03239,"Hey, are we meeting today for the project discussion?",53,ham
HAM_SMS_05565,Thank you for your message. I will check and reply soon.,56,ham
HAM_SMS_06618,Your payment has been received successfully.,44,ham
HAM_SMS_05587,Please call me when you are free.,33,ham
HAM_SMS_00898,Your class schedule has been updated for tomorrow.,50,ham
SPAM_SMS_01186,You are selected for a reward. Send your account details now.,61,spam
HAM_SMS_06933,Your order has been delivered successfully.,43,ham
HAM_SMS_04654,Reminder: submit your assignment before the deadline.,53,ham
HAM_SMS_00044,The report is ready for review.,31,ham
SPAM_SMS_00766,Your loan is approved. Pay processing fee to receive funds.,59,spam
HAM_SMS_02797,The meeting has been shifted to 4 PM.,37,ham
SPAM_SMS_00490,Final warning! Complete KYC verification now.,45,spam
SPAM_SMS_02463,Recharge offer available. Get double benefits today.,52,spam
HAM_SMS_04468,Your class schedule has been updated for tomorrow.,50,ham
HAM_SMS_06260,Your payment has been received successfully.,44,ham
HAM_SMS_06468,Thank you for your message. I will check and reply soon.,56,ham
HAM_SMS_01186,"Hey, are we meeting today for the project discussion?",53,ham
HAM_SMS_04325,Can you send me the notes from today's lecture?,47,ham
HAM_SMS_06851,Your payment has been received successfully.,44,ham
HAM_SMS_07300,Your class schedule has been updated for tomorrow.,50,ham
HAM_SMS_04140,Thank you for your message. I will check and reply soon.,56,ham
HAM_SMS_06494,Please confirm your availability for the session.,49,ham
SPAM_SMS_02379,You are selected for a reward. Send your account details now.,61,spam
HAM_SMS_05472,Your class schedule has been updated for tomorrow.,50,ham
HAM_SMS_02527,Please find the details shared in the group.,44,ham
HAM_SMS_01475,Reminder: submit your assignment before the deadline.,53,ham
SPAM_SMS_02155,Your mobile number has won a lottery prize.,43,spam
HAM_SMS_06385,Reminder: submit your assignment before the deadline.,53,ham
SPAM_SMS_01986,Free entry in a lucky draw. Text WIN to claim your reward.,58,spam
HAM_SMS_06438,The report is ready for review.,31,ham
HAM_SMS_06587,Your class schedule has been updated for tomorrow.,50,ham
HAM_SMS_00917,Can you send me the notes from today's lecture?,47,ham
SPAM_SMS_00315,Exclusive offer only for you. Click here to redeem.,51,spam
HAM_SMS_00072,Thank you for your message. I will check and reply soon.,56,ham
SPAM_SMS_00382,Your mobile number has won a lottery prize.,43,spam
HAM_SMS_05957,Please find the details shared in the group.,44,ham
HAM_SMS_02701,The interview schedule will be shared soon.,43,ham
HAM_SMS_03603,Your order has been delivered successfully.,43,ham
HAM_SMS_03761,Please confirm your availability for the session.,49,ham
HAM_SMS_00998,The report is ready for review.,31,ham
HAM_SMS_04523,The meeting has been shifted to 4 PM.,37,ham
HAM_SMS_06390,Can you send me the notes from today's lecture?,47,ham
HAM_SMS_02436,Please call me when you are free.,33,ham
HAM_SMS_06559,Thank you for your message. I will check and reply soon.,56,ham
HAM_SMS_04282,Please find the details shared in the group.,44,ham
HAM_SMS_06959,Your class schedule has been updated for tomorrow.,50,ham
HAM_SMS_02620,Thank you for your message. I will check and reply soon.,56,ham
HAM_SMS_03450,I reached home safely.,22,ham
HAM_SMS_02687,Thank you for your message. I will check and reply soon.,56,ham
HAM_SMS_00364,Thank you for your message. I will check and reply soon.,56,ham
HAM_SMS_07482,Please call me when you are free.,33,ham
HAM_SMS_02260,Please call me when you are free.,33,ham
HAM_SMS_04752,Please find the details shared in the group.,44,ham
HAM_SMS_06565,Your payment has been received successfully.,44,ham
HAM_SMS_06208,I reached home safely.,22,ham
SPAM_SMS_01862,Recharge offer available. Get double benefits today.,52,spam
HAM_SMS_07338,Please confirm your availability for the session.,49,ham
SPAM_SMS_01122,Limited time offer. Get free coupons by clicking this link.,59,spam
HAM_SMS_04136,Please confirm your availability for the session.,49,ham
HAM_SMS_04224,Your class schedule has been updated for tomorrow.,50,ham
SPAM_SMS_01171,Earn money from home without investment. Join now.,50,spam
SPAM_SMS_02265,Limited time offer. Get free coupons by clicking this link.,59,spam
SPAM_SMS_01845,Suspicious login detected. Update your password immediately.,60,spam
SPAM_SMS_00500,Suspicious login detected. Update your password immediately.,60,spam
SPAM_SMS_02349,Your mobile number has won a lottery prize.,43,spam
HAM_SMS_05861,"Hey, are we meeting today for the project discussion?",53,ham
SPAM_SMS_02089,Recharge offer available. Get double benefits today.,52,spam
SPAM_SMS_01619,Exclusive offer only for you. Click here to redeem.,51,spam
SPAM_SMS_00773,You are selected for a reward. Send your account details now.,61,spam
HAM_SMS_01787,Your class schedule has been updated for tomorrow.,50,ham
HAM_SMS_05576,The report is ready for review.,31,ham
HAM_SMS_06751,Please confirm your availability for the session.,49,ham
HAM_SMS_07435,Your order has been delivered successfully.,43,ham
HAM_SMS_06170,The interview schedule will be shared soon.,43,ham
HAM_SMS_03099,The meeting has been shifted to 4 PM.,37,ham
HAM_SMS_07446,Can you send me the notes from today's lecture?,47,ham
SPAM_SMS_00511,Congratulations! You have won a cash prize. Click the link to claim now.,72,spam
HAM_SMS_04702,Your class schedule has been updated for tomorrow.,50,ham
SPAM_SMS_00122,Win money instantly. Register today and claim your bonus.,57,spam
SPAM_SMS_02169,Exclusive offer only for you. Click here to redeem.,51,spam
HAM_SMS_00991,Reminder: submit your assignment before the deadline.,53,ham
HAM_SMS_01927,Your class schedule has been updated for tomorrow.,50,ham
HAM_SMS_06404,Please call me when you are free.,33,ham
HAM_SMS_05532,I reached home safely.,22,ham
SPAM_SMS_00810,Final warning! Complete KYC verification now.,45,spam
HAM_SMS_01324,Please confirm your availability for the session.,49,ham
HAM_SMS_04081,The report is ready for review.,31,ham
SPAM_SMS_00654,Exclusive offer only for you. Click here to redeem.,51,spam
HAM_SMS_01337,Reminder: submit your assignment before the deadline.,53,ham
HAM_SMS_01675,The interview schedule will be shared soon.,43,ham
HAM_SMS_04451,Your order has been delivered successfully.,43,ham
HAM_SMS_06523,Your order has been delivered successfully.,43,ham
HAM_SMS_04301,I reached home safely.,22,ham
SPAM_SMS_00785,Win money instantly. Register today and claim your bonus.,57,spam
HAM_SMS_02601,Your payment has been received successfully.,44,ham
HAM_SMS_07068,Your order has been delivered successfully.,43,ham
HAM_SMS_01677,Can you send me the notes from today's lecture?,47,ham
SPAM_SMS_02101,Free entry in a lucky draw. Text WIN to claim your reward.,58,spam
HAM_SMS_05559,Your payment has been received successfully.,44,ham
HAM_SMS_00694,"Hey, are we meeting today for the project discussion?",53,ham
SPAM_SMS_01520,Exclusive offer only for you. Click here to redeem.,51,spam
HAM_SMS_02517,Thank you for your message. I will check and reply soon.,56,ham
HAM_SMS_02647,I reached home safely.,22,ham
HAM_SMS_02824,Your payment has been received successfully.,44,ham
SPAM_SMS_00268,Claim your free gift card now before it expires.,48,spam
HAM_SMS_04550,The report is ready for review.,31,ham
HAM_SMS_06713,Your order has been delivered successfully.,43,ham
HAM_SMS_04062,Your payment has been received successfully.,44,ham
HAM_SMS_06967,Please call me when you are free.,33,ham
HAM_SMS_01636,The report is ready for review.,31,ham
HAM_SMS_04348,Please confirm your availability for the session.,49,ham
SPAM_SMS_02447,Urgent! Your bank account will be blocked. Verify your details immediately.,75,spam
HAM_SMS_01356,Let's discuss the presentation after lunch.,43,ham
HAM_SMS_01864,Thank you for your message. I will check and reply soon.,56,ham
HAM_SMS_06600,The meeting has been shifted to 4 PM.,37,ham
HAM_SMS_01521,The report is ready for review.,31,ham
HAM_SMS_02788,Please find the details shared in the group.,44,ham
HAM_SMS_00113,I reached home safely.,22,ham
HAM_SMS_00412,Can you send me the notes from today's lecture?,47,ham
HAM_SMS_04474,Can you send me the notes from today's lecture?,47,ham
HAM_SMS_00406,Please call me when you are free.,33,ham
HAM_SMS_04386,The meeting has been shifted to 4 PM.,37,ham
HAM_SMS_02409,Can you send me the notes from today's lecture?,47,ham
HAM_SMS_06077,"Hey, are we meeting today for the project discussion?",53,ham
HAM_SMS_05758,The meeting has been shifted to 4 PM.,37,ham
HAM_SMS_06987,I reached home safely.,22,ham
HAM_SMS_03419,The interview schedule will be shared soon.,43,ham
SPAM_SMS_00387,You won a shopping voucher. Claim it today.,43,spam
HAM_SMS_00850,The meeting has been shifted to 4 PM.,37,ham
HAM_SMS_03345,The meeting has been shifted to 4 PM.,37,ham
HAM_SMS_05682,"Hey, are we meeting today for the project discussion?",53,ham
SPAM_SMS_01687,Claim your free gift card now before it expires.,48,spam
SPAM_SMS_01012,Your mobile number has won a lottery prize.,43,spam
HAM_SMS_03767,Please confirm your availability for the session.,49,ham
HAM_SMS_00301,Can you send me the notes from today's lecture?,47,ham
HAM_SMS_01856,The report is ready for review.,31,ham
HAM_SMS_03892,Your order has been delivered successfully.,43,ham
HAM_SMS_05813,Can you send me the notes from today's lecture?,47,ham
HAM_SMS_05820,Thank you for your message. I will check and reply soon.,56,ham
HAM_SMS_04291,Please find the details shared in the group.,44,ham
HAM_SMS_03995,Let's discuss the presentation after lunch.,43,ham
SPAM_SMS_01421,You won a shopping voucher. Claim it today.,43,spam
HAM_SMS_05254,Your class schedule has been updated for tomorrow.,50,ham
HAM_SMS_00133,I reached home safely.,22,ham
HAM_SMS_02526,Your payment has been received successfully.,44,ham
SPAM_SMS_00651,Earn money from home without investment. Join now.,50,spam
HAM_SMS_06110,Please confirm your availability for the session.,49,ham
SPAM_SMS_01470,Final warning! Complete KYC verification now.,45,spam
HAM_SMS_03521,Your class schedule has been updated for tomorrow.,50,ham
HAM_SMS_01598,Thank you for your message. I will check and reply soon.,56,ham
HAM_SMS_04475,Let's discuss the presentation after lunch.,43,ham
HAM_SMS_02285,Reminder: submit your assignment before the deadline.,53,ham
SPAM_SMS_02416,Final warning! Complete KYC verification now.,45,spam
HAM_SMS_05157,I reached home safely.,22,ham
SPAM_SMS_02255,Congratulations! You have won a cash prize. Click the link to claim now.,72,spam
HAM_SMS_02149,Let's discuss the presentation after lunch.,43,ham
SPAM_SMS_01420,Exclusive offer only for you. Click here to redeem.,51,spam
HAM_SMS_06888,Let's discuss the presentation after lunch.,43,ham
HAM_SMS_06569,Please call me when you are free.,33,ham
HAM_SMS_05220,Your class schedule has been updated for tomorrow.,50,ham
HAM_SMS_03442,Your order has been delivered successfully.,43,ham
HAM_SMS_05067,Please confirm your availability for the session.,49,ham
HAM_SMS_07103,Please call me when you are free.,33,ham
HAM_SMS_07180,Let's discuss the presentation after lunch.,43,ham
SPAM_SMS_02295,Free entry in a lucky draw. Text WIN to claim your reward.,58,spam
SPAM_SMS_00558,Free entry in a lucky draw. Text WIN to claim your reward.,58,spam
SPAM_SMS_00705,Earn money from home without investment. Join now.,50,spam
HAM_SMS_00256,The report is ready for review.,31,ham
HAM_SMS_05667,Reminder: submit your assignment before the deadline.,53,ham
HAM_SMS_07450,Let's discuss the presentation after lunch.,43,ham
HAM_SMS_03641,The report is ready for review.,31,ham
HAM_SMS_05586,Can you send me the notes from today's lecture?,47,ham
HAM_SMS_04908,Let's discuss the presentation after lunch.,43,ham
HAM_SMS_03749,The meeting has been shifted to 4 PM.,37,ham
HAM_SMS_02754,Your class schedule has been updated for tomorrow.,50,ham
HAM_SMS_03526,Please find the details shared in the group.,44,ham
SPAM_SMS_00407,Urgent! Your bank account will be blocked. Verify your details immediately.,75,spam
HAM_SMS_06105,Please confirm your availability for the session.,49,ham
HAM_SMS_01953,"Hey, are we meeting today for the project discussion?",53,ham
HAM_SMS_02957,The meeting has been shifted to 4 PM.,37,ham
HAM_SMS_03977,Your class schedule has been updated for tomorrow.,50,ham
SPAM_SMS_02235,Your mobile number has won a lottery prize.,43,spam
HAM_SMS_04209,Let's discuss the presentation after lunch.,43,ham
HAM_SMS_02646,The meeting has been shifted to 4 PM.,37,ham
HAM_SMS_02190,Your class schedule has been updated for tomorrow.,50,ham
HAM_SMS_05269,Your payment has been received successfully.,44,ham
HAM_SMS_03380,The meeting has been shifted to 4 PM.,37,ham
HAM_SMS_00548,The report is ready for review.,31,ham
HAM_SMS_02640,Please find the details shared in the group.,44,ham
SPAM_SMS_01736,Final warning! Complete KYC verification now.,45,spam
SPAM_SMS_01544,Urgent! Your bank account will be blocked. Verify your details immediately.,75,spam
HAM_SMS_00164,The meeting has been shifted to 4 PM.,37,ham
SPAM_SMS_01010,Recharge offer available. Get double benefits today.,52,spam
HAM_SMS_00080,The report is ready for review.,31,ham
SPAM_SMS_01384,Earn money from home without investment. Join now.,50,spam
HAM_SMS_06637,Please confirm your availability for the session.,49,ham
HAM_SMS_01190,Please find the details shared in the group.,44,ham
HAM_SMS_05409,Can you send me the notes from today's lecture?,47,ham
HAM_SMS_04477,"Hey, are we meeting today for the project discussion?",53,ham
SPAM_SMS_01727,Congratulations! You have won a cash prize. Click the link to claim now.,72,spam
HAM_SMS_01728,Please find the details shared in the group.,44,ham
HAM_SMS_02671,Please call me when you are free.,33,ham
SPAM_SMS_01086,Recharge offer available. Get double benefits today.,52,spam
HAM_SMS_01317,I reached home safely.,22,ham
HAM_SMS_00823,Your order has been delivered successfully.,43,ham
SPAM_SMS_02387,Earn money from home without investment. Join now.,50,spam
SPAM_SMS_01499,Suspicious login detected. Update your password immediately.,60,spam
HAM_SMS_01462,The report is ready for review.,31,ham
SPAM_SMS_02283,Your mobile number has won a lottery prize.,43,spam
SPAM_SMS_00381,Limited time offer. Get free coupons by clicking this link.,59,spam
HAM_SMS_05540,Reminder: submit your assignment before the deadline.,53,ham
HAM_SMS_00598,I reached home safely.,22,ham
SPAM_SMS_01467,Congratulations! You have won a cash prize. Click the link to claim now.,72,spam
HAM_SMS_03022,Your payment has been received successfully.,44,ham
SPAM_SMS_01889,Earn money from home without investment. Join now.,50,spam
HAM_SMS_05181,Reminder: submit your assignment before the deadline.,53,ham
SPAM_SMS_01579,Suspicious login detected. Update your password immediately.,60,spam
HAM_SMS_03858,I reached home safely.,22,ham
HAM_SMS_05942,Your order has been delivered successfully.,43,ham
SPAM_SMS_02467,Win money instantly. Register today and claim your bonus.,57,spam
SPAM_SMS_00855,You won a shopping voucher. Claim it today.,43,spam
SPAM_SMS_01883,Recharge offer available. Get double benefits today.,52,spam
HAM_SMS_03884,Please call me when you are free.,33,ham
SPAM_SMS_01552,You are selected for a reward. Send your account details now.,61,spam
SPAM_SMS_01638,You are selected for a reward. Send your account details now.,61,spam
HAM_SMS_02886,Please confirm your availability for the session.,49,ham
HAM_SMS_01794,Thank you for your message. I will check and reply soon.,56,ham
HAM_SMS_07379,Let's discuss the presentation after lunch.,43,ham
SPAM_SMS_01915,Final warning! Complete KYC verification now.,45,spam
SPAM_SMS_00908,You won a shopping voucher. Claim it today.,43,spam
SPAM_SMS_02197,Recharge offer available. Get double benefits today.,52,spam
HAM_SMS_00510,Reminder: submit your assignment before the deadline.,53,ham
HAM_SMS_00622,Your order has been delivered successfully.,43,ham
SPAM_SMS_00182,Your loan is approved. Pay processing fee to receive funds.,59,spam
HAM_SMS_04266,The report is ready for review.,31,ham
HAM_SMS_05923,The meeting has been shifted to 4 PM.,37,ham
HAM_SMS_00620,Please call me when you are free.,33,ham
HAM_SMS_06895,The interview schedule will be shared soon.,43,ham
HAM_SMS_06790,"Hey, are we meeting today for the project discussion?",53,ham
HAM_SMS_00825,The report is ready for review.,31,ham
HAM_SMS_05803,Please confirm your availability for the session.,49,ham
HAM_SMS_01229,Can you send me the notes from today's lecture?,47,ham
HAM_SMS_04706,Your payment has been received successfully.,44,ham
HAM_SMS_00816,Please call me when you are free.,33,ham
HAM_SMS_02560,The interview schedule will be shared soon.,43,ham
HAM_SMS_01662,"Hey, are we meeting today for the project discussion?",53,ham
HAM_SMS_07401,I reached home safely.,22,ham
HAM_SMS_05289,"Hey, are we meeting today for the project discussion?",53,ham
HAM_SMS_06726,Let's discuss the presentation after lunch.,43,ham
SPAM_SMS_00269,Win money instantly. Register today and claim your bonus.,57,spam
HAM_SMS_05615,Your order has been delivered successfully.,43,ham
SPAM_SMS_02259,Win money instantly. Register today and claim your bonus.,57,spam
HAM_SMS_03567,I reached home safely.,22,ham
HAM_SMS_03215,Thank you for your message. I will check and reply soon.,56,ham
SPAM_SMS_01324,Free entry in a lucky draw. Text WIN to claim your reward.,58,spam
HAM_SMS_00316,The interview schedule will be shared soon.,43,ham
HAM_SMS_00607,Thank you for your message. I will check and reply soon.,56,ham
HAM_SMS_02813,Please call me when you are free.,33,ham
HAM_SMS_06601,Your order has been delivered successfully.,43,ham
SPAM_SMS_00663,You won a shopping voucher. Claim it today.,43,spam
HAM_SMS_04381,Your order has been delivered successfully.,43,ham
HAM_SMS_02719,"Hey, are we meeting today for the project discussion?",53,ham
HAM_SMS_00897,The report is ready for review.,31,ham
HAM_SMS_00669,Thank you for your message. I will check and reply soon.,56,ham
HAM_SMS_03722,Thank you for your message. I will check and reply soon.,56,ham
SPAM_SMS_01956,Win money instantly. Register today and claim your bonus.,57,spam
HAM_SMS_00135,The interview schedule will be shared soon.,43,ham
HAM_SMS_04340,The interview schedule will be shared soon.,43,ham
HAM_SMS_04243,Please call me when you are free.,33,ham
HAM_SMS_05350,Your payment has been received successfully.,44,ham
SPAM_SMS_01252,You are selected for a reward. Send your account details now.,61,spam
HAM_SMS_01651,Please confirm your availability for the session.,49,ham
HAM_SMS_06379,Your payment has been received successfully.,44,ham
HAM_SMS_04032,Your class schedule has been updated for tomorrow.,50,ham
HAM_SMS_01113,Your class schedule has been updated for tomorrow.,50,ham
SPAM_SMS_00697,Recharge offer available. Get double benefits today.,52,spam
HAM_SMS_06457,Reminder: submit your assignment before the deadline.,53,ham
HAM_SMS_02675,Thank you for your message. I will check and reply soon.,56,ham
HAM_SMS_01248,I reached home safely.,22,ham
HAM_SMS_01134,"Hey, are we meeting today for the project discussion?",53,ham
HAM_SMS_00627,The report is ready for review.,31,ham
SPAM_SMS_02181,Earn money from home without investment. Join now.,50,spam
HAM_SMS_06755,Reminder: submit your assignment before the deadline.,53,ham
HAM_SMS_04836,The report is ready for review.,31,ham
HAM_SMS_01916,Please call me when you are free.,33,ham
HAM_SMS_00560,I reached home safely.,22,ham
HAM_SMS_04429,The interview schedule will be shared soon.,43,ham
HAM_SMS_06536,The interview schedule will be shared soon.,43,ham
HAM_SMS_00131,Your payment has been received successfully.,44,ham
HAM_SMS_00226,The interview schedule will be shared soon.,43,ham
HAM_SMS_04912,"Hey, are we meeting today for the project discussion?",53,ham
HAM_SMS_02486,Please find the details shared in the group.,44,ham
HAM_SMS_07289,Let's discuss the presentation after lunch.,43,ham
SPAM_SMS_02485,Earn money from home without investment. Join now.,50,spam
HAM_SMS_03551,Let's discuss the presentation after lunch.,43,ham
HAM_SMS_01044,Your class schedule has been updated for tomorrow.,50,ham
HAM_SMS_00876,Please call me when you are free.,33,ham
HAM_SMS_00340,The interview schedule will be shared soon.,43,ham
HAM_SMS_02664,Reminder: submit your assignment before the deadline.,53,ham
HAM_SMS_00236,Please call me when you are free.,33,ham
HAM_SMS_05914,"Hey, are we meeting today for the project discussion?",53,ham
HAM_SMS_00062,Your payment has been received successfully.,44,ham
HAM_SMS_04500,The meeting has been shifted to 4 PM.,37,ham
HAM_SMS_03131,"Hey, are we meeting today for the project discussion?",53,ham
HAM_SMS_02255,Reminder: submit your assignment before the deadline.,53,ham
HAM_SMS_02518,Let's discuss the presentation after lunch.,43,ham
HAM_SMS_05470,Your payment has been received successfully.,44,ham
HAM_SMS_06837,Your payment has been received successfully.,44,ham
SPAM_SMS_00703,Final warning! Complete KYC verification now.,45,spam
HAM_SMS_00870,The meeting has been shifted to 4 PM.,37,ham
HAM_SMS_05680,Please call me when you are free.,33,ham
HAM_SMS_07014,Your order has been delivered successfully.,43,ham
HAM_SMS_01720,Can you send me the notes from today's lecture?,47,ham
SPAM_SMS_02203,Suspicious login detected. Update your password immediately.,60,spam
SPAM_SMS_01007,Earn money from home without investment. Join now.,50,spam
SPAM_SMS_01849,You are selected for a reward. Send your account details now.,61,spam
HAM_SMS_02012,Can you send me the notes from today's lecture?,47,ham
SPAM_SMS_00776,Limited time offer. Get free coupons by clicking this link.,59,spam
HAM_SMS_01288,Please find the details shared in the group.,44,ham
HAM_SMS_04615,Reminder: submit your assignment before the deadline.,53,ham
HAM_SMS_00161,Thank you for your message. I will check and reply soon.,56,ham
HAM_SMS_05221,Please find the details shared in the group.,44,ham
HAM_SMS_00111,The interview schedule will be shared soon.,43,ham
HAM_SMS_05805,Let's discuss the presentation after lunch.,43,ham
SPAM_SMS_01821,Suspicious login detected. Update your password immediately.,60,spam
HAM_SMS_04410,Reminder: submit your assignment before the deadline.,53,ham
SPAM_SMS_02153,Recharge offer available. Get double benefits today.,52,spam
SPAM_SMS_00313,Limited time offer. Get free coupons by clicking this link.,59,spam
SPAM_SMS_01382,Limited time offer. Get free coupons by clicking this link.,59,spam
HAM_SMS_00681,Your class schedule has been updated for tomorrow.,50,ham
SPAM_SMS_00831,Limited time offer. Get free coupons by clicking this link.,59,spam
HAM_SMS_06153,Thank you for your message. I will check and reply soon.,56,ham
HAM_SMS_00756,The meeting has been shifted to 4 PM.,37,ham
HAM_SMS_00410,I reached home safely.,22,ham
SPAM_SMS_00283,Suspicious login detected. Update your password immediately.,60,spam
HAM_SMS_07481,Let's discuss the presentation after lunch.,43,ham
HAM_SMS_05113,Can you send me the notes from today's lecture?,47,ham
HAM_SMS_02026,Reminder: submit your assignment before the deadline.,53,ham
HAM_SMS_06721,Your order has been delivered successfully.,43,ham
HAM_SMS_04897,Your order has been delivered successfully.,43,ham
HAM_SMS_02539,"Hey, are we meeting today for the project discussion?",53,ham
HAM_SMS_02385,The interview schedule will be shared soon.,43,ham
HAM_SMS_00166,The meeting has been shifted to 4 PM.,37,ham
SPAM_SMS_02454,You are selected for a reward. Send your account details now.,61,spam
HAM_SMS_00948,Your class schedule has been updated for tomorrow.,50,ham
HAM_SMS_00853,Can you send me the notes from today's lecture?,47,ham
HAM_SMS_06825,Please call me when you are free.,33,ham
HAM_SMS_02157,Please find the details shared in the group.,44,ham
HAM_SMS_00916,Your payment has been received successfully.,44,ham
SPAM_SMS_01404,Free entry in a lucky draw. Text WIN to claim your reward.,58,spam
SPAM_SMS_02326,Final warning! Complete KYC verification now.,45,spam
HAM_SMS_05375,"Hey, are we meeting today for the project discussion?",53,ham
SPAM_SMS_01037,Limited time offer. Get free coupons by clicking this link.,59,spam
HAM_SMS_04784,Your class schedule has been updated for tomorrow.,50,ham
SPAM_SMS_00969,Win money instantly. Register today and claim your bonus.,57,spam
HAM_SMS_04427,Reminder: submit your assignment before the deadline.,53,ham
HAM_SMS_04860,Reminder: submit your assignment before the deadline.,53,ham
HAM_SMS_01868,The report is ready for review.,31,ham
HAM_SMS_01715,I reached home safely.,22,ham
HAM_SMS_02226,"Hey, are we meeting today for the project discussion?",53,ham
SPAM_SMS_01693,Recharge offer available. Get double benefits today.,52,spam
HAM_SMS_00736,Thank you for your message. I will check and reply soon.,56,ham
HAM_SMS_06264,Please confirm your availability for the session.,49,ham
HAM_SMS_04807,The interview schedule will be shared soon.,43,ham
HAM_SMS_02842,I reached home safely.,22,ham
HAM_SMS_04341,Your payment has been received successfully.,44,ham
HAM_SMS_04228,Your payment has been received successfully.,44,ham
SPAM_SMS_01450,Suspicious login detected. Update your password immediately.,60,spam
HAM_SMS_00730,Thank you for your message. I will check and reply soon.,56,ham
SPAM_SMS_00736,Win money instantly. Register today and claim your bonus.,57,spam
SPAM_SMS_00570,Suspicious login detected. Update your password immediately.,60,spam
HAM_SMS_07394,Your payment has been received successfully.,44,ham
HAM_SMS_06952,Your order has been delivered successfully.,43,ham
SPAM_SMS_00273,Congratulations! You have won a cash prize. Click the link to claim now.,72,spam
HAM_SMS_03369,"Hey, are we meeting today for the project discussion?",53,ham
HAM_SMS_00381,Your payment has been received successfully.,44,ham
HAM_SMS_05898,Your order has been delivered successfully.,43,ham
HAM_SMS_06889,The interview schedule will be shared soon.,43,ham
SPAM_SMS_00062,Suspicious login detected. Update your password immediately.,60,spam
SPAM_SMS_01820,Earn money from home without investment. Join now.,50,spam
HAM_SMS_03279,Thank you for your message. I will check and reply soon.,56,ham
HAM_SMS_06401,"Hey, are we meeting today for the project discussion?",53,ham
HAM_SMS_05341,Let's discuss the presentation after lunch.,43,ham
HAM_SMS_04710,The meeting has been shifted to 4 PM.,37,ham
HAM_SMS_03243,The interview schedule will be shared soon.,43,ham
HAM_SMS_06660,The interview schedule will be shared soon.,43,ham
SPAM_SMS_00378,Earn money from home without investment. Join now.,50,spam
HAM_SMS_03814,Reminder: submit your assignment before the deadline.,53,ham
HAM_SMS_01376,The interview schedule will be shared soon.,43,ham
HAM_SMS_02084,Your payment has been received successfully.,44,ham
SPAM_SMS_00931,Limited time offer. Get free coupons by clicking this link.,59,spam
HAM_SMS_00579,Can you send me the notes from today's lecture?,47,ham
HAM_SMS_03704,Reminder: submit your assignment before the deadline.,53,ham
HAM_SMS_06363,Please find the details shared in the group.,44,ham
SPAM_SMS_01232,Exclusive offer only for you. Click here to redeem.,51,spam
HAM_SMS_06638,Reminder: submit your assignment before the deadline.,53,ham
HAM_SMS_04658,I reached home safely.,22,ham
HAM_SMS_02010,Your class schedule has been updated for tomorrow.,50,ham
HAM_SMS_00147,Your class schedule has been updated for tomorrow.,50,ham
HAM_SMS_03337,Please find the details shared in the group.,44,ham
SPAM_SMS_00296,Win money instantly. Register today and claim your bonus.,57,spam
SPAM_SMS_01545,Final warning! Complete KYC verification now.,45,spam
HAM_SMS_03511,Your class schedule has been updated for tomorrow.,50,ham
HAM_SMS_05991,Let's discuss the presentation after lunch.,43,ham
HAM_SMS_04515,Please confirm your availability for the session.,49,ham
SPAM_SMS_01166,Suspicious login detected. Update your password immediately.,60,spam
SPAM_SMS_00729,Your mobile number has won a lottery prize.,43,spam
SPAM_SMS_02125,Congratulations! You have won a cash prize. Click the link to claim now.,72,spam
HAM_SMS_02634,Let's discuss the presentation after lunch.,43,ham
SPAM_SMS_02174,Earn money from home without investment. Join now.,50,spam
HAM_SMS_00723,Your class schedule has been updated for tomorrow.,50,ham
HAM_SMS_01126,Can you send me the notes from today's lecture?,47,ham
HAM_SMS_00435,The report is ready for review.,31,ham
HAM_SMS_06997,"Hey, are we meeting today for the project discussion?",53,ham
HAM_SMS_00336,The interview schedule will be shared soon.,43,ham
SPAM_SMS_01861,Your loan is approved. Pay processing fee to receive funds.,59,spam
HAM_SMS_06576,I reached home safely.,22,ham
HAM_SMS_06501,The meeting has been shifted to 4 PM.,37,ham
HAM_SMS_01459,The interview schedule will be shared soon.,43,ham
HAM_SMS_03953,Please find the details shared in the group.,44,ham
HAM_SMS_03002,Your class schedule has been updated for tomorrow.,50,ham
SPAM_SMS_00648,Congratulations! You have won a cash prize. Click the link to claim now.,72,spam
HAM_SMS_01641,Can you send me the notes from today's lecture?,47,ham
HAM_SMS_06580,Thank you for your message. I will check and reply soon.,56,ham
HAM_SMS_04538,Please find the details shared in the group.,44,ham
HAM_SMS_06096,Your order has been delivered successfully.,43,ham
HAM_SMS_01267,"Hey, are we meeting today for the project discussion?",53,ham
SPAM_SMS_00932,Congratulations! You have won a cash prize. Click the link to claim now.,72,spam
SPAM_SMS_00818,Exclusive offer only for you. Click here to redeem.,51,spam
SPAM_SMS_01504,Urgent! Your bank account will be blocked. Verify your details immediately.,75,spam
HAM_SMS_06890,Please confirm your availability for the session.,49,ham
SPAM_SMS_00726,Win money instantly. Register today and claim your bonus.,57,spam
SPAM_SMS_02350,Your loan is approved. Pay processing fee to receive funds.,59,spam
HAM_SMS_03826,Please find the details shared in the group.,44,ham
HAM_SMS_04708,Your class schedule has been updated for tomorrow.,50,ham
SPAM_SMS_02138,Free entry in a lucky draw. Text WIN to claim your reward.,58,spam
HAM_SMS_06884,Your order has been delivered successfully.,43,ham
HAM_SMS_03044,Please confirm your availability for the session.,49,ham
HAM_SMS_02512,The interview schedule will be shared soon.,43,ham
HAM_SMS_03557,"Hey, are we meeting today for the project discussion?",53,ham
SPAM_SMS_02311,Free entry in a lucky draw. Text WIN to claim your reward.,58,spam
HAM_SMS_06422,The report is ready for review.,31,ham
HAM_SMS_00751,I reached home safely.,22,ham
HAM_SMS_03532,The interview schedule will be shared soon.,43,ham
HAM_SMS_04620,Your class schedule has been updated for tomorrow.,50,ham
HAM_SMS_03888,Reminder: submit your assignment before the deadline.,53,ham
HAM_SMS_00848,The interview schedule will be shared soon.,43,ham
HAM_SMS_00911,Please confirm your availability for the session.,49,ham
SPAM_SMS_01300,Exclusive offer only for you. Click here to redeem.,51,spam
HAM_SMS_02643,Thank you for your message. I will check and reply soon.,56,ham
HAM_SMS_01460,Your class schedule has been updated for tomorrow.,50,ham
HAM_SMS_04461,Please confirm your availability for the session.,49,ham
HAM_SMS_03654,Reminder: submit your assignment before the deadline.,53,ham
SPAM_SMS_00138,Suspicious login detected. Update your password immediately.,60,spam
HAM_SMS_00163,Reminder: submit your assignment before the deadline.,53,ham
HAM_SMS_02929,Can you send me the notes from today's lecture?,47,ham
HAM_SMS_02078,I reached home safely.,22,ham
HAM_SMS_06149,Please confirm your availability for the session.,49,ham
HAM_SMS_03165,I reached home safely.,22,ham
HAM_SMS_00815,Your payment has been received successfully.,44,ham
HAM_SMS_07120,Please call me when you are free.,33,ham
HAM_SMS_06668,Thank you for your message. I will check and reply soon.,56,ham
SPAM_SMS_01500,You won a shopping voucher. Claim it today.,43,spam
HAM_SMS_01366,Your payment has been received successfully.,44,ham
HAM_SMS_02425,Please find the details shared in the group.,44,ham
SPAM_SMS_02193,Recharge offer available. Get double benefits today.,52,spam
HAM_SMS_02372,The interview schedule will be shared soon.,43,ham
HAM_SMS_00656,Can you send me the notes from today's lecture?,47,ham
SPAM_SMS_00119,Congratulations! You have won a cash prize. Click the link to claim now.,72,spam
HAM_SMS_06415,Please call me when you are free.,33,ham
SPAM_SMS_01058,Urgent! Your bank account will be blocked. Verify your details immediately.,75,spam
HAM_SMS_05789,The report is ready for review.,31,ham
SPAM_SMS_02364,Final warning! Complete KYC verification now.,45,spam
HAM_SMS_02696,I reached home safely.,22,ham
HAM_SMS_03438,Thank you for your message. I will check and reply soon.,56,ham
HAM_SMS_05912,The report is ready for review.,31,ham
HAM_SMS_06001,Your payment has been received successfully.,44,ham
HAM_SMS_04655,Your payment has been received successfully.,44,ham
HAM_SMS_01401,Please confirm your availability for the session.,49,ham
SPAM_SMS_00171,Recharge offer available. Get double benefits today.,52,spam
HAM_SMS_03503,The interview schedule will be shared soon.,43,ham
HAM_SMS_03362,The report is ready for review.,31,ham
HAM_SMS_00125,Thank you for your message. I will check and reply soon.,56,ham
HAM_SMS_02318,Your order has been delivered successfully.,43,ham
HAM_SMS_04939,Please confirm your availability for the session.,49,ham
SPAM_SMS_02472,Recharge offer available. Get double benefits today.,52,spam
HAM_SMS_02000,The interview schedule will be shared soon.,43,ham
SPAM_SMS_00027,Earn money from home without investment. Join now.,50,spam
SPAM_SMS_00352,You are selected for a reward. Send your account details now.,61,spam
SPAM_SMS_02091,You are selected for a reward. Send your account details now.,61,spam
SPAM_SMS_00791,You are selected for a reward. Send your account details now.,61,spam
HAM_SMS_07277,Please find the details shared in the group.,44,ham
HAM_SMS_04576,Please confirm your availability for the session.,49,ham
HAM_SMS_01766,Can you send me the notes from today's lecture?,47,ham
HAM_SMS_02156,The report is ready for review.,31,ham
HAM_SMS_07200,Your order has been delivered successfully.,43,ham
HAM_SMS_00746,Let's discuss the presentation after lunch.,43,ham
HAM_SMS_00844,Thank you for your message. I will check and reply soon.,56,ham
HAM_SMS_00643,"Hey, are we meeting today for the project discussion?",53,ham
HAM_SMS_03626,Your order has been delivered successfully.,43,ham
HAM_SMS_03849,Your payment has been received successfully.,44,ham
HAM_SMS_03725,Your order has been delivered successfully.,43,ham
HAM_SMS_05065,Your order has been delivered successfully.,43,ham
HAM_SMS_03007,Please confirm your availability for the session.,49,ham
HAM_SMS_06308,Please confirm your availability for the session.,49,ham
HAM_SMS_01098,Can you send me the notes from today's lecture?,47,ham
SPAM_SMS_02351,Congratulations! You have won a cash prize. Click the link to claim now.,72,spam
HAM_SMS_03013,Can you send me the notes from today's lecture?,47,ham
HAM_SMS_06345,Your order has been delivered successfully.,43,ham
HAM_SMS_06988,Reminder: submit your assignment before the deadline.,53,ham
HAM_SMS_00344,"Hey, are we meeting today for the project discussion?",53,ham
HAM_SMS_00863,Your class schedule has been updated for tomorrow.,50,ham
SPAM_SMS_00551,Your loan is approved. Pay processing fee to receive funds.,59,spam
HAM_SMS_05689,Your payment has been received successfully.,44,ham
HAM_SMS_00404,The meeting has been shifted to 4 PM.,37,ham
HAM_SMS_03772,The meeting has been shifted to 4 PM.,37,ham
SPAM_SMS_02466,You won a shopping voucher. Claim it today.,43,spam
SPAM_SMS_00645,Final warning! Complete KYC verification now.,45,spam
HAM_SMS_02750,I reached home safely.,22,ham
HAM_SMS_06239,Please confirm your availability for the session.,49,ham
SPAM_SMS_01792,Urgent! Your bank account will be blocked. Verify your details immediately.,75,spam
HAM_SMS_02150,Reminder: submit your assignment before the deadline.,53,ham
HAM_SMS_01795,Please call me when you are free.,33,ham
HAM_SMS_04271,The meeting has been shifted to 4 PM.,37,ham
HAM_SMS_01974,Can you send me the notes from today's lecture?,47,ham
HAM_SMS_02583,Please find the details shared in the group.,44,ham
SPAM_SMS_01973,Win money instantly. Register today and claim your bonus.,57,spam
HAM_SMS_06693,"Hey, are we meeting today for the project discussion?",53,ham
HAM_SMS_05875,I reached home safely.,22,ham
SPAM_SMS_02261,Final warning! Complete KYC verification now.,45,spam
HAM_SMS_00241,The meeting has been shifted to 4 PM.,37,ham
SPAM_SMS_01368,You won a shopping voucher. Claim it today.,43,spam
HAM_SMS_04687,Your class schedule has been updated for tomorrow.,50,ham
SPAM_SMS_00270,Suspicious login detected. Update your password immediately.,60,spam
HAM_SMS_02565,Let's discuss the presentation after lunch.,43,ham
HAM_SMS_04703,Can you send me the notes from today's lecture?,47,ham
SPAM_SMS_01705,Limited time offer. Get free coupons by clicking this link.,59,spam
HAM_SMS_05653,Your payment has been received successfully.,44,ham
SPAM_SMS_01093,Claim your free gift card now before it expires.,48,spam
HAM_SMS_01917,Your payment has been received successfully.,44,ham
HAM_SMS_03266,Let's discuss the presentation after lunch.,43,ham
HAM_SMS_04947,Please confirm your availability for the session.,49,ham
SPAM_SMS_00440,Congratulations! You have won a cash prize. Click the link to claim now.,72,spam
SPAM_SMS_00738,You won a shopping voucher. Claim it today.,43,spam
HAM_SMS_03458,Please call me when you are free.,33,ham
SPAM_SMS_02041,Your loan is approved. Pay processing fee to receive funds.,59,spam
HAM_SMS_03182,Your payment has been received successfully.,44,ham
HAM_SMS_07431,Please find the details shared in the group.,44,ham
SPAM_SMS_00835,Exclusive offer only for you. Click here to redeem.,51,spam
HAM_SMS_00929,The meeting has been shifted to 4 PM.,37,ham
HAM_SMS_05968,Please confirm your availability for the session.,49,ham
SPAM_SMS_00212,Exclusive offer only for you. Click here to redeem.,51,spam
HAM_SMS_05995,Reminder: submit your assignment before the deadline.,53,ham
SPAM_SMS_01817,Win money instantly. Register today and claim your bonus.,57,spam
SPAM_SMS_01966,Claim your free gift card now before it expires.,48,spam
HAM_SMS_01040,The report is ready for review.,31,ham
HAM_SMS_05561,Please confirm your availability for the session.,49,ham
HAM_SMS_03609,Your class schedule has been updated for tomorrow.,50,ham
SPAM_SMS_01352,Suspicious login detected. Update your password immediately.,60,spam
SPAM_SMS_00944,You are selected for a reward. Send your account details now.,61,spam
HAM_SMS_03881,Please confirm your availability for the session.,49,ham
HAM_SMS_00465,Thank you for your message. I will check and reply soon.,56,ham
HAM_SMS_00116,Let's discuss the presentation after lunch.,43,ham
HAM_SMS_02683,Please confirm your availability for the session.,49,ham
HAM_SMS_02989,Reminder: submit your assignment before the deadline.,53,ham
HAM_SMS_01890,Can you send me the notes from today's lecture?,47,ham
HAM_SMS_00238,Your class schedule has been updated for tomorrow.,50,ham
HAM_SMS_03919,Let's discuss the presentation after lunch.,43,ham
HAM_SMS_05676,"Hey, are we meeting today for the project discussion?",53,ham
HAM_SMS_03499,The meeting has been shifted to 4 PM.,37,ham
SPAM_SMS_02432,Your mobile number has won a lottery prize.,43,spam
HAM_SMS_00049,"Hey, are we meeting today for the project discussion?",53,ham
SPAM_SMS_01281,Win money instantly. Register today and claim your bonus.,57,spam
HAM_SMS_00073,"Hey, are we meeting today for the project discussion?",53,ham
HAM_SMS_05734,Thank you for your message. I will check and reply soon.,56,ham
HAM_SMS_04158,Your class schedule has been updated for tomorrow.,50,ham
HAM_SMS_07429,The interview schedule will be shared soon.,43,ham
HAM_SMS_03679,"Hey, are we meeting today for the project discussion?",53,ham
SPAM_SMS_01112,Congratulations! You have won a cash prize. Click the link to claim now.,72,spam
HAM_SMS_07086,The interview schedule will be shared soon.,43,ham
SPAM_SMS_02338,Your mobile number has won a lottery prize.,43,spam
HAM_SMS_04640,Reminder: submit your assignment before the deadline.,53,ham
HAM_SMS_04695,Please confirm your availability for the session.,49,ham
HAM_SMS_05783,Reminder: submit your assignment before the deadline.,53,ham
HAM_SMS_04608,"Hey, are we meeting today for the project discussion?",53,ham
HAM_SMS_06977,"Hey, are we meeting today for the project discussion?",53,ham
HAM_SMS_04087,Your payment has been received successfully.,44,ham
HAM_SMS_06326,The report is ready for review.,31,ham
HAM_SMS_01849,Let's discuss the presentation after lunch.,43,ham
HAM_SMS_04142,Your payment has been received successfully.,44,ham
SPAM_SMS_00829,Free entry in a lucky draw. Text WIN to claim your reward.,58,spam
HAM_SMS_05953,Please find the details shared in the group.,44,ham
HAM_SMS_00744,I reached home safely.,22,ham
HAM_SMS_02520,Reminder: submit your assignment before the deadline.,53,ham
HAM_SMS_00615,Thank you for your message. I will check and reply soon.,56,ham
HAM_SMS_06585,Thank you for your message. I will check and reply soon.,56,ham
HAM_SMS_05098,Please call me when you are free.,33,ham
HAM_SMS_06972,Please find the details shared in the group.,44,ham
HAM_SMS_06052,Your class schedule has been updated for tomorrow.,50,ham
HAM_SMS_00212,Please call me when you are free.,33,ham
HAM_SMS_01577,I reached home safely.,22,ham
HAM_SMS_01545,The interview schedule will be shared soon.,43,ham
HAM_SMS_06378,Your class schedule has been updated for tomorrow.,50,ham
HAM_SMS_05894,The interview schedule will be shared soon.,43,ham
SPAM_SMS_01752,Limited time offer. Get free coupons by clicking this link.,59,spam
HAM_SMS_05704,Your order has been delivered successfully.,43,ham
HAM_SMS_02774,Your order has been delivered successfully.,43,ham
HAM_SMS_04669,Reminder: submit your assignment before the deadline.,53,ham
HAM_SMS_01205,The interview schedule will be shared soon.,43,ham
SPAM_SMS_01099,Claim your free gift card now before it expires.,48,spam
SPAM_SMS_00515,Your mobile number has won a lottery prize.,43,spam
HAM_SMS_04634,"Hey, are we meeting today for the project discussion?",53,ham
SPAM_SMS_00309,Win money instantly. Register today and claim your bonus.,57,spam
HAM_SMS_02577,"Hey, are we meeting today for the project discussion?",53,ham
HAM_SMS_05525,The report is ready for review.,31,ham
HAM_SMS_05502,Let's discuss the presentation after lunch.,43,ham
HAM_SMS_03710,"Hey, are we meeting today for the project discussion?",53,ham
HAM_SMS_00194,Thank you for your message. I will check and reply soon.,56,ham
HAM_SMS_00255,I reached home safely.,22,ham
SPAM_SMS_01374,You are selected for a reward. Send your account details now.,61,spam
SPAM_SMS_01021,Exclusive offer only for you. Click here to redeem.,51,spam
HAM_SMS_05365,"Hey, are we meeting today for the project discussion?",53,ham
HAM_SMS_02027,Thank you for your message. I will check and reply soon.,56,ham
HAM_SMS_05981,Your order has been delivered successfully.,43,ham
SPAM_SMS_01597,Claim your free gift card now before it expires.,48,spam
HAM_SMS_01514,Please confirm your availability for the session.,49,ham
HAM_SMS_01138,Thank you for your message. I will check and reply soon.,56,ham
HAM_SMS_03034,Your payment has been received successfully.,44,ham
SPAM_SMS_01859,Win money instantly. Register today and claim your bonus.,57,spam
HAM_SMS_04360,Can you send me the notes from today's lecture?,47,ham
SPAM_SMS_00702,Your loan is approved. Pay processing fee to receive funds.,59,spam
HAM_SMS_05719,Your order has been delivered successfully.,43,ham
HAM_SMS_07026,Your payment has been received successfully.,44,ham
HAM_SMS_05022,The report is ready for review.,31,ham
SPAM_SMS_01685,Win money instantly. Register today and claim your bonus.,57,spam
HAM_SMS_01066,Your payment has been received successfully.,44,ham
HAM_SMS_03571,"Hey, are we meeting today for the project discussion?",53,ham
HAM_SMS_03533,Please confirm your availability for the session.,49,ham
SPAM_SMS_02182,Suspicious login detected. Update your password immediately.,60,spam
SPAM_SMS_00097,You won a shopping voucher. Claim it today.,43,spam
HAM_SMS_00415,Reminder: submit your assignment before the deadline.,53,ham
SPAM_SMS_00293,Recharge offer available. Get double benefits today.,52,spam
HAM_SMS_00407,Please find the details shared in the group.,44,ham
SPAM_SMS_00429,Your mobile number has won a lottery prize.,43,spam
HAM_SMS_06242,"Hey, are we meeting today for the project discussion?",53,ham
HAM_SMS_02732,Your class schedule has been updated for tomorrow.,50,ham
HAM_SMS_01684,The meeting has been shifted to 4 PM.,37,ham
HAM_SMS_07321,"Hey, are we meeting today for the project discussion?",53,ham
SPAM_SMS_01491,Free entry in a lucky draw. Text WIN to claim your reward.,58,spam
HAM_SMS_03014,Your order has been delivered successfully.,43,ham
HAM_SMS_00648,Thank you for your message. I will check and reply soon.,56,ham
HAM_SMS_06605,"Hey, are we meeting today for the project discussion?",53,ham
HAM_SMS_07016,I reached home safely.,22,ham
HAM_SMS_06506,Your order has been delivered successfully.,43,ham
SPAM_SMS_00351,Earn money from home without investment. Join now.,50,spam
SPAM_SMS_02052,Claim your free gift card now before it expires.,48,spam
HAM_SMS_05699,Your order has been delivered successfully.,43,ham
HAM_SMS_05926,Can you send me the notes from today's lecture?,47,ham
HAM_SMS_06841,I reached home safely.,22,ham
HAM_SMS_03790,The report is ready for review.,31,ham
HAM_SMS_00713,The interview schedule will be shared soon.,43,ham
HAM_SMS_05106,The interview schedule will be shared soon.,43,ham
HAM_SMS_00132,Your payment has been received successfully.,44,ham
HAM_SMS_00009,The interview schedule will be shared soon.,43,ham
SPAM_SMS_01022,Your loan is approved. Pay processing fee to receive funds.,59,spam
HAM_SMS_05267,Your payment has been received successfully.,44,ham
HAM_SMS_00886,I reached home safely.,22,ham
HAM_SMS_04095,"Hey, are we meeting today for the project discussion?",53,ham
SPAM_SMS_01152,Suspicious login detected. Update your password immediately.,60,spam
HAM_SMS_04642,Your class schedule has been updated for tomorrow.,50,ham
HAM_SMS_06873,Please confirm your availability for the session.,49,ham
HAM_SMS_00779,The interview schedule will be shared soon.,43,ham
HAM_SMS_00533,Your class schedule has been updated for tomorrow.,50,ham
HAM_SMS_07010,Your class schedule has been updated for tomorrow.,50,ham
HAM_SMS_07263,Your class schedule has been updated for tomorrow.,50,ham
SPAM_SMS_01571,Suspicious login detected. Update your password immediately.,60,spam
HAM_SMS_01584,Can you send me the notes from today's lecture?,47,ham
HAM_SMS_04937,Your class schedule has been updated for tomorrow.,50,ham
HAM_SMS_01046,Thank you for your message. I will check and reply soon.,56,ham
HAM_SMS_04666,I reached home safely.,22,ham
HAM_SMS_03572,Let's discuss the presentation after lunch.,43,ham
HAM_SMS_03606,Let's discuss the presentation after lunch.,43,ham
HAM_SMS_00099,I reached home safely.,22,ham
SPAM_SMS_01399,Limited time offer. Get free coupons by clicking this link.,59,spam
HAM_SMS_03707,The interview schedule will be shared soon.,43,ham
HAM_SMS_04722,Please find the details shared in the group.,44,ham
HAM_SMS_05715,Your payment has been received successfully.,44,ham
HAM_SMS_01387,Your payment has been received successfully.,44,ham
HAM_SMS_01624,The meeting has been shifted to 4 PM.,37,ham
HAM_SMS_06122,Please confirm your availability for the session.,49,ham
HAM_SMS_00066,Your order has been delivered successfully.,43,ham
SPAM_SMS_02229,Recharge offer available. Get double benefits today.,52,spam
SPAM_SMS_00278,Your mobile number has won a lottery prize.,43,spam
HAM_SMS_04517,Your payment has been received successfully.,44,ham
HAM_SMS_02782,Please call me when you are free.,33,ham
HAM_SMS_06725,The meeting has been shifted to 4 PM.,37,ham
HAM_SMS_04571,Can you send me the notes from today's lecture?,47,ham
HAM_SMS_02212,Reminder: submit your assignment before the deadline.,53,ham
HAM_SMS_04767,Reminder: submit your assignment before the deadline.,53,ham
HAM_SMS_01202,The interview schedule will be shared soon.,43,ham
HAM_SMS_07470,The report is ready for review.,31,ham
HAM_SMS_03409,Please call me when you are free.,33,ham
HAM_SMS_06903,Let's discuss the presentation after lunch.,43,ham
HAM_SMS_06808,Please find the details shared in the group.,44,ham
HAM_SMS_00096,Please confirm your availability for the session.,49,ham
HAM_SMS_04965,Your order has been delivered successfully.,43,ham
SPAM_SMS_00066,You are selected for a reward. Send your account details now.,61,spam
SPAM_SMS_00452,Recharge offer available. Get double benefits today.,52,spam
SPAM_SMS_00886,Urgent! Your bank account will be blocked. Verify your details immediately.,75,spam
HAM_SMS_06865,Please find the details shared in the group.,44,ham
SPAM_SMS_01117,Free entry in a lucky draw. Text WIN to claim your reward.,58,spam
SPAM_SMS_00431,Your mobile number has won a lottery prize.,43,spam
HAM_SMS_03493,Reminder: submit your assignment before the deadline.,53,ham
HAM_SMS_01028,Please confirm your availability for the session.,49,ham
SPAM_SMS_00174,Congratulations! You have won a cash prize. Click the link to claim now.,72,spam
HAM_SMS_05457,The meeting has been shifted to 4 PM.,37,ham
SPAM_SMS_01828,Earn money from home without investment. Join now.,50,spam
HAM_SMS_07403,The meeting has been shifted to 4 PM.,37,ham
HAM_SMS_05384,Your class schedule has been updated for tomorrow.,50,ham
SPAM_SMS_02059,Final warning! Complete KYC verification now.,45,spam
HAM_SMS_04859,Please call me when you are free.,33,ham
HAM_SMS_03480,The meeting has been shifted to 4 PM.,37,ham
HAM_SMS_05294,Please find the details shared in the group.,44,ham
HAM_SMS_02590,Can you send me the notes from today's lecture?,47,ham
SPAM_SMS_00978,Limited time offer. Get free coupons by clicking this link.,59,spam
HAM_SMS_04107,Please call me when you are free.,33,ham
SPAM_SMS_02475,Congratulations! You have won a cash prize. Click the link to claim now.,72,spam
HAM_SMS_01803,Thank you for your message. I will check and reply soon.,56,ham
SPAM_SMS_01650,Your loan is approved. Pay processing fee to receive funds.,59,spam
HAM_SMS_00555,I reached home safely.,22,ham
HAM_SMS_05293,Can you send me the notes from today's lecture?,47,ham
SPAM_SMS_00363,Claim your free gift card now before it expires.,48,spam
HAM_SMS_06995,The meeting has been shifted to 4 PM.,37,ham
HAM_SMS_03773,I reached home safely.,22,ham
HAM_SMS_04376,Your payment has been received successfully.,44,ham
HAM_SMS_05604,Can you send me the notes from today's lecture?,47,ham
HAM_SMS_06798,Please call me when you are free.,33,ham
HAM_SMS_00501,Can you send me the notes from today's lecture?,47,ham
HAM_SMS_01742,"Hey, are we meeting today for the project discussion?",53,ham
SPAM_SMS_00868,Win money instantly. Register today and claim your bonus.,57,spam
HAM_SMS_06205,The interview schedule will be shared soon.,43,ham
HAM_SMS_00672,Your order has been delivered successfully.,43,ham
HAM_SMS_03645,Let's discuss the presentation after lunch.,43,ham
HAM_SMS_03096,The report is ready for review.,31,ham
HAM_SMS_03098,Please confirm your availability for the session.,49,ham
HAM_SMS_07077,The report is ready for review.,31,ham
SPAM_SMS_02312,You are selected for a reward. Send your account details now.,61,spam
HAM_SMS_06291,The meeting has been shifted to 4 PM.,37,ham
HAM_SMS_04104,Let's discuss the presentation after lunch.,43,ham
SPAM_SMS_00455,Claim your free gift card now before it expires.,48,spam
HAM_SMS_06325,Please call me when you are free.,33,ham
SPAM_SMS_02458,You won a shopping voucher. Claim it today.,43,spam
SPAM_SMS_01096,Final warning! Complete KYC verification now.,45,spam
SPAM_SMS_01459,Your loan is approved. Pay processing fee to receive funds.,59,spam
HAM_SMS_02898,Your payment has been received successfully.,44,ham
HAM_SMS_02837,The interview schedule will be shared soon.,43,ham
HAM_SMS_07055,The interview schedule will be shared soon.,43,ham
HAM_SMS_05639,Please call me when you are free.,33,ham
HAM_SMS_04231,Reminder: submit your assignment before the deadline.,53,ham
HAM_SMS_02360,The meeting has been shifted to 4 PM.,37,ham
SPAM_SMS_00039,You are selected for a reward. Send your account details now.,61,spam
HAM_SMS_05607,"Hey, are we meeting today for the project discussion?",53,ham
HAM_SMS_04315,Can you send me the notes from today's lecture?,47,ham
HAM_SMS_06227,Let's discuss the presentation after lunch.,43,ham
HAM_SMS_06421,Please confirm your availability for the session.,49,ham
SPAM_SMS_01049,Claim your free gift card now before it expires.,48,spam
HAM_SMS_01056,Your class schedule has been updated for tomorrow.,50,ham
HAM_SMS_03198,I reached home safely.,22,ham
SPAM_SMS_01881,Limited time offer. Get free coupons by clicking this link.,59,spam
SPAM_SMS_01829,You are selected for a reward. Send your account details now.,61,spam
HAM_SMS_04688,Your class schedule has been updated for tomorrow.,50,ham
SPAM_SMS_01898,You are selected for a reward. Send your account details now.,61,spam
HAM_SMS_05868,Please confirm your availability for the session.,49,ham
SPAM_SMS_00196,Your mobile number has won a lottery prize.,43,spam
HAM_SMS_04496,I reached home safely.,22,ham
HAM_SMS_05234,The interview schedule will be shared soon.,43,ham
HAM_SMS_06669,Your payment has been received successfully.,44,ham
HAM_SMS_03257,Please find the details shared in the group.,44,ham
HAM_SMS_06046,Reminder: submit your assignment before the deadline.,53,ham
HAM_SMS_05826,Please call me when you are free.,33,ham
HAM_SMS_00735,Please confirm your availability for the session.,49,ham
HAM_SMS_05396,Please find the details shared in the group.,44,ham
SPAM_SMS_02303,Your mobile number has won a lottery prize.,43,spam
HAM_SMS_01264,The meeting has been shifted to 4 PM.,37,ham
HAM_SMS_03870,Please find the details shared in the group.,44,ham
HAM_SMS_03465,Reminder: submit your assignment before the deadline.,53,ham
HAM_SMS_01503,The interview schedule will be shared soon.,43,ham
HAM_SMS_02167,Can you send me the notes from today's lecture?,47,ham
HAM_SMS_05685,The meeting has been shifted to 4 PM.,37,ham
SPAM_SMS_02403,Suspicious login detected. Update your password immediately.,60,spam
HAM_SMS_00121,Let's discuss the presentation after lunch.,43,ham
HAM_SMS_01538,Your class schedule has been updated for tomorrow.,50,ham
HAM_SMS_06331,Thank you for your message. I will check and reply soon.,56,ham
HAM_SMS_04535,The report is ready for review.,31,ham
HAM_SMS_00149,Please find the details shared in the group.,44,ham
HAM_SMS_03791,Reminder: submit your assignment before the deadline.,53,ham
SPAM_SMS_00248,You are selected for a reward. Send your account details now.,61,spam
HAM_SMS_05936,Your class schedule has been updated for tomorrow.,50,ham
HAM_SMS_07320,Please find the details shared in the group.,44,ham
HAM_SMS_06462,Reminder: submit your assignment before the deadline.,53,ham
HAM_SMS_04250,The interview schedule will be shared soon.,43,ham
HAM_SMS_05218,The meeting has been shifted to 4 PM.,37,ham
HAM_SMS_03386,"Hey, are we meeting today for the project discussion?",53,ham
SPAM_SMS_02344,Earn money from home without investment. Join now.,50,spam
HAM_SMS_03770,The report is ready for review.,31,ham
HAM_SMS_06616,Can you send me the notes from today's lecture?,47,ham
HAM_SMS_03318,I reached home safely.,22,ham
HAM_SMS_04067,Reminder: submit your assignment before the deadline.,53,ham
HAM_SMS_06990,Reminder: submit your assignment before the deadline.,53,ham
HAM_SMS_05399,The report is ready for review.,31,ham
HAM_SMS_05286,Let's discuss the presentation after lunch.,43,ham
HAM_SMS_06081,The meeting has been shifted to 4 PM.,37,ham
HAM_SMS_03486,Let's discuss the presentation after lunch.,43,ham
HAM_SMS_02319,Your payment has been received successfully.,44,ham
HAM_SMS_04866,The report is ready for review.,31,ham
SPAM_SMS_02034,Your loan is approved. Pay processing fee to receive funds.,59,spam
HAM_SMS_02239,Can you send me the notes from today's lecture?,47,ham
HAM_SMS_07372,Please confirm your availability for the session.,49,ham
HAM_SMS_05451,Your order has been delivered successfully.,43,ham
HAM_SMS_01891,The interview schedule will be shared soon.,43,ham
HAM_SMS_03339,Let's discuss the presentation after lunch.,43,ham
HAM_SMS_06492,Let's discuss the presentation after lunch.,43,ham
HAM_SMS_04127,Can you send me the notes from today's lecture?,47,ham
HAM_SMS_00047,Please confirm your availability for the session.,49,ham
HAM_SMS_05078,Please call me when you are free.,33,ham
SPAM_SMS_01142,Suspicious login detected. Update your password immediately.,60,spam
HAM_SMS_06656,Thank you for your message. I will check and reply soon.,56,ham
HAM_SMS_06732,Your payment has been received successfully.,44,ham
HAM_SMS_01107,Please confirm your availability for the session.,49,ham
HAM_SMS_06450,Your class schedule has been updated for tomorrow.,50,ham
SPAM_SMS_01445,Recharge offer available. Get double benefits today.,52,spam
SPAM_SMS_00213,Earn money from home without investment. Join now.,50,spam
SPAM_SMS_00601,Limited time offer. Get free coupons by clicking this link.,59,spam
SPAM_SMS_00214,Win money instantly. Register today and claim your bonus.,57,spam
HAM_SMS_05755,Your order has been delivered successfully.,43,ham
HAM_SMS_03194,Your class schedule has been updated for tomorrow.,50,ham
HAM_SMS_00529,Your payment has been received successfully.,44,ham
HAM_SMS_03340,I reached home safely.,22,ham
SPAM_SMS_00943,Recharge offer available. Get double benefits today.,52,spam
HAM_SMS_03948,Your class schedule has been updated for tomorrow.,50,ham
SPAM_SMS_01121,Limited time offer. Get free coupons by clicking this link.,59,spam
SPAM_SMS_02444,Final warning! Complete KYC verification now.,45,spam
HAM_SMS_04357,Reminder: submit your assignment before the deadline.,53,ham
SPAM_SMS_00949,Congratulations! You have won a cash prize. Click the link to claim now.,72,spam
HAM_SMS_06103,The report is ready for review.,31,ham
HAM_SMS_00145,Please find the details shared in the group.,44,ham
HAM_SMS_00690,Please confirm your availability for the session.,49,ham
HAM_SMS_04024,"Hey, are we meeting today for the project discussion?",53,ham
HAM_SMS_05052,Please confirm your availability for the session.,49,ham
HAM_SMS_06199,Please find the details shared in the group.,44,ham
HAM_SMS_03923,Can you send me the notes from today's lecture?,47,ham
HAM_SMS_03291,The report is ready for review.,31,ham
HAM_SMS_01187,Your class schedule has been updated for tomorrow.,50,ham
SPAM_SMS_01637,Win money instantly. Register today and claim your bonus.,57,spam
HAM_SMS_02219,Reminder: submit your assignment before the deadline.,53,ham
HAM_SMS_03177,Reminder: submit your assignment before the deadline.,53,ham
HAM_SMS_00068,The report is ready for review.,31,ham
HAM_SMS_01666,Your class schedule has been updated for tomorrow.,50,ham
HAM_SMS_04529,Let's discuss the presentation after lunch.,43,ham
HAM_SMS_07195,Can you send me the notes from today's lecture?,47,ham
HAM_SMS_01122,Your class schedule has been updated for tomorrow.,50,ham
HAM_SMS_00411,Thank you for your message. I will check and reply soon.,56,ham
HAM_SMS_04476,Let's discuss the presentation after lunch.,43,ham
SPAM_SMS_02198,Congratulations! You have won a cash prize. Click the link to claim now.,72,spam
HAM_SMS_04392,Your payment has been received successfully.,44,ham
HAM_SMS_07495,Your order has been delivered successfully.,43,ham
HAM_SMS_06168,Reminder: submit your assignment before the deadline.,53,ham
HAM_SMS_06068,Thank you for your message. I will check and reply soon.,56,ham
HAM_SMS_06427,Let's discuss the presentation after lunch.,43,ham
HAM_SMS_03478,The interview schedule will be shared soon.,43,ham
HAM_SMS_02352,"Hey, are we meeting today for the project discussion?",53,ham
HAM_SMS_00727,"Hey, are we meeting today for the project discussion?",53,ham
HAM_SMS_04416,The report is ready for review.,31,ham
HAM_SMS_00588,Can you send me the notes from today's lecture?,47,ham
HAM_SMS_01311,Please find the details shared in the group.,44,ham
HAM_SMS_05489,Your order has been delivered successfully.,43,ham
SPAM_SMS_00012,You are selected for a reward. Send your account details now.,61,spam
HAM_SMS_00354,Please call me when you are free.,33,ham
HAM_SMS_06786,Your order has been delivered successfully.,43,ham
HAM_SMS_01076,Can you send me the notes from today's lecture?,47,ham
HAM_SMS_04953,Your order has been delivered successfully.,43,ham
HAM_SMS_04797,Please confirm your availability for the session.,49,ham
SPAM_SMS_02117,Your mobile number has won a lottery prize.,43,spam
HAM_SMS_01748,Your payment has been received successfully.,44,ham
HAM_SMS_02326,Your order has been delivered successfully.,43,ham
HAM_SMS_05420,Please find the details shared in the group.,44,ham
SPAM_SMS_01697,Suspicious login detected. Update your password immediately.,60,spam
SPAM_SMS_02123,Your loan is approved. Pay processing fee to receive funds.,59,spam
HAM_SMS_02882,The meeting has been shifted to 4 PM.,37,ham
HAM_SMS_00444,Your class schedule has been updated for tomorrow.,50,ham
HAM_SMS_04395,I reached home safely.,22,ham
HAM_SMS_04112,"Hey, are we meeting today for the project discussion?",53,ham
SPAM_SMS_02234,Recharge offer available. Get double benefits today.,52,spam
SPAM_SMS_01254,Limited time offer. Get free coupons by clicking this link.,59,spam
HAM_SMS_04048,The interview schedule will be shared soon.,43,ham
HAM_SMS_02767,Please call me when you are free.,33,ham
HAM_SMS_04832,The meeting has been shifted to 4 PM.,37,ham
HAM_SMS_03618,Your payment has been received successfully.,44,ham
HAM_SMS_04999,Please call me when you are free.,33,ham
HAM_SMS_00185,The report is ready for review.,31,ham
HAM_SMS_06031,The interview schedule will be shared soon.,43,ham
HAM_SMS_02099,Your order has been delivered successfully.,43,ham
HAM_SMS_04652,I reached home safely.,22,ham
HAM_SMS_06562,The report is ready for review.,31,ham
HAM_SMS_05487,Please call me when you are free.,33,ham
HAM_SMS_00990,Reminder: submit your assignment before the deadline.,53,ham
SPAM_SMS_00158,Win money instantly. Register today and claim your bonus.,57,spam
HAM_SMS_01966,Can you send me the notes from today's lecture?,47,ham
HAM_SMS_00836,Please confirm your availability for the session.,49,ham
HAM_SMS_03965,Your payment has been received successfully.,44,ham
SPAM_SMS_01551,Final warning! Complete KYC verification now.,45,spam
HAM_SMS_05619,Your order has been delivered successfully.,43,ham
HAM_SMS_04588,The report is ready for review.,31,ham
HAM_SMS_01207,Your payment has been received successfully.,44,ham
HAM_SMS_01452,"Hey, are we meeting today for the project discussion?",53,ham
SPAM_SMS_02050,Final warning! Complete KYC verification now.,45,spam
HAM_SMS_01992,Please find the details shared in the group.,44,ham
SPAM_SMS_02339,You won a shopping voucher. Claim it today.,43,spam
HAM_SMS_05203,Please confirm your availability for the session.,49,ham
HAM_SMS_04810,I reached home safely.,22,ham
SPAM_SMS_00418,Your mobile number has won a lottery prize.,43,spam
HAM_SMS_06333,The interview schedule will be shared soon.,43,ham
SPAM_SMS_00392,Congratulations! You have won a cash prize. Click the link to claim now.,72,spam
HAM_SMS_04286,Reminder: submit your assignment before the deadline.,53,ham
HAM_SMS_01768,Can you send me the notes from today's lecture?,47,ham
HAM_SMS_03664,Please confirm your availability for the session.,49,ham
HAM_SMS_04317,The meeting has been shifted to 4 PM.,37,ham
HAM_SMS_05510,The meeting has been shifted to 4 PM.,37,ham
HAM_SMS_04176,Thank you for your message. I will check and reply soon.,56,ham
HAM_SMS_07499,Thank you for your message. I will check and reply soon.,56,ham
SPAM_SMS_01249,Earn money from home without investment. Join now.,50,spam
HAM_SMS_05863,Please call me when you are free.,33,ham
HAM_SMS_06410,Please confirm your availability for the session.,49,ham
SPAM_SMS_02205,Your loan is approved. Pay processing fee to receive funds.,59,spam
SPAM_SMS_01079,Win money instantly. Register today and claim your bonus.,57,spam
HAM_SMS_01074,Your payment has been received successfully.,44,ham
HAM_SMS_03700,Your class schedule has been updated for tomorrow.,50,ham
HAM_SMS_04742,Reminder: submit your assignment before the deadline.,53,ham
HAM_SMS_02789,Please confirm your availability for the session.,49,ham
HAM_SMS_06510,The interview schedule will be shared soon.,43,ham
HAM_SMS_07290,Your class schedule has been updated for tomorrow.,50,ham
HAM_SMS_04256,The interview schedule will be shared soon.,43,ham
HAM_SMS_06099,Your class schedule has been updated for tomorrow.,50,ham
HAM_SMS_02120,I reached home safely.,22,ham
SPAM_SMS_02037,Final warning! Complete KYC verification now.,45,spam
HAM_SMS_04262,Can you send me the notes from today's lecture?,47,ham
SPAM_SMS_01537,Urgent! Your bank account will be blocked. Verify your details immediately.,75,spam
HAM_SMS_04320,Please find the details shared in the group.,44,ham
SPAM_SMS_01061,Final warning! Complete KYC verification now.,45,spam
SPAM_SMS_01871,Your mobile number has won a lottery prize.,43,spam
HAM_SMS_06111,Please find the details shared in the group.,44,ham
SPAM_SMS_02017,Limited time offer. Get free coupons by clicking this link.,59,spam
HAM_SMS_00974,"Hey, are we meeting today for the project discussion?",53,ham
SPAM_SMS_00356,Recharge offer available. Get double benefits today.,52,spam
HAM_SMS_03973,I reached home safely.,22,ham
SPAM_SMS_01884,Win money instantly. Register today and claim your bonus.,57,spam
HAM_SMS_00034,The meeting has been shifted to 4 PM.,37,ham
HAM_SMS_02116,Please call me when you are free.,33,ham
SPAM_SMS_00936,Win money instantly. Register today and claim your bonus.,57,spam
HAM_SMS_00139,Please find the details shared in the group.,44,ham
HAM_SMS_03275,The report is ready for review.,31,ham
HAM_SMS_02228,Your payment has been received successfully.,44,ham
HAM_SMS_04354,Your class schedule has been updated for tomorrow.,50,ham
SPAM_SMS_02395,You are selected for a reward. Send your account details now.,61,spam
SPAM_SMS_00430,Win money instantly. Register today and claim your bonus.,57,spam
HAM_SMS_02494,The meeting has been shifted to 4 PM.,37,ham
SPAM_SMS_02327,You are selected for a reward. Send your account details now.,61,spam
HAM_SMS_02074,The meeting has been shifted to 4 PM.,37,ham
HAM_SMS_07111,Reminder: submit your assignment before the deadline.,53,ham
SPAM_SMS_01742,Earn money from home without investment. Join now.,50,spam
HAM_SMS_01241,Thank you for your message. I will check and reply soon.,56,ham
HAM_SMS_05591,The interview schedule will be shared soon.,43,ham
HAM_SMS_03910,Please confirm your availability for the session.,49,ham
SPAM_SMS_00790,You are selected for a reward. Send your account details now.,61,spam
SPAM_SMS_00848,Your mobile number has won a lottery prize.,43,spam
SPAM_SMS_00360,Exclusive offer only for you. Click here to redeem.,51,spam
SPAM_SMS_00330,Final warning! Complete KYC verification now.,45,spam
HAM_SMS_07025,I reached home safely.,22,ham
HAM_SMS_01106,I reached home safely.,22,ham
HAM_SMS_07473,Thank you for your message. I will check and reply soon.,56,ham
SPAM_SMS_01598,Free entry in a lucky draw. Text WIN to claim your reward.,58,spam
HAM_SMS_01620,I reached home safely.,22,ham
HAM_SMS_01395,Your class schedule has been updated for tomorrow.,50,ham
HAM_SMS_01705,The interview schedule will be shared soon.,43,ham
HAM_SMS_00259,The meeting has been shifted to 4 PM.,37,ham
SPAM_SMS_00147,Earn money from home without investment. Join now.,50,spam
HAM_SMS_06102,Your payment has been received successfully.,44,ham
SPAM_SMS_00952,Congratulations! You have won a cash prize. Click the link to claim now.,72,spam
HAM_SMS_01291,Thank you for your message. I will check and reply soon.,56,ham
HAM_SMS_06597,Please find the details shared in the group.,44,ham
HAM_SMS_02729,Your class schedule has been updated for tomorrow.,50,ham
HAM_SMS_04922,Can you send me the notes from today's lecture?,47,ham
HAM_SMS_04290,Reminder: submit your assignment before the deadline.,53,ham
SPAM_SMS_01935,Your mobile number has won a lottery prize.,43,spam
SPAM_SMS_01336,Claim your free gift card now before it expires.,48,spam
HAM_SMS_02243,Your payment has been received successfully.,44,ham
HAM_SMS_03402,Please confirm your availability for the session.,49,ham
HAM_SMS_06678,Your payment has been received successfully.,44,ham
SPAM_SMS_01170,Your mobile number has won a lottery prize.,43,spam
HAM_SMS_07366,Thank you for your message. I will check and reply soon.,56,ham
HAM_SMS_05393,I reached home safely.,22,ham
HAM_SMS_03622,Your class schedule has been updated for tomorrow.,50,ham
HAM_SMS_03258,Please call me when you are free.,33,ham
HAM_SMS_01775,The report is ready for review.,31,ham
SPAM_SMS_01765,Win money instantly. Register today and claim your bonus.,57,spam
HAM_SMS_02337,Please find the details shared in the group.,44,ham
HAM_SMS_00512,Can you send me the notes from today's lecture?,47,ham
HAM_SMS_01303,Please find the details shared in the group.,44,ham
HAM_SMS_03276,Thank you for your message. I will check and reply soon.,56,ham
HAM_SMS_02793,Please find the details shared in the group.,44,ham
HAM_SMS_05857,I reached home safely.,22,ham
SPAM_SMS_02176,Your loan is approved. Pay processing fee to receive funds.,59,spam
HAM_SMS_00246,Please find the details shared in the group.,44,ham
HAM_SMS_00945,Can you send me the notes from today's lecture?,47,ham
HAM_SMS_03379,Thank you for your message. I will check and reply soon.,56,ham
HAM_SMS_06846,The meeting has been shifted to 4 PM.,37,ham
HAM_SMS_06251,Can you send me the notes from today's lecture?,47,ham
HAM_SMS_07294,Let's discuss the presentation after lunch.,43,ham
HAM_SMS_02040,I reached home safely.,22,ham
SPAM_SMS_01553,You won a shopping voucher. Claim it today.,43,spam
SPAM_SMS_02020,Suspicious login detected. Update your password immediately.,60,spam
HAM_SMS_05556,Please confirm your availability for the session.,49,ham
HAM_SMS_05535,The interview schedule will be shared soon.,43,ham
SPAM_SMS_01332,Final warning! Complete KYC verification now.,45,spam
HAM_SMS_01417,"Hey, are we meeting today for the project discussion?",53,ham
HAM_SMS_03378,Please call me when you are free.,33,ham
HAM_SMS_04735,"Hey, are we meeting today for the project discussion?",53,ham
HAM_SMS_02799,I reached home safely.,22,ham
SPAM_SMS_01277,Limited time offer. Get free coupons by clicking this link.,59,spam
HAM_SMS_04997,Your order has been delivered successfully.,43,ham
SPAM_SMS_01307,Your loan is approved. Pay processing fee to receive funds.,59,spam
HAM_SMS_02615,Thank you for your message. I will check and reply soon.,56,ham
HAM_SMS_00617,The meeting has been shifted to 4 PM.,37,ham
HAM_SMS_01649,Thank you for your message. I will check and reply soon.,56,ham
HAM_SMS_07398,Your order has been delivered successfully.,43,ham
HAM_SMS_01946,Please call me when you are free.,33,ham
HAM_SMS_06608,"Hey, are we meeting today for the project discussion?",53,ham
SPAM_SMS_02065,You won a shopping voucher. Claim it today.,43,spam
HAM_SMS_03231,Please call me when you are free.,33,ham
HAM_SMS_05491,The meeting has been shifted to 4 PM.,37,ham
HAM_SMS_00418,Let's discuss the presentation after lunch.,43,ham
HAM_SMS_04000,Please call me when you are free.,33,ham
HAM_SMS_06486,Please confirm your availability for the session.,49,ham
HAM_SMS_03505,Reminder: submit your assignment before the deadline.,53,ham
SPAM_SMS_01364,Claim your free gift card now before it expires.,48,spam
HAM_SMS_03518,Your class schedule has been updated for tomorrow.,50,ham
HAM_SMS_02446,Your order has been delivered successfully.,43,ham
HAM_SMS_05814,The report is ready for review.,31,ham
HAM_SMS_05180,Your class schedule has been updated for tomorrow.,50,ham
HAM_SMS_04554,Can you send me the notes from today's lecture?,47,ham
HAM_SMS_00769,The interview schedule will be shared soon.,43,ham
HAM_SMS_01618,Your payment has been received successfully.,44,ham
HAM_SMS_00596,Your class schedule has been updated for tomorrow.,50,ham
HAM_SMS_06675,Reminder: submit your assignment before the deadline.,53,ham
HAM_SMS_06727,Please find the details shared in the group.,44,ham
HAM_SMS_00590,Please call me when you are free.,33,ham
HAM_SMS_06714,Please call me when you are free.,33,ham
HAM_SMS_02602,Thank you for your message. I will check and reply soon.,56,ham
HAM_SMS_06733,Let's discuss the presentation after lunch.,43,ham
HAM_SMS_05213,Your order has been delivered successfully.,43,ham
HAM_SMS_04783,Please call me when you are free.,33,ham
HAM_SMS_00854,Can you send me the notes from today's lecture?,47,ham
HAM_SMS_06200,The report is ready for review.,31,ham
HAM_SMS_04609,Thank you for your message. I will check and reply soon.,56,ham
HAM_SMS_01260,The interview schedule will be shared soon.,43,ham
HAM_SMS_02432,Your payment has been received successfully.,44,ham
SPAM_SMS_01927,You won a shopping voucher. Claim it today.,43,spam
HAM_SMS_00302,Reminder: submit your assignment before the deadline.,53,ham
HAM_SMS_07193,Please confirm your availability for the session.,49,ham
HAM_SMS_00199,The report is ready for review.,31,ham
HAM_SMS_04261,I reached home safely.,22,ham
SPAM_SMS_01237,Exclusive offer only for you. Click here to redeem.,51,spam
SPAM_SMS_01188,Urgent! Your bank account will be blocked. Verify your details immediately.,75,spam
HAM_SMS_03586,"Hey, are we meeting today for the project discussion?",53,ham
HAM_SMS_03267,Thank you for your message. I will check and reply soon.,56,ham
HAM_SMS_03697,The report is ready for review.,31,ham
HAM_SMS_02421,Let's discuss the presentation after lunch.,43,ham
HAM_SMS_01384,Please call me when you are free.,33,ham
HAM_SMS_03330,The meeting has been shifted to 4 PM.,37,ham
SPAM_SMS_01390,Exclusive offer only for you. Click here to redeem.,51,spam
HAM_SMS_00248,"Hey, are we meeting today for the project discussion?",53,ham
HAM_SMS_04700,Thank you for your message. I will check and reply soon.,56,ham
HAM_SMS_05711,I reached home safely.,22,ham
HAM_SMS_03615,I reached home safely.,22,ham
HAM_SMS_06339,The report is ready for review.,31,ham
HAM_SMS_00399,Thank you for your message. I will check and reply soon.,56,ham
HAM_SMS_00655,The interview schedule will be shared soon.,43,ham
HAM_SMS_01616,Please confirm your availability for the session.,49,ham
HAM_SMS_01077,The interview schedule will be shared soon.,43,ham
HAM_SMS_04979,"Hey, are we meeting today for the project discussion?",53,ham
HAM_SMS_04559,Thank you for your message. I will check and reply soon.,56,ham
HAM_SMS_04255,Your payment has been received successfully.,44,ham
HAM_SMS_04990,Please confirm your availability for the session.,49,ham
SPAM_SMS_01207,Congratulations! You have won a cash prize. Click the link to claim now.,72,spam
HAM_SMS_02660,Your payment has been received successfully.,44,ham
HAM_SMS_00666,Your class schedule has been updated for tomorrow.,50,ham
HAM_SMS_03347,Please confirm your availability for the session.,49,ham
SPAM_SMS_00615,Win money instantly. Register today and claim your bonus.,57,spam
SPAM_SMS_00135,Final warning! Complete KYC verification now.,45,spam
SPAM_SMS_00871,Your loan is approved. Pay processing fee to receive funds.,59,spam
HAM_SMS_03222,Your class schedule has been updated for tomorrow.,50,ham
HAM_SMS_04457,Can you send me the notes from today's lecture?,47,ham
HAM_SMS_00328,I reached home safely.,22,ham
HAM_SMS_00036,"Hey, are we meeting today for the project discussion?",53,ham
HAM_SMS_02580,Reminder: submit your assignment before the deadline.,53,ham
HAM_SMS_01817,Please call me when you are free.,33,ham
HAM_SMS_05939,Let's discuss the presentation after lunch.,43,ham
HAM_SMS_06799,Your order has been delivered successfully.,43,ham
HAM_SMS_01412,Can you send me the notes from today's lecture?,47,ham
HAM_SMS_03400,"Hey, are we meeting today for the project discussion?",53,ham
SPAM_SMS_01657,Earn money from home without investment. Join now.,50,spam
HAM_SMS_05196,Please find the details shared in the group.,44,ham
SPAM_SMS_00144,Recharge offer available. Get double benefits today.,52,spam
HAM_SMS_02489,I reached home safely.,22,ham
HAM_SMS_06922,Let's discuss the presentation after lunch.,43,ham
HAM_SMS_02037,Please confirm your availability for the session.,49,ham
HAM_SMS_07483,Let's discuss the presentation after lunch.,43,ham
SPAM_SMS_01020,Your mobile number has won a lottery prize.,43,spam
HAM_SMS_00037,Thank you for your message. I will check and reply soon.,56,ham
SPAM_SMS_01719,Free entry in a lucky draw. Text WIN to claim your reward.,58,spam
HAM_SMS_01998,Your order has been delivered successfully.,43,ham
HAM_SMS_01548,Your payment has been received successfully.,44,ham
HAM_SMS_05681,Your payment has been received successfully.,44,ham
HAM_SMS_03587,I reached home safely.,22,ham
HAM_SMS_00795,The interview schedule will be shared soon.,43,ham
SPAM_SMS_00579,You won a shopping voucher. Claim it today.,43,spam
SPAM_SMS_00169,Your mobile number has won a lottery prize.,43,spam
HAM_SMS_01657,The report is ready for review.,31,ham
HAM_SMS_05201,Let's discuss the presentation after lunch.,43,ham
HAM_SMS_00842,The interview schedule will be shared soon.,43,ham
HAM_SMS_06060,Your class schedule has been updated for tomorrow.,50,ham
HAM_SMS_00334,Thank you for your message. I will check and reply soon.,56,ham
HAM_SMS_02612,Let's discuss the presentation after lunch.,43,ham
SPAM_SMS_01453,Urgent! Your bank account will be blocked. Verify your details immediately.,75,spam
SPAM_SMS_02105,Final warning! Complete KYC verification now.,45,spam
SPAM_SMS_02284,Claim your free gift card now before it expires.,48,spam
SPAM_SMS_02361,You won a shopping voucher. Claim it today.,43,spam
HAM_SMS_06299,Please confirm your availability for the session.,49,ham
HAM_SMS_03423,Can you send me the notes from today's lecture?,47,ham
SPAM_SMS_02032,Congratulations! You have won a cash prize. Click the link to claim now.,72,spam
HAM_SMS_07091,"Hey, are we meeting today for the project discussion?",53,ham
HAM_SMS_01372,Can you send me the notes from today's lecture?,47,ham
SPAM_SMS_00044,Free entry in a lucky draw. Text WIN to claim your reward.,58,spam
HAM_SMS_02705,Can you send me the notes from today's lecture?,47,ham
HAM_SMS_03764,Please call me when you are free.,33,ham
SPAM_SMS_01308,Recharge offer available. Get double benefits today.,52,spam
HAM_SMS_01230,Your class schedule has been updated for tomorrow.,50,ham
SPAM_SMS_01867,Win money instantly. Register today and claim your bonus.,57,spam
HAM_SMS_00712,Your order has been delivered successfully.,43,ham
SPAM_SMS_00208,Your mobile number has won a lottery prize.,43,spam
HAM_SMS_02503,Your order has been delivered successfully.,43,ham
SPAM_SMS_00005,Your mobile number has won a lottery prize.,43,spam
HAM_SMS_05802,"Hey, are we meeting today for the project discussion?",53,ham
HAM_SMS_06296,Please call me when you are free.,33,ham
SPAM_SMS_01877,Urgent! Your bank account will be blocked. Verify your details immediately.,75,spam
HAM_SMS_02151,Your class schedule has been updated for tomorrow.,50,ham
HAM_SMS_02769,Your class schedule has been updated for tomorrow.,50,ham
HAM_SMS_05722,Please call me when you are free.,33,ham
HAM_SMS_01183,Thank you for your message. I will check and reply soon.,56,ham
SPAM_SMS_02201,Limited time offer. Get free coupons by clicking this link.,59,spam
HAM_SMS_06577,Thank you for your message. I will check and reply soon.,56,ham
SPAM_SMS_00262,Suspicious login detected. Update your password immediately.,60,spam
HAM_SMS_06436,The report is ready for review.,31,ham
HAM_SMS_00710,Please confirm your availability for the session.,49,ham
SPAM_SMS_01351,You won a shopping voucher. Claim it today.,43,spam
SPAM_SMS_01288,Recharge offer available. Get double benefits today.,52,spam
HAM_SMS_06986,I reached home safely.,22,ham
HAM_SMS_03617,Your payment has been received successfully.,44,ham
HAM_SMS_04469,"Hey, are we meeting today for the project discussion?",53,ham
HAM_SMS_06965,Your order has been delivered successfully.,43,ham
HAM_SMS_01874,The report is ready for review.,31,ham
SPAM_SMS_01279,Urgent! Your bank account will be blocked. Verify your details immediately.,75,spam
HAM_SMS_06898,"Hey, are we meeting today for the project discussion?",53,ham
HAM_SMS_01425,Let's discuss the presentation after lunch.,43,ham
HAM_SMS_01887,The meeting has been shifted to 4 PM.,37,ham
HAM_SMS_03324,Please call me when you are free.,33,ham
HAM_SMS_05270,Please confirm your availability for the session.,49,ham
HAM_SMS_06504,Reminder: submit your assignment before the deadline.,53,ham
HAM_SMS_06167,Your payment has been received successfully.,44,ham
HAM_SMS_01533,Reminder: submit your assignment before the deadline.,53,ham
HAM_SMS_01220,Let's discuss the presentation after lunch.,43,ham
HAM_SMS_07212,"Hey, are we meeting today for the project discussion?",53,ham
HAM_SMS_05772,Your class schedule has been updated for tomorrow.,50,ham
HAM_SMS_03416,The interview schedule will be shared soon.,43,ham
HAM_SMS_00778,Please confirm your availability for the session.,49,ham
HAM_SMS_05638,Thank you for your message. I will check and reply soon.,56,ham
HAM_SMS_04877,Please find the details shared in the group.,44,ham
HAM_SMS_06867,The interview schedule will be shared soon.,43,ham
HAM_SMS_05596,Thank you for your message. I will check and reply soon.,56,ham
HAM_SMS_06610,Reminder: submit your assignment before the deadline.,53,ham
HAM_SMS_02672,Please call me when you are free.,33,ham
HAM_SMS_03909,Your class schedule has been updated for tomorrow.,50,ham
SPAM_SMS_01642,Free entry in a lucky draw. Text WIN to claim your reward.,58,spam
HAM_SMS_05895,The report is ready for review.,31,ham
HAM_SMS_00262,"Hey, are we meeting today for the project discussion?",53,ham
HAM_SMS_01085,The report is ready for review.,31,ham
SPAM_SMS_01653,Earn money from home without investment. Join now.,50,spam
HAM_SMS_01026,Thank you for your message. I will check and reply soon.,56,ham
HAM_SMS_00592,Please find the details shared in the group.,44,ham
HAM_SMS_05921,I reached home safely.,22,ham
HAM_SMS_06836,The meeting has been shifted to 4 PM.,37,ham
HAM_SMS_04987,Reminder: submit your assignment before the deadline.,53,ham
SPAM_SMS_02473,Congratulations! You have won a cash prize. Click the link to claim now.,72,spam
SPAM_SMS_00677,Urgent! Your bank account will be blocked. Verify your details immediately.,75,spam
SPAM_SMS_00165,Urgent! Your bank account will be blocked. Verify your details immediately.,75,spam
HAM_SMS_03309,Your class schedule has been updated for tomorrow.,50,ham
HAM_SMS_00832,Please call me when you are free.,33,ham
HAM_SMS_03584,Reminder: submit your assignment before the deadline.,53,ham
HAM_SMS_06465,Can you send me the notes from today's lecture?,47,ham
HAM_SMS_06857,Please find the details shared in the group.,44,ham
SPAM_SMS_01980,Urgent! Your bank account will be blocked. Verify your details immediately.,75,spam
HAM_SMS_07498,Your order has been delivered successfully.,43,ham
SPAM_SMS_02073,Win money instantly. Register today and claim your bonus.,57,spam
HAM_SMS_01686,Please find the details shared in the group.,44,ham
HAM_SMS_02783,The interview schedule will be shared soon.,43,ham
HAM_SMS_01781,Reminder: submit your assignment before the deadline.,53,ham
HAM_SMS_03880,Thank you for your message. I will check and reply soon.,56,ham
HAM_SMS_05331,The interview schedule will be shared soon.,43,ham
SPAM_SMS_00562,Urgent! Your bank account will be blocked. Verify your details immediately.,75,spam
SPAM_SMS_00588,Recharge offer available. Get double benefits today.,52,spam
HAM_SMS_00597,Please find the details shared in the group.,44,ham
HAM_SMS_04339,Please confirm your availability for the session.,49,ham
HAM_SMS_02592,Your class schedule has been updated for tomorrow.,50,ham
HAM_SMS_05006,Reminder: submit your assignment before the deadline.,53,ham
HAM_SMS_06694,I reached home safely.,22,ham
HAM_SMS_06718,The interview schedule will be shared soon.,43,ham
SPAM_SMS_02247,Your mobile number has won a lottery prize.,43,spam
HAM_SMS_03825,Can you send me the notes from today's lecture?,47,ham
HAM_SMS_01644,The report is ready for review.,31,ham
HAM_SMS_01999,The report is ready for review.,31,ham
HAM_SMS_07335,I reached home safely.,22,ham
HAM_SMS_06337,I reached home safely.,22,ham
HAM_SMS_00901,The interview schedule will be shared soon.,43,ham
HAM_SMS_00078,Your payment has been received successfully.,44,ham
HAM_SMS_07434,Please find the details shared in the group.,44,ham
HAM_SMS_02690,Please call me when you are free.,33,ham
SPAM_SMS_01161,Final warning! Complete KYC verification now.,45,spam
HAM_SMS_06974,I reached home safely.,22,ham
HAM_SMS_03837,Can you send me the notes from today's lecture?,47,ham
HAM_SMS_03597,Reminder: submit your assignment before the deadline.,53,ham
SPAM_SMS_02222,Earn money from home without investment. Join now.,50,spam
HAM_SMS_00843,The interview schedule will be shared soon.,43,ham
HAM_SMS_02154,Can you send me the notes from today's lecture?,47,ham
HAM_SMS_00120,Can you send me the notes from today's lecture?,47,ham
HAM_SMS_03625,Let's discuss the presentation after lunch.,43,ham
HAM_SMS_04370,Reminder: submit your assignment before the deadline.,53,ham
HAM_SMS_00093,Your payment has been received successfully.,44,ham
HAM_SMS_06256,"Hey, are we meeting today for the project discussion?",53,ham
SPAM_SMS_00867,Your mobile number has won a lottery prize.,43,spam
HAM_SMS_02232,Please confirm your availability for the session.,49,ham
SPAM_SMS_00589,Earn money from home without investment. Join now.,50,spam
HAM_SMS_04678,The report is ready for review.,31,ham
HAM_SMS_06680,Reminder: submit your assignment before the deadline.,53,ham
SPAM_SMS_01999,Free entry in a lucky draw. Text WIN to claim your reward.,58,spam
HAM_SMS_05423,I reached home safely.,22,ham
HAM_SMS_04683,Thank you for your message. I will check and reply soon.,56,ham
HAM_SMS_07130,Please confirm your availability for the session.,49,ham
SPAM_SMS_01628,Your mobile number has won a lottery prize.,43,spam
HAM_SMS_00051,The interview schedule will be shared soon.,43,ham
HAM_SMS_02344,Your payment has been received successfully.,44,ham
HAM_SMS_05317,The meeting has been shifted to 4 PM.,37,ham
HAM_SMS_06173,Reminder: submit your assignment before the deadline.,53,ham
SPAM_SMS_00953,Exclusive offer only for you. Click here to redeem.,51,spam
SPAM_SMS_00552,Congratulations! You have won a cash prize. Click the link to claim now.,72,spam
SPAM_SMS_01923,Win money instantly. Register today and claim your bonus.,57,spam
HAM_SMS_01273,Your payment has been received successfully.,44,ham
HAM_SMS_02764,"Hey, are we meeting today for the project discussion?",53,ham
HAM_SMS_05003,The report is ready for review.,31,ham
HAM_SMS_00697,Please call me when you are free.,33,ham
HAM_SMS_06920,Thank you for your message. I will check and reply soon.,56,ham
HAM_SMS_02411,Please find the details shared in the group.,44,ham
HAM_SMS_00808,Reminder: submit your assignment before the deadline.,53,ham
HAM_SMS_01575,Reminder: submit your assignment before the deadline.,53,ham
SPAM_SMS_01208,Urgent! Your bank account will be blocked. Verify your details immediately.,75,spam
SPAM_SMS_02238,Win money instantly. Register today and claim your bonus.,57,spam
SPAM_SMS_01330,Win money instantly. Register today and claim your bonus.,57,spam
HAM_SMS_02614,The interview schedule will be shared soon.,43,ham
SPAM_SMS_02053,Win money instantly. Register today and claim your bonus.,57,spam
HAM_SMS_03831,Your payment has been received successfully.,44,ham
SPAM_SMS_01917,Exclusive offer only for you. Click here to redeem.,51,spam
HAM_SMS_02578,Your class schedule has been updated for tomorrow.,50,ham
HAM_SMS_02131,Let's discuss the presentation after lunch.,43,ham
SPAM_SMS_00765,Win money instantly. Register today and claim your bonus.,57,spam
HAM_SMS_07388,I reached home safely.,22,ham
HAM_SMS_06505,Your class schedule has been updated for tomorrow.,50,ham
SPAM_SMS_01958,Win money instantly. Register today and claim your bonus.,57,spam
SPAM_SMS_02446,Final warning! Complete KYC verification now.,45,spam
HAM_SMS_03896,Your order has been delivered successfully.,43,ham
SPAM_SMS_02478,Urgent! Your bank account will be blocked. Verify your details immediately.,75,spam
HAM_SMS_00190,Please find the details shared in the group.,44,ham
SPAM_SMS_02086,Final warning! Complete KYC verification now.,45,spam
HAM_SMS_03802,Please find the details shared in the group.,44,ham
HAM_SMS_03001,The meeting has been shifted to 4 PM.,37,ham
HAM_SMS_05019,Thank you for your message. I will check and reply soon.,56,ham
HAM_SMS_07209,Your class schedule has been updated for tomorrow.,50,ham
SPAM_SMS_02426,Your mobile number has won a lottery prize.,43,spam
HAM_SMS_00083,Please confirm your availability for the session.,49,ham
HAM_SMS_00930,I reached home safely.,22,ham
HAM_SMS_01643,Can you send me the notes from today's lecture?,47,ham
HAM_SMS_02501,"Hey, are we meeting today for the project discussion?",53,ham
HAM_SMS_03695,Your class schedule has been updated for tomorrow.,50,ham
SPAM_SMS_00880,Final warning! Complete KYC verification now.,45,spam
SPAM_SMS_02391,Win money instantly. Register today and claim your bonus.,57,spam
SPAM_SMS_00093,Exclusive offer only for you. Click here to redeem.,51,spam
HAM_SMS_02115,Your payment has been received successfully.,44,ham
HAM_SMS_02378,The meeting has been shifted to 4 PM.,37,ham
HAM_SMS_05910,Your class schedule has been updated for tomorrow.,50,ham
HAM_SMS_07191,Please find the details shared in the group.,44,ham
HAM_SMS_04525,The report is ready for review.,31,ham
HAM_SMS_02762,The meeting has been shifted to 4 PM.,37,ham
HAM_SMS_04367,The interview schedule will be shared soon.,43,ham
HAM_SMS_05646,Can you send me the notes from today's lecture?,47,ham
HAM_SMS_02349,Your order has been delivered successfully.,43,ham
HAM_SMS_01502,Please find the details shared in the group.,44,ham
HAM_SMS_05278,"Hey, are we meeting today for the project discussion?",53,ham
HAM_SMS_01993,Please call me when you are free.,33,ham
SPAM_SMS_00358,Win money instantly. Register today and claim your bonus.,57,spam
HAM_SMS_05131,Please find the details shared in the group.,44,ham
HAM_SMS_05318,Please call me when you are free.,33,ham
HAM_SMS_05103,Your payment has been received successfully.,44,ham
HAM_SMS_01541,Can you send me the notes from today's lecture?,47,ham
HAM_SMS_03794,Please confirm your availability for the session.,49,ham
HAM_SMS_02462,Let's discuss the presentation after lunch.,43,ham
HAM_SMS_01313,Your class schedule has been updated for tomorrow.,50,ham
HAM_SMS_05164,Reminder: submit your assignment before the deadline.,53,ham
HAM_SMS_00426,The interview schedule will be shared soon.,43,ham
HAM_SMS_00464,"Hey, are we meeting today for the project discussion?",53,ham
SPAM_SMS_02185,You are selected for a reward. Send your account details now.,61,spam
HAM_SMS_01433,The report is ready for review.,31,ham
HAM_SMS_04817,The meeting has been shifted to 4 PM.,37,ham
HAM_SMS_02221,Can you send me the notes from today's lecture?,47,ham
HAM_SMS_04973,I reached home safely.,22,ham
HAM_SMS_01589,Reminder: submit your assignment before the deadline.,53,ham
HAM_SMS_07032,Reminder: submit your assignment before the deadline.,53,ham
HAM_SMS_04307,The report is ready for review.,31,ham
HAM_SMS_02825,Reminder: submit your assignment before the deadline.,53,ham
HAM_SMS_00337,Can you send me the notes from today's lecture?,47,ham
HAM_SMS_01140,Your payment has been received successfully.,44,ham
SPAM_SMS_00627,Your mobile number has won a lottery prize.,43,spam
SPAM_SMS_01931,Limited time offer. Get free coupons by clicking this link.,59,spam
HAM_SMS_07282,The report is ready for review.,31,ham
SPAM_SMS_00317,Your loan is approved. Pay processing fee to receive funds.,59,spam
HAM_SMS_05484,Your class schedule has been updated for tomorrow.,50,ham
HAM_SMS_02865,Reminder: submit your assignment before the deadline.,53,ham
HAM_SMS_07340,Your class schedule has been updated for tomorrow.,50,ham
HAM_SMS_05011,Your payment has been received successfully.,44,ham
SPAM_SMS_00090,Final warning! Complete KYC verification now.,45,spam
HAM_SMS_04210,Can you send me the notes from today's lecture?,47,ham
SPAM_SMS_00252,Your mobile number has won a lottery prize.,43,spam
HAM_SMS_03994,Let's discuss the presentation after lunch.,43,ham
HAM_SMS_01167,Thank you for your message. I will check and reply soon.,56,ham
HAM_SMS_03351,The meeting has been shifted to 4 PM.,37,ham
HAM_SMS_01808,"Hey, are we meeting today for the project discussion?",53,ham
HAM_SMS_05672,Your order has been delivered successfully.,43,ham
HAM_SMS_04665,Reminder: submit your assignment before the deadline.,53,ham
HAM_SMS_01095,The report is ready for review.,31,ham
HAM_SMS_04950,Thank you for your message. I will check and reply soon.,56,ham
HAM_SMS_03429,I reached home safely.,22,ham
SPAM_SMS_00505,Urgent! Your bank account will be blocked. Verify your details immediately.,75,spam
HAM_SMS_07218,"Hey, are we meeting today for the project discussion?",53,ham
SPAM_SMS_00658,Earn money from home without investment. Join now.,50,spam
HAM_SMS_00119,"Hey, are we meeting today for the project discussion?",53,ham
SPAM_SMS_02033,Win money instantly. Register today and claim your bonus.,57,spam
SPAM_SMS_00089,Earn money from home without investment. Join now.,50,spam
HAM_SMS_00489,Your class schedule has been updated for tomorrow.,50,ham
SPAM_SMS_01804,Final warning! Complete KYC verification now.,45,spam
HAM_SMS_02218,The meeting has been shifted to 4 PM.,37,ham
HAM_SMS_06951,Please confirm your availability for the session.,49,ham
HAM_SMS_04181,The meeting has been shifted to 4 PM.,37,ham
HAM_SMS_01791,Thank you for your message. I will check and reply soon.,56,ham
HAM_SMS_00209,The report is ready for review.,31,ham
HAM_SMS_05815,Let's discuss the presentation after lunch.,43,ham
HAM_SMS_04389,Your payment has been received successfully.,44,ham
SPAM_SMS_01911,Your mobile number has won a lottery prize.,43,spam
HAM_SMS_04299,The report is ready for review.,31,ham
HAM_SMS_05429,Please find the details shared in the group.,44,ham
HAM_SMS_02805,Thank you for your message. I will check and reply soon.,56,ham
HAM_SMS_05499,Your payment has been received successfully.,44,ham
HAM_SMS_01153,The report is ready for review.,31,ham
HAM_SMS_01038,Let's discuss the presentation after lunch.,43,ham
HAM_SMS_00500,Please find the details shared in the group.,44,ham
HAM_SMS_01632,The meeting has been shifted to 4 PM.,37,ham
HAM_SMS_03363,Your payment has been received successfully.,44,ham
HAM_SMS_03740,Your class schedule has been updated for tomorrow.,50,ham
HAM_SMS_00486,"Hey, are we meeting today for the project discussion?",53,ham
HAM_SMS_03223,Please confirm your availability for the session.,49,ham
HAM_SMS_07414,I reached home safely.,22,ham
HAM_SMS_00638,The interview schedule will be shared soon.,43,ham
HAM_SMS_00839,The meeting has been shifted to 4 PM.,37,ham
HAM_SMS_03269,The report is ready for review.,31,ham
HAM_SMS_00554,Can you send me the notes from today's lecture?,47,ham
HAM_SMS_07397,Let's discuss the presentation after lunch.,43,ham
HAM_SMS_02036,"Hey, are we meeting today for the project discussion?",53,ham
HAM_SMS_04378,The report is ready for review.,31,ham
HAM_SMS_06252,Thank you for your message. I will check and reply soon.,56,ham
SPAM_SMS_00037,Final warning! Complete KYC verification now.,45,spam
HAM_SMS_04464,Please confirm your availability for the session.,49,ham
HAM_SMS_05066,Your order has been delivered successfully.,43,ham
SPAM_SMS_01863,Free entry in a lucky draw. Text WIN to claim your reward.,58,spam
SPAM_SMS_02378,You won a shopping voucher. Claim it today.,43,spam
HAM_SMS_06009,The report is ready for review.,31,ham
HAM_SMS_05691,Thank you for your message. I will check and reply soon.,56,ham
SPAM_SMS_00173,Win money instantly. Register today and claim your bonus.,57,spam
HAM_SMS_01811,The meeting has been shifted to 4 PM.,37,ham
HAM_SMS_06006,The report is ready for review.,31,ham
SPAM_SMS_00997,Win money instantly. Register today and claim your bonus.,57,spam
SPAM_SMS_01242,Recharge offer available. Get double benefits today.,52,spam
SPAM_SMS_01940,Recharge offer available. Get double benefits today.,52,spam
HAM_SMS_03283,Reminder: submit your assignment before the deadline.,53,ham
SPAM_SMS_01766,Limited time offer. Get free coupons by clicking this link.,59,spam
HAM_SMS_02466,Your payment has been received successfully.,44,ham
HAM_SMS_02050,Your payment has been received successfully.,44,ham
HAM_SMS_01161,Please find the details shared in the group.,44,ham
SPAM_SMS_01680,Claim your free gift card now before it expires.,48,spam
HAM_SMS_07493,The interview schedule will be shared soon.,43,ham
SPAM_SMS_02455,Urgent! Your bank account will be blocked. Verify your details immediately.,75,spam
HAM_SMS_06777,Thank you for your message. I will check and reply soon.,56,ham
HAM_SMS_07488,The meeting has been shifted to 4 PM.,37,ham
HAM_SMS_03349,I reached home safely.,22,ham
HAM_SMS_05250,Your class schedule has been updated for tomorrow.,50,ham
HAM_SMS_05567,Your class schedule has been updated for tomorrow.,50,ham
HAM_SMS_00358,Your order has been delivered successfully.,43,ham
HAM_SMS_05965,"Hey, are we meeting today for the project discussion?",53,ham
HAM_SMS_01323,The interview schedule will be shared soon.,43,ham
HAM_SMS_06916,Please find the details shared in the group.,44,ham
HAM_SMS_04064,Your order has been delivered successfully.,43,ham
HAM_SMS_07293,Let's discuss the presentation after lunch.,43,ham
HAM_SMS_03672,Reminder: submit your assignment before the deadline.,53,ham
SPAM_SMS_01068,Exclusive offer only for you. Click here to redeem.,51,spam
SPAM_SMS_01298,Urgent! Your bank account will be blocked. Verify your details immediately.,75,spam
HAM_SMS_06311,Please find the details shared in the group.,44,ham
HAM_SMS_00649,"Hey, are we meeting today for the project discussion?",53,ham
SPAM_SMS_00453,Suspicious login detected. Update your password immediately.,60,spam
HAM_SMS_03875,The report is ready for review.,31,ham
HAM_SMS_03072,Your class schedule has been updated for tomorrow.,50,ham
HAM_SMS_02999,Please confirm your availability for the session.,49,ham
HAM_SMS_03958,"Hey, are we meeting today for the project discussion?",53,ham
HAM_SMS_01937,Your class schedule has been updated for tomorrow.,50,ham
HAM_SMS_05160,Your payment has been received successfully.,44,ham
HAM_SMS_03118,Please find the details shared in the group.,44,ham
HAM_SMS_04371,"Hey, are we meeting today for the project discussion?",53,ham
HAM_SMS_05172,The interview schedule will be shared soon.,43,ham
HAM_SMS_01149,Please find the details shared in the group.,44,ham
HAM_SMS_07194,"Hey, are we meeting today for the project discussion?",53,ham
HAM_SMS_00429,Thank you for your message. I will check and reply soon.,56,ham
HAM_SMS_03474,Please confirm your availability for the session.,49,ham
HAM_SMS_01123,Please confirm your availability for the session.,49,ham
HAM_SMS_04175,Let's discuss the presentation after lunch.,43,ham
HAM_SMS_07012,The meeting has been shifted to 4 PM.,37,ham
HAM_SMS_02755,The report is ready for review.,31,ham
SPAM_SMS_00830,You are selected for a reward. Send your account details now.,61,spam
SPAM_SMS_02068,Congratulations! You have won a cash prize. Click the link to claim now.,72,spam
HAM_SMS_04137,The report is ready for review.,31,ham
HAM_SMS_01574,Your order has been delivered successfully.,43,ham
HAM_SMS_01652,I reached home safely.,22,ham
HAM_SMS_01553,Please find the details shared in the group.,44,ham
SPAM_SMS_01036,Free entry in a lucky draw. Text WIN to claim your reward.,58,spam
SPAM_SMS_02096,Your loan is approved. Pay processing fee to receive funds.,59,spam
HAM_SMS_00026,Your class schedule has been updated for tomorrow.,50,ham
HAM_SMS_01727,Your payment has been received successfully.,44,ham
HAM_SMS_06112,"Hey, are we meeting today for the project discussion?",53,ham
HAM_SMS_02713,Your payment has been received successfully.,44,ham
HAM_SMS_01464,Your class schedule has been updated for tomorrow.,50,ham
HAM_SMS_04177,Please confirm your availability for the session.,49,ham
HAM_SMS_03751,Please confirm your availability for the session.,49,ham
SPAM_SMS_00572,Win money instantly. Register today and claim your bonus.,57,spam
HAM_SMS_07336,Please confirm your availability for the session.,49,ham
HAM_SMS_05695,Please confirm your availability for the session.,49,ham
HAM_SMS_07312,Reminder: submit your assignment before the deadline.,53,ham
HAM_SMS_07176,"Hey, are we meeting today for the project discussion?",53,ham
HAM_SMS_00211,I reached home safely.,22,ham
SPAM_SMS_01337,Congratulations! You have won a cash prize. Click the link to claim now.,72,spam
HAM_SMS_00386,Your order has been delivered successfully.,43,ham
HAM_SMS_05004,Let's discuss the presentation after lunch.,43,ham
HAM_SMS_01565,Your class schedule has been updated for tomorrow.,50,ham
SPAM_SMS_01596,Earn money from home without investment. Join now.,50,spam
HAM_SMS_04050,Thank you for your message. I will check and reply soon.,56,ham
HAM_SMS_01862,"Hey, are we meeting today for the project discussion?",53,ham
HAM_SMS_06887,The report is ready for review.,31,ham
HAM_SMS_00728,Let's discuss the presentation after lunch.,43,ham
HAM_SMS_04622,"Hey, are we meeting today for the project discussion?",53,ham
HAM_SMS_04069,Reminder: submit your assignment before the deadline.,53,ham
HAM_SMS_01420,Reminder: submit your assignment before the deadline.,53,ham
SPAM_SMS_00428,Urgent! Your bank account will be blocked. Verify your details immediately.,75,spam
HAM_SMS_06512,"Hey, are we meeting today for the project discussion?",53,ham
SPAM_SMS_00798,Your loan is approved. Pay processing fee to receive funds.,59,spam
HAM_SMS_06822,Please call me when you are free.,33,ham
SPAM_SMS_01327,Claim your free gift card now before it expires.,48,spam
SPAM_SMS_01441,Your mobile number has won a lottery prize.,43,spam
HAM_SMS_01608,The report is ready for review.,31,ham
HAM_SMS_01547,The meeting has been shifted to 4 PM.,37,ham
SPAM_SMS_00636,Recharge offer available. Get double benefits today.,52,spam
SPAM_SMS_02000,Free entry in a lucky draw. Text WIN to claim your reward.,58,spam
HAM_SMS_03180,The interview schedule will be shared soon.,43,ham
HAM_SMS_04902,Please find the details shared in the group.,44,ham
HAM_SMS_06347,Reminder: submit your assignment before the deadline.,53,ham
HAM_SMS_02738,Please call me when you are free.,33,ham
SPAM_SMS_02104,Limited time offer. Get free coupons by clicking this link.,59,spam
HAM_SMS_07185,The meeting has been shifted to 4 PM.,37,ham
HAM_SMS_05769,Your payment has been received successfully.,44,ham
HAM_SMS_06367,The report is ready for review.,31,ham
SPAM_SMS_02223,Exclusive offer only for you. Click here to redeem.,51,spam
HAM_SMS_00591,The interview schedule will be shared soon.,43,ham
HAM_SMS_07022,Please call me when you are free.,33,ham
HAM_SMS_05745,Your payment has been received successfully.,44,ham
HAM_SMS_06854,Can you send me the notes from today's lecture?,47,ham
SPAM_SMS_01050,Win money instantly. Register today and claim your bonus.,57,spam
HAM_SMS_04486,Your payment has been received successfully.,44,ham
HAM_SMS_05735,Please confirm your availability for the session.,49,ham
HAM_SMS_01018,The report is ready for review.,31,ham
SPAM_SMS_00751,You won a shopping voucher. Claim it today.,43,spam
HAM_SMS_01784,Your order has been delivered successfully.,43,ham
HAM_SMS_04409,The report is ready for review.,31,ham
HAM_SMS_04718,Your class schedule has been updated for tomorrow.,50,ham
HAM_SMS_01765,Let's discuss the presentation after lunch.,43,ham
SPAM_SMS_02340,Your loan is approved. Pay processing fee to receive funds.,59,spam
SPAM_SMS_00068,You won a shopping voucher. Claim it today.,43,spam
SPAM_SMS_00605,Claim your free gift card now before it expires.,48,spam
SPAM_SMS_01593,You are selected for a reward. Send your account details now.,61,spam
HAM_SMS_06780,Please call me when you are free.,33,ham
SPAM_SMS_00721,You won a shopping voucher. Claim it today.,43,spam
HAM_SMS_06606,"Hey, are we meeting today for the project discussion?",53,ham
HAM_SMS_07087,Please call me when you are free.,33,ham
SPAM_SMS_02124,You are selected for a reward. Send your account details now.,61,spam
HAM_SMS_05432,Reminder: submit your assignment before the deadline.,53,ham
HAM_SMS_04689,"Hey, are we meeting today for the project discussion?",53,ham
SPAM_SMS_01407,You won a shopping voucher. Claim it today.,43,spam
SPAM_SMS_01946,Claim your free gift card now before it expires.,48,spam
HAM_SMS_05543,Your class schedule has been updated for tomorrow.,50,ham
SPAM_SMS_01979,You won a shopping voucher. Claim it today.,43,spam
HAM_SMS_03864,Your class schedule has been updated for tomorrow.,50,ham
HAM_SMS_06495,Reminder: submit your assignment before the deadline.,53,ham
SPAM_SMS_00271,Suspicious login detected. Update your password immediately.,60,spam
HAM_SMS_05527,Let's discuss the presentation after lunch.,43,ham
HAM_SMS_04466,Thank you for your message. I will check and reply soon.,56,ham
HAM_SMS_07373,The meeting has been shifted to 4 PM.,37,ham
HAM_SMS_00840,Your order has been delivered successfully.,43,ham
HAM_SMS_00987,Your payment has been received successfully.,44,ham
SPAM_SMS_01772,You are selected for a reward. Send your account details now.,61,spam
SPAM_SMS_00578,Urgent! Your bank account will be blocked. Verify your details immediately.,75,spam
HAM_SMS_06202,Reminder: submit your assignment before the deadline.,53,ham
HAM_SMS_05766,The interview schedule will be shared soon.,43,ham
HAM_SMS_01468,Let's discuss the presentation after lunch.,43,ham
SPAM_SMS_00484,Claim your free gift card now before it expires.,48,spam
HAM_SMS_01479,Let's discuss the presentation after lunch.,43,ham
SPAM_SMS_00444,Recharge offer available. Get double benefits today.,52,spam
HAM_SMS_02538,Your payment has been received successfully.,44,ham
SPAM_SMS_01788,Congratulations! You have won a cash prize. Click the link to claim now.,72,spam
HAM_SMS_01870,Can you send me the notes from today's lecture?,47,ham
HAM_SMS_03844,The interview schedule will be shared soon.,43,ham
HAM_SMS_04756,The interview schedule will be shared soon.,43,ham
SPAM_SMS_01568,Limited time offer. Get free coupons by clicking this link.,59,spam
HAM_SMS_06899,The interview schedule will be shared soon.,43,ham
HAM_SMS_02854,Your order has been delivered successfully.,43,ham
HAM_SMS_03467,Your class schedule has been updated for tomorrow.,50,ham
HAM_SMS_06709,The report is ready for review.,31,ham
SPAM_SMS_00103,You are selected for a reward. Send your account details now.,61,spam
SPAM_SMS_00112,You won a shopping voucher. Claim it today.,43,spam
HAM_SMS_04625,Reminder: submit your assignment before the deadline.,53,ham
HAM_SMS_04932,Please find the details shared in the group.,44,ham
SPAM_SMS_00861,Exclusive offer only for you. Click here to redeem.,51,spam
HAM_SMS_07114,The report is ready for review.,31,ham
HAM_SMS_03520,Can you send me the notes from today's lecture?,47,ham
HAM_SMS_00683,The report is ready for review.,31,ham
HAM_SMS_04453,Your payment has been received successfully.,44,ham
SPAM_SMS_01919,Earn money from home without investment. Join now.,50,spam
HAM_SMS_00833,Let's discuss the presentation after lunch.,43,ham
HAM_SMS_03871,The meeting has been shifted to 4 PM.,37,ham
HAM_SMS_01145,The meeting has been shifted to 4 PM.,37,ham
HAM_SMS_05911,I reached home safely.,22,ham
HAM_SMS_01211,Thank you for your message. I will check and reply soon.,56,ham
HAM_SMS_02194,The meeting has been shifted to 4 PM.,37,ham
SPAM_SMS_01325,Free entry in a lucky draw. Text WIN to claim your reward.,58,spam
SPAM_SMS_01131,Your loan is approved. Pay processing fee to receive funds.,59,spam
HAM_SMS_04245,Your order has been delivered successfully.,43,ham
SPAM_SMS_01964,Earn money from home without investment. Join now.,50,spam
HAM_SMS_05466,The interview schedule will be shared soon.,43,ham
HAM_SMS_03095,Please call me when you are free.,33,ham
HAM_SMS_03819,Your class schedule has been updated for tomorrow.,50,ham
HAM_SMS_04894,Please confirm your availability for the session.,49,ham
HAM_SMS_06240,Please call me when you are free.,33,ham
SPAM_SMS_00524,Final warning! Complete KYC verification now.,45,spam
SPAM_SMS_00166,Your mobile number has won a lottery prize.,43,spam
HAM_SMS_00054,Please find the details shared in the group.,44,ham
HAM_SMS_06352,The meeting has been shifted to 4 PM.,37,ham
HAM_SMS_01423,Please confirm your availability for the session.,49,ham
SPAM_SMS_01855,You won a shopping voucher. Claim it today.,43,spam
HAM_SMS_01196,The meeting has been shifted to 4 PM.,37,ham
SPAM_SMS_01811,Limited time offer. Get free coupons by clicking this link.,59,spam
HAM_SMS_03352,Please find the details shared in the group.,44,ham
SPAM_SMS_00445,Exclusive offer only for you. Click here to redeem.,51,spam
HAM_SMS_05539,Please confirm your availability for the session.,49,ham
HAM_SMS_02618,Your payment has been received successfully.,44,ham
SPAM_SMS_02423,Exclusive offer only for you. Click here to redeem.,51,spam
SPAM_SMS_01358,Congratulations! You have won a cash prize. Click the link to claim now.,72,spam
HAM_SMS_05473,Your order has been delivered successfully.,43,ham
HAM_SMS_06542,"Hey, are we meeting today for the project discussion?",53,ham
SPAM_SMS_02282,Claim your free gift card now before it expires.,48,spam
HAM_SMS_01396,Thank you for your message. I will check and reply soon.,56,ham
HAM_SMS_02686,Can you send me the notes from today's lecture?,47,ham
HAM_SMS_03204,Your order has been delivered successfully.,43,ham
HAM_SMS_02317,"Hey, are we meeting today for the project discussion?",53,ham
HAM_SMS_07368,The meeting has been shifted to 4 PM.,37,ham
HAM_SMS_00772,Your class schedule has been updated for tomorrow.,50,ham
SPAM_SMS_01025,Free entry in a lucky draw. Text WIN to claim your reward.,58,spam
HAM_SMS_02100,Let's discuss the presentation after lunch.,43,ham
SPAM_SMS_02087,Free entry in a lucky draw. Text WIN to claim your reward.,58,spam
HAM_SMS_04498,The interview schedule will be shared soon.,43,ham
HAM_SMS_05055,Reminder: submit your assignment before the deadline.,53,ham
HAM_SMS_06064,"Hey, are we meeting today for the project discussion?",53,ham
HAM_SMS_05566,The interview schedule will be shared soon.,43,ham
HAM_SMS_00394,The interview schedule will be shared soon.,43,ham
HAM_SMS_03931,Let's discuss the presentation after lunch.,43,ham
SPAM_SMS_00847,Win money instantly. Register today and claim your bonus.,57,spam
HAM_SMS_02303,The meeting has been shifted to 4 PM.,37,ham
HAM_SMS_05994,Please find the details shared in the group.,44,ham
HAM_SMS_00857,Please confirm your availability for the session.,49,ham
HAM_SMS_06257,The meeting has been shifted to 4 PM.,37,ham
HAM_SMS_02964,Please confirm your availability for the session.,49,ham
HAM_SMS_01441,Thank you for your message. I will check and reply soon.,56,ham
SPAM_SMS_00642,Congratulations! You have won a cash prize. Click the link to claim now.,72,spam
HAM_SMS_02652,Your order has been delivered successfully.,43,ham
SPAM_SMS_00962,Suspicious login detected. Update your password immediately.,60,spam
SPAM_SMS_01977,Claim your free gift card now before it expires.,48,spam
HAM_SMS_02723,The interview schedule will be shared soon.,43,ham
HAM_SMS_07346,Let's discuss the presentation after lunch.,43,ham
HAM_SMS_05924,Can you send me the notes from today's lecture?,47,ham
HAM_SMS_07422,Let's discuss the presentation after lunch.,43,ham
HAM_SMS_01285,Your class schedule has been updated for tomorrow.,50,ham
HAM_SMS_06133,Your class schedule has been updated for tomorrow.,50,ham
HAM_SMS_07067,Can you send me the notes from today's lecture?,47,ham
HAM_SMS_00949,Your order has been delivered successfully.,43,ham
HAM_SMS_01029,Please confirm your availability for the session.,49,ham
HAM_SMS_03052,Your class schedule has been updated for tomorrow.,50,ham
HAM_SMS_00932,Thank you for your message. I will check and reply soon.,56,ham
HAM_SMS_06970,The interview schedule will be shared soon.,43,ham
HAM_SMS_00575,Thank you for your message. I will check and reply soon.,56,ham
HAM_SMS_00167,"Hey, are we meeting today for the project discussion?",53,ham
HAM_SMS_00213,Your order has been delivered successfully.,43,ham
HAM_SMS_01393,The interview schedule will be shared soon.,43,ham
HAM_SMS_02812,Thank you for your message. I will check and reply soon.,56,ham
HAM_SMS_05889,The report is ready for review.,31,ham
SPAM_SMS_00011,Recharge offer available. Get double benefits today.,52,spam
HAM_SMS_00143,Can you send me the notes from today's lecture?,47,ham
HAM_SMS_01050,Please find the details shared in the group.,44,ham
HAM_SMS_03031,Please confirm your availability for the session.,49,ham
SPAM_SMS_00441,You are selected for a reward. Send your account details now.,61,spam
SPAM_SMS_01154,Exclusive offer only for you. Click here to redeem.,51,spam
HAM_SMS_02593,The interview schedule will be shared soon.,43,ham
SPAM_SMS_00666,Your mobile number has won a lottery prize.,43,spam
SPAM_SMS_01026,Claim your free gift card now before it expires.,48,spam
HAM_SMS_02412,The report is ready for review.,31,ham
HAM_SMS_03390,Reminder: submit your assignment before the deadline.,53,ham
SPAM_SMS_01259,Your loan is approved. Pay processing fee to receive funds.,59,spam
HAM_SMS_01854,Your payment has been received successfully.,44,ham
HAM_SMS_01828,Can you send me the notes from today's lecture?,47,ham
SPAM_SMS_00958,Limited time offer. Get free coupons by clicking this link.,59,spam
HAM_SMS_03123,I reached home safely.,22,ham
HAM_SMS_05042,Please call me when you are free.,33,ham
HAM_SMS_01156,The meeting has been shifted to 4 PM.,37,ham
HAM_SMS_05455,Thank you for your message. I will check and reply soon.,56,ham
SPAM_SMS_02492,Earn money from home without investment. Join now.,50,spam
HAM_SMS_00284,Your payment has been received successfully.,44,ham
SPAM_SMS_01801,Earn money from home without investment. Join now.,50,spam
SPAM_SMS_00548,Final warning! Complete KYC verification now.,45,spam
SPAM_SMS_01818,Urgent! Your bank account will be blocked. Verify your details immediately.,75,spam
HAM_SMS_01696,Please confirm your availability for the session.,49,ham
SPAM_SMS_02368,Urgent! Your bank account will be blocked. Verify your details immediately.,75,spam
SPAM_SMS_02237,Free entry in a lucky draw. Text WIN to claim your reward.,58,spam
HAM_SMS_03300,Reminder: submit your assignment before the deadline.,53,ham
HAM_SMS_02278,Can you send me the notes from today's lecture?,47,ham
HAM_SMS_04351,The interview schedule will be shared soon.,43,ham
HAM_SMS_01398,Let's discuss the presentation after lunch.,43,ham
SPAM_SMS_00516,Suspicious login detected. Update your password immediately.,60,spam
HAM_SMS_03015,The meeting has been shifted to 4 PM.,37,ham
HAM_SMS_04492,I reached home safely.,22,ham
SPAM_SMS_01468,You are selected for a reward. Send your account details now.,61,spam
HAM_SMS_05643,The meeting has been shifted to 4 PM.,37,ham
SPAM_SMS_00124,Suspicious login detected. Update your password immediately.,60,spam
HAM_SMS_05195,Reminder: submit your assignment before the deadline.,53,ham
HAM_SMS_02547,Can you send me the notes from today's lecture?,47,ham
HAM_SMS_03754,The interview schedule will be shared soon.,43,ham
HAM_SMS_01282,Please call me when you are free.,33,ham
SPAM_SMS_01344,Your mobile number has won a lottery prize.,43,spam
HAM_SMS_03534,Please find the details shared in the group.,44,ham
SPAM_SMS_02369,Your loan is approved. Pay processing fee to receive funds.,59,spam
HAM_SMS_02599,Thank you for your message. I will check and reply soon.,56,ham
HAM_SMS_02062,The meeting has been shifted to 4 PM.,37,ham
SPAM_SMS_01454,Recharge offer available. Get double benefits today.,52,spam
SPAM_SMS_00357,You won a shopping voucher. Claim it today.,43,spam
HAM_SMS_06425,Please find the details shared in the group.,44,ham
HAM_SMS_01065,Your class schedule has been updated for tomorrow.,50,ham
SPAM_SMS_00021,Limited time offer. Get free coupons by clicking this link.,59,spam
HAM_SMS_05844,Please call me when you are free.,33,ham
HAM_SMS_06272,The report is ready for review.,31,ham
HAM_SMS_01399,Your class schedule has been updated for tomorrow.,50,ham
HAM_SMS_02434,The meeting has been shifted to 4 PM.,37,ham
SPAM_SMS_01045,Suspicious login detected. Update your password immediately.,60,spam
HAM_SMS_01857,Your class schedule has been updated for tomorrow.,50,ham
HAM_SMS_03367,Reminder: submit your assignment before the deadline.,53,ham
HAM_SMS_07375,The interview schedule will be shared soon.,43,ham
HAM_SMS_01438,Please call me when you are free.,33,ham
HAM_SMS_02716,Please call me when you are free.,33,ham
HAM_SMS_03152,Please find the details shared in the group.,44,ham
HAM_SMS_06623,Please find the details shared in the group.,44,ham
HAM_SMS_06537,I reached home safely.,22,ham
HAM_SMS_06124,Please find the details shared in the group.,44,ham
HAM_SMS_02082,"Hey, are we meeting today for the project discussion?",53,ham
HAM_SMS_03091,Please confirm your availability for the session.,49,ham
HAM_SMS_07124,Reminder: submit your assignment before the deadline.,53,ham
SPAM_SMS_02357,Congratulations! You have won a cash prize. Click the link to claim now.,72,spam
SPAM_SMS_00633,Your mobile number has won a lottery prize.,43,spam
SPAM_SMS_01547,Urgent! Your bank account will be blocked. Verify your details immediately.,75,spam
HAM_SMS_05087,Let's discuss the presentation after lunch.,43,ham
HAM_SMS_02183,I reached home safely.,22,ham
SPAM_SMS_01080,Final warning! Complete KYC verification now.,45,spam
SPAM_SMS_02202,Win money instantly. Register today and claim your bonus.,57,spam
HAM_SMS_01070,Please confirm your availability for the session.,49,ham
HAM_SMS_01694,The report is ready for review.,31,ham
SPAM_SMS_00229,Urgent! Your bank account will be blocked. Verify your details immediately.,75,spam
HAM_SMS_02810,Thank you for your message. I will check and reply soon.,56,ham
SPAM_SMS_00476,Earn money from home without investment. Join now.,50,spam
HAM_SMS_04445,Can you send me the notes from today's lecture?,47,ham
SPAM_SMS_01835,Earn money from home without investment. Join now.,50,spam
HAM_SMS_05709,"Hey, are we meeting today for the project discussion?",53,ham
HAM_SMS_01716,Please find the details shared in the group.,44,ham
HAM_SMS_02361,Let's discuss the presentation after lunch.,43,ham
HAM_SMS_04930,Let's discuss the presentation after lunch.,43,ham
HAM_SMS_05112,Your payment has been received successfully.,44,ham
HAM_SMS_00126,"Hey, are we meeting today for the project discussion?",53,ham
HAM_SMS_03424,The interview schedule will be shared soon.,43,ham
SPAM_SMS_00896,Exclusive offer only for you. Click here to redeem.,51,spam
SPAM_SMS_00417,Claim your free gift card now before it expires.,48,spam
HAM_SMS_03785,Please confirm your availability for the session.,49,ham
SPAM_SMS_00024,Suspicious login detected. Update your password immediately.,60,spam
HAM_SMS_03959,Please find the details shared in the group.,44,ham
HAM_SMS_04364,Your payment has been received successfully.,44,ham
HAM_SMS_01825,Reminder: submit your assignment before the deadline.,53,ham
HAM_SMS_07015,I reached home safely.,22,ham
HAM_SMS_06861,Can you send me the notes from today's lecture?,47,ham
HAM_SMS_07367,"Hey, are we meeting today for the project discussion?",53,ham
HAM_SMS_03966,I reached home safely.,22,ham
HAM_SMS_01472,"Hey, are we meeting today for the project discussion?",53,ham
HAM_SMS_00959,The interview schedule will be shared soon.,43,ham
HAM_SMS_02893,Please find the details shared in the group.,44,ham
HAM_SMS_02698,I reached home safely.,22,ham
HAM_SMS_03805,I reached home safely.,22,ham
SPAM_SMS_01900,Your mobile number has won a lottery prize.,43,spam
HAM_SMS_03500,Your order has been delivered successfully.,43,ham
HAM_SMS_03668,The report is ready for review.,31,ham
HAM_SMS_03703,The meeting has been shifted to 4 PM.,37,ham
HAM_SMS_05546,I reached home safely.,22,ham
HAM_SMS_04331,Your order has been delivered successfully.,43,ham
HAM_SMS_06188,Please call me when you are free.,33,ham
HAM_SMS_02770,"Hey, are we meeting today for the project discussion?",53,ham
HAM_SMS_01359,Can you send me the notes from today's lecture?,47,ham
HAM_SMS_01015,Please call me when you are free.,33,ham
HAM_SMS_04226,Your order has been delivered successfully.,43,ham
HAM_SMS_00393,Please call me when you are free.,33,ham
HAM_SMS_04363,Reminder: submit your assignment before the deadline.,53,ham
HAM_SMS_04288,Please find the details shared in the group.,44,ham
SPAM_SMS_01968,Congratulations! You have won a cash prize. Click the link to claim now.,72,spam
HAM_SMS_04604,The meeting has been shifted to 4 PM.,37,ham
HAM_SMS_06324,Thank you for your message. I will check and reply soon.,56,ham
HAM_SMS_02571,Can you send me the notes from today's lecture?,47,ham
HAM_SMS_06230,Let's discuss the presentation after lunch.,43,ham
SPAM_SMS_01978,Exclusive offer only for you. Click here to redeem.,51,spam
HAM_SMS_04737,Please find the details shared in the group.,44,ham
HAM_SMS_02979,Your payment has been received successfully.,44,ham
HAM_SMS_01605,Can you send me the notes from today's lecture?,47,ham
SPAM_SMS_00487,You are selected for a reward. Send your account details now.,61,spam
HAM_SMS_00218,Your payment has been received successfully.,44,ham
HAM_SMS_02461,Your class schedule has been updated for tomorrow.,50,ham
HAM_SMS_04415,Your class schedule has been updated for tomorrow.,50,ham
HAM_SMS_05028,The interview schedule will be shared soon.,43,ham
SPAM_SMS_00565,Urgent! Your bank account will be blocked. Verify your details immediately.,75,spam
SPAM_SMS_00082,Limited time offer. Get free coupons by clicking this link.,59,spam
HAM_SMS_01971,"Hey, are we meeting today for the project discussion?",53,ham
HAM_SMS_07053,Can you send me the notes from today's lecture?,47,ham
HAM_SMS_05000,Your payment has been received successfully.,44,ham
HAM_SMS_01613,Please confirm your availability for the session.,49,ham
HAM_SMS_06346,Reminder: submit your assignment before the deadline.,53,ham
HAM_SMS_00313,The interview schedule will be shared soon.,43,ham
HAM_SMS_03176,Let's discuss the presentation after lunch.,43,ham
HAM_SMS_04011,Please call me when you are free.,33,ham
HAM_SMS_03650,Your class schedule has been updated for tomorrow.,50,ham
HAM_SMS_03058,Please call me when you are free.,33,ham
HAM_SMS_04503,Can you send me the notes from today's lecture?,47,ham
HAM_SMS_02459,I reached home safely.,22,ham
SPAM_SMS_01397,You won a shopping voucher. Claim it today.,43,spam
HAM_SMS_06864,Please confirm your availability for the session.,49,ham
SPAM_SMS_00678,Your loan is approved. Pay processing fee to receive funds.,59,spam
HAM_SMS_00317,Your payment has been received successfully.,44,ham
HAM_SMS_06206,Your class schedule has been updated for tomorrow.,50,ham
SPAM_SMS_01425,Exclusive offer only for you. Click here to redeem.,51,spam
HAM_SMS_00701,Can you send me the notes from today's lecture?,47,ham
SPAM_SMS_00842,Final warning! Complete KYC verification now.,45,spam
HAM_SMS_03196,Let's discuss the presentation after lunch.,43,ham
HAM_SMS_07465,Your payment has been received successfully.,44,ham
HAM_SMS_02006,Your payment has been received successfully.,44,ham
HAM_SMS_01906,Your order has been delivered successfully.,43,ham
HAM_SMS_07142,Please confirm your availability for the session.,49,ham
SPAM_SMS_01724,Final warning! Complete KYC verification now.,45,spam
HAM_SMS_05385,Please confirm your availability for the session.,49,ham
HAM_SMS_00115,The meeting has been shifted to 4 PM.,37,ham
HAM_SMS_05584,The interview schedule will be shared soon.,43,ham
HAM_SMS_03354,I reached home safely.,22,ham
HAM_SMS_07126,Thank you for your message. I will check and reply soon.,56,ham
HAM_SMS_01572,I reached home safely.,22,ham
HAM_SMS_02605,I reached home safely.,22,ham
SPAM_SMS_01027,Earn money from home without investment. Join now.,50,spam
HAM_SMS_06663,Let's discuss the presentation after lunch.,43,ham
HAM_SMS_02531,Reminder: submit your assignment before the deadline.,53,ham
HAM_SMS_04723,Please call me when you are free.,33,ham
HAM_SMS_02327,Your payment has been received successfully.,44,ham
HAM_SMS_02792,Please find the details shared in the group.,44,ham
HAM_SMS_02246,Please call me when you are free.,33,ham
HAM_SMS_05696,Your payment has been received successfully.,44,ham
SPAM_SMS_01190,Your mobile number has won a lottery prize.,43,spam
HAM_SMS_01585,Thank you for your message. I will check and reply soon.,56,ham
HAM_SMS_03843,Let's discuss the presentation after lunch.,43,ham
SPAM_SMS_01753,Your mobile number has won a lottery prize.,43,spam
HAM_SMS_02504,Your order has been delivered successfully.,43,ham
SPAM_SMS_00184,Your loan is approved. Pay processing fee to receive funds.,59,spam
SPAM_SMS_00210,Final warning! Complete KYC verification now.,45,spam
HAM_SMS_01239,The meeting has been shifted to 4 PM.,37,ham
HAM_SMS_07122,Thank you for your message. I will check and reply soon.,56,ham
HAM_SMS_04264,"Hey, are we meeting today for the project discussion?",53,ham
SPAM_SMS_00386,You are selected for a reward. Send your account details now.,61,spam
HAM_SMS_00689,Thank you for your message. I will check and reply soon.,56,ham
HAM_SMS_00671,Please confirm your availability for the session.,49,ham
SPAM_SMS_00299,Your mobile number has won a lottery prize.,43,spam
HAM_SMS_02231,The meeting has been shifted to 4 PM.,37,ham
SPAM_SMS_00109,You are selected for a reward. Send your account details now.,61,spam
HAM_SMS_02331,Your payment has been received successfully.,44,ham
SPAM_SMS_00331,Your mobile number has won a lottery prize.,43,spam
HAM_SMS_01755,The interview schedule will be shared soon.,43,ham
HAM_SMS_04528,Let's discuss the presentation after lunch.,43,ham
HAM_SMS_06235,Can you send me the notes from today's lecture?,47,ham
HAM_SMS_05730,Reminder: submit your assignment before the deadline.,53,ham
SPAM_SMS_01270,Exclusive offer only for you. Click here to redeem.,51,spam
HAM_SMS_04786,"Hey, are we meeting today for the project discussion?",53,ham
HAM_SMS_02060,Can you send me the notes from today's lecture?,47,ham
HAM_SMS_06458,The report is ready for review.,31,ham
HAM_SMS_01913,The meeting has been shifted to 4 PM.,37,ham
HAM_SMS_04793,The report is ready for review.,31,ham
HAM_SMS_03604,Reminder: submit your assignment before the deadline.,53,ham
HAM_SMS_02645,I reached home safely.,22,ham
HAM_SMS_07486,Your order has been delivered successfully.,43,ham
HAM_SMS_07489,Your payment has been received successfully.,44,ham
HAM_SMS_04121,Please find the details shared in the group.,44,ham
HAM_SMS_03040,The report is ready for review.,31,ham
HAM_SMS_06666,The interview schedule will be shared soon.,43,ham
HAM_SMS_01990,The meeting has been shifted to 4 PM.,37,ham
HAM_SMS_03392,Can you send me the notes from today's lecture?,47,ham
HAM_SMS_03422,Please call me when you are free.,33,ham
HAM_SMS_05450,I reached home safely.,22,ham
HAM_SMS_05153,Please find the details shared in the group.,44,ham
HAM_SMS_01793,Can you send me the notes from today's lecture?,47,ham
HAM_SMS_05739,Can you send me the notes from today's lecture?,47,ham
HAM_SMS_05476,I reached home safely.,22,ham
SPAM_SMS_00071,You are selected for a reward. Send your account details now.,61,spam
HAM_SMS_01725,Can you send me the notes from today's lecture?,47,ham
HAM_SMS_00022,Your payment has been received successfully.,44,ham
HAM_SMS_03443,Please call me when you are free.,33,ham
SPAM_SMS_01110,Your mobile number has won a lottery prize.,43,spam
SPAM_SMS_00634,Final warning! Complete KYC verification now.,45,spam
HAM_SMS_06304,Thank you for your message. I will check and reply soon.,56,ham
HAM_SMS_06162,Can you send me the notes from today's lecture?,47,ham
HAM_SMS_00616,Can you send me the notes from today's lecture?,47,ham
HAM_SMS_00737,Your payment has been received successfully.,44,ham
HAM_SMS_01020,The report is ready for review.,31,ham
HAM_SMS_02272,Reminder: submit your assignment before the deadline.,53,ham
HAM_SMS_04059,Your payment has been received successfully.,44,ham
SPAM_SMS_02079,Exclusive offer only for you. Click here to redeem.,51,spam
HAM_SMS_01444,Your class schedule has been updated for tomorrow.,50,ham
HAM_SMS_00565,Please call me when you are free.,33,ham
HAM_SMS_04227,Reminder: submit your assignment before the deadline.,53,ham
SPAM_SMS_00078,Earn money from home without investment. Join now.,50,spam
HAM_SMS_07313,"Hey, are we meeting today for the project discussion?",53,ham
SPAM_SMS_01677,Exclusive offer only for you. Click here to redeem.,51,spam
HAM_SMS_06314,Your class schedule has been updated for tomorrow.,50,ham
HAM_SMS_04543,I reached home safely.,22,ham
HAM_SMS_03865,Reminder: submit your assignment before the deadline.,53,ham
HAM_SMS_06217,Thank you for your message. I will check and reply soon.,56,ham
HAM_SMS_04566,Please confirm your availability for the session.,49,ham
SPAM_SMS_00744,Recharge offer available. Get double benefits today.,52,spam
HAM_SMS_03289,Can you send me the notes from today's lecture?,47,ham
SPAM_SMS_02069,Exclusive offer only for you. Click here to redeem.,51,spam
HAM_SMS_00388,The meeting has been shifted to 4 PM.,37,ham
HAM_SMS_06131,Can you send me the notes from today's lecture?,47,ham
HAM_SMS_01121,Please confirm your availability for the session.,49,ham
HAM_SMS_04653,I reached home safely.,22,ham
HAM_SMS_05303,I reached home safely.,22,ham
HAM_SMS_00580,The meeting has been shifted to 4 PM.,37,ham
HAM_SMS_05039,Your payment has been received successfully.,44,ham
SPAM_SMS_01695,You are selected for a reward. Send your account details now.,61,spam
HAM_SMS_04078,Can you send me the notes from today's lecture?,47,ham
HAM_SMS_02235,"Hey, are we meeting today for the project discussion?",53,ham
HAM_SMS_05929,Your class schedule has been updated for tomorrow.,50,ham
SPAM_SMS_02430,Congratulations! You have won a cash prize. Click the link to claim now.,72,spam
HAM_SMS_01833,Can you send me the notes from today's lecture?,47,ham
HAM_SMS_00826,Reminder: submit your assignment before the deadline.,53,ham
SPAM_SMS_00906,Congratulations! You have won a cash prize. Click the link to claim now.,72,spam
HAM_SMS_03287,The meeting has been shifted to 4 PM.,37,ham
HAM_SMS_01798,Your order has been delivered successfully.,43,ham
SPAM_SMS_01902,Free entry in a lucky draw. Text WIN to claim your reward.,58,spam
HAM_SMS_06624,Your order has been delivered successfully.,43,ham
SPAM_SMS_02476,Final warning! Complete KYC verification now.,45,spam
HAM_SMS_06685,The report is ready for review.,31,ham
HAM_SMS_00174,Please call me when you are free.,33,ham
HAM_SMS_00479,"Hey, are we meeting today for the project discussion?",53,ham
SPAM_SMS_00376,Free entry in a lucky draw. Text WIN to claim your reward.,58,spam
HAM_SMS_05659,Please find the details shared in the group.,44,ham
HAM_SMS_04401,The interview schedule will be shared soon.,43,ham
HAM_SMS_05376,Your payment has been received successfully.,44,ham
HAM_SMS_02011,Can you send me the notes from today's lecture?,47,ham
HAM_SMS_01669,Your class schedule has been updated for tomorrow.,50,ham
HAM_SMS_07110,The meeting has been shifted to 4 PM.,37,ham
HAM_SMS_03481,Reminder: submit your assignment before the deadline.,53,ham
HAM_SMS_01079,Please confirm your availability for the session.,49,ham
SPAM_SMS_01438,Congratulations! You have won a cash prize. Click the link to claim now.,72,spam
HAM_SMS_02125,Please call me when you are free.,33,ham
HAM_SMS_04300,I reached home safely.,22,ham
HAM_SMS_04272,Your class schedule has been updated for tomorrow.,50,ham
HAM_SMS_03382,Let's discuss the presentation after lunch.,43,ham
HAM_SMS_03581,Your class schedule has been updated for tomorrow.,50,ham
HAM_SMS_02950,Please confirm your availability for the session.,49,ham
SPAM_SMS_01659,Congratulations! You have won a cash prize. Click the link to claim now.,72,spam
SPAM_SMS_01347,Suspicious login detected. Update your password immediately.,60,spam
HAM_SMS_06175,The meeting has been shifted to 4 PM.,37,ham
HAM_SMS_06442,Can you send me the notes from today's lecture?,47,ham
SPAM_SMS_00242,Exclusive offer only for you. Click here to redeem.,51,spam
HAM_SMS_04157,The interview schedule will be shared soon.,43,ham
HAM_SMS_06405,Please confirm your availability for the session.,49,ham
HAM_SMS_01699,Can you send me the notes from today's lecture?,47,ham
HAM_SMS_06340,Can you send me the notes from today's lecture?,47,ham
SPAM_SMS_00598,Earn money from home without investment. Join now.,50,spam
HAM_SMS_02731,"Hey, are we meeting today for the project discussion?",53,ham
HAM_SMS_04934,The report is ready for review.,31,ham
SPAM_SMS_00143,Recharge offer available. Get double benefits today.,52,spam
SPAM_SMS_00033,Your mobile number has won a lottery prize.,43,spam
HAM_SMS_02390,Your order has been delivered successfully.,43,ham
HAM_SMS_06502,Thank you for your message. I will check and reply soon.,56,ham
SPAM_SMS_00713,Your mobile number has won a lottery prize.,43,spam
HAM_SMS_04109,Thank you for your message. I will check and reply soon.,56,ham
HAM_SMS_05589,Can you send me the notes from today's lecture?,47,ham
SPAM_SMS_01269,You won a shopping voucher. Claim it today.,43,spam
HAM_SMS_06877,I reached home safely.,22,ham
HAM_SMS_05241,Reminder: submit your assignment before the deadline.,53,ham
HAM_SMS_07084,Your class schedule has been updated for tomorrow.,50,ham
HAM_SMS_07140,Your order has been delivered successfully.,43,ham
SPAM_SMS_00797,Win money instantly. Register today and claim your bonus.,57,spam
HAM_SMS_04463,The meeting has been shifted to 4 PM.,37,ham
HAM_SMS_04590,Can you send me the notes from today's lecture?,47,ham
SPAM_SMS_01403,Urgent! Your bank account will be blocked. Verify your details immediately.,75,spam
HAM_SMS_07198,The meeting has been shifted to 4 PM.,37,ham
HAM_SMS_05816,Thank you for your message. I will check and reply soon.,56,ham
HAM_SMS_06292,Let's discuss the presentation after lunch.,43,ham
SPAM_SMS_01734,Suspicious login detected. Update your password immediately.,60,spam
HAM_SMS_02951,Please confirm your availability for the session.,49,ham
SPAM_SMS_02277,Recharge offer available. Get double benefits today.,52,spam
HAM_SMS_07417,The meeting has been shifted to 4 PM.,37,ham
HAM_SMS_04522,The meeting has been shifted to 4 PM.,37,ham
HAM_SMS_00276,Thank you for your message. I will check and reply soon.,56,ham
HAM_SMS_06879,Let's discuss the presentation after lunch.,43,ham
HAM_SMS_03702,The interview schedule will be shared soon.,43,ham
HAM_SMS_01820,Can you send me the notes from today's lecture?,47,ham
HAM_SMS_02934,Reminder: submit your assignment before the deadline.,53,ham
HAM_SMS_04754,Please call me when you are free.,33,ham
HAM_SMS_02575,The meeting has been shifted to 4 PM.,37,ham
HAM_SMS_04988,Please call me when you are free.,33,ham
HAM_SMS_06300,Please call me when you are free.,33,ham
SPAM_SMS_02310,Your mobile number has won a lottery prize.,43,spam
HAM_SMS_01135,Please find the details shared in the group.,44,ham
SPAM_SMS_01656,Win money instantly. Register today and claim your bonus.,57,spam
SPAM_SMS_01888,Your mobile number has won a lottery prize.,43,spam
HAM_SMS_04156,The meeting has been shifted to 4 PM.,37,ham
HAM_SMS_07361,"Hey, are we meeting today for the project discussion?",53,ham
HAM_SMS_06901,Reminder: submit your assignment before the deadline.,53,ham
SPAM_SMS_01203,Free entry in a lucky draw. Text WIN to claim your reward.,58,spam
HAM_SMS_06652,Reminder: submit your assignment before the deadline.,53,ham
HAM_SMS_06408,Can you send me the notes from today's lecture?,47,ham
HAM_SMS_05284,I reached home safely.,22,ham
HAM_SMS_01901,The interview schedule will be shared soon.,43,ham
HAM_SMS_07451,The report is ready for review.,31,ham
HAM_SMS_00628,Thank you for your message. I will check and reply soon.,56,ham
HAM_SMS_04149,The meeting has been shifted to 4 PM.,37,ham
HAM_SMS_02917,The interview schedule will be shared soon.,43,ham
HAM_SMS_04773,Reminder: submit your assignment before the deadline.,53,ham
SPAM_SMS_00825,Earn money from home without investment. Join now.,50,spam
HAM_SMS_03393,Your payment has been received successfully.,44,ham
HAM_SMS_00234,Thank you for your message. I will check and reply soon.,56,ham
SPAM_SMS_00018,Final warning! Complete KYC verification now.,45,spam
HAM_SMS_03143,I reached home safely.,22,ham
HAM_SMS_05656,Your payment has been received successfully.,44,ham
HAM_SMS_03281,The report is ready for review.,31,ham
HAM_SMS_07235,Your class schedule has been updated for tomorrow.,50,ham
HAM_SMS_05724,The meeting has been shifted to 4 PM.,37,ham
HAM_SMS_04765,Thank you for your message. I will check and reply soon.,56,ham
SPAM_SMS_02291,Congratulations! You have won a cash prize. Click the link to claim now.,72,spam
HAM_SMS_04459,Thank you for your message. I will check and reply soon.,56,ham
SPAM_SMS_02113,Claim your free gift card now before it expires.,48,spam
HAM_SMS_02780,Your order has been delivered successfully.,43,ham
HAM_SMS_04369,The interview schedule will be shared soon.,43,ham
SPAM_SMS_01646,Your mobile number has won a lottery prize.,43,spam
HAM_SMS_03771,The interview schedule will be shared soon.,43,ham
SPAM_SMS_02137,Your loan is approved. Pay processing fee to receive funds.,59,spam
HAM_SMS_05932,I reached home safely.,22,ham
SPAM_SMS_01709,Your loan is approved. Pay processing fee to receive funds.,59,spam
HAM_SMS_06487,Please confirm your availability for the session.,49,ham
HAM_SMS_05378,Your payment has been received successfully.,44,ham
HAM_SMS_02678,The report is ready for review.,31,ham
HAM_SMS_05320,Thank you for your message. I will check and reply soon.,56,ham
SPAM_SMS_02441,Win money instantly. Register today and claim your bonus.,57,spam
HAM_SMS_07296,Let's discuss the presentation after lunch.,43,ham
HAM_SMS_03692,Let's discuss the presentation after lunch.,43,ham
SPAM_SMS_02072,Win money instantly. Register today and claim your bonus.,57,spam
HAM_SMS_05528,Let's discuss the presentation after lunch.,43,ham
SPAM_SMS_02026,Final warning! Complete KYC verification now.,45,spam
HAM_SMS_00165,The report is ready for review.,31,ham
HAM_SMS_06628,Can you send me the notes from today's lecture?,47,ham
SPAM_SMS_00891,Limited time offer. Get free coupons by clicking this link.,59,spam
HAM_SMS_02472,Thank you for your message. I will check and reply soon.,56,ham
HAM_SMS_01984,Please find the details shared in the group.,44,ham
HAM_SMS_01238,Please call me when you are free.,33,ham
SPAM_SMS_02122,Free entry in a lucky draw. Text WIN to claim your reward.,58,spam
HAM_SMS_01737,Thank you for your message. I will check and reply soon.,56,ham
HAM_SMS_00101,Please call me when you are free.,33,ham
SPAM_SMS_00258,Congratulations! You have won a cash prize. Click the link to claim now.,72,spam
SPAM_SMS_01767,Recharge offer available. Get double benefits today.,52,spam
SPAM_SMS_01534,Recharge offer available. Get double benefits today.,52,spam
HAM_SMS_02781,Your order has been delivered successfully.,43,ham
SPAM_SMS_01490,Free entry in a lucky draw. Text WIN to claim your reward.,58,spam
HAM_SMS_06215,Please find the details shared in the group.,44,ham
HAM_SMS_03955,Your order has been delivered successfully.,43,ham
HAM_SMS_00063,Please confirm your availability for the session.,49,ham
HAM_SMS_05520,Please call me when you are free.,33,ham
SPAM_SMS_00583,Your loan is approved. Pay processing fee to receive funds.,59,spam
HAM_SMS_00997,Your order has been delivered successfully.,43,ham
HAM_SMS_05165,Thank you for your message. I will check and reply soon.,56,ham
HAM_SMS_02088,Thank you for your message. I will check and reply soon.,56,ham
SPAM_SMS_01929,You won a shopping voucher. Claim it today.,43,spam
HAM_SMS_06749,Your payment has been received successfully.,44,ham
HAM_SMS_03260,Thank you for your message. I will check and reply soon.,56,ham
SPAM_SMS_00286,You are selected for a reward. Send your account details now.,61,spam
HAM_SMS_05537,Can you send me the notes from today's lecture?,47,ham
HAM_SMS_00179,Please confirm your availability for the session.,49,ham
HAM_SMS_04119,Your order has been delivered successfully.,43,ham
SPAM_SMS_00442,Win money instantly. Register today and claim your bonus.,57,spam
HAM_SMS_00298,The interview schedule will be shared soon.,43,ham
SPAM_SMS_00422,Final warning! Complete KYC verification now.,45,spam
HAM_SMS_07118,Your order has been delivered successfully.,43,ham
SPAM_SMS_02398,Congratulations! You have won a cash prize. Click the link to claim now.,72,spam
HAM_SMS_05523,The report is ready for review.,31,ham
SPAM_SMS_00620,Win money instantly. Register today and claim your bonus.,57,spam
HAM_SMS_00902,Can you send me the notes from today's lecture?,47,ham
SPAM_SMS_02493,Final warning! Complete KYC verification now.,45,spam
HAM_SMS_06940,Your order has been delivered successfully.,43,ham
HAM_SMS_05512,Reminder: submit your assignment before the deadline.,53,ham
HAM_SMS_02458,The report is ready for review.,31,ham
SPAM_SMS_01078,Free entry in a lucky draw. Text WIN to claim your reward.,58,spam
HAM_SMS_06588,The meeting has been shifted to 4 PM.,37,ham
HAM_SMS_04781,Reminder: submit your assignment before the deadline.,53,ham
SPAM_SMS_00760,Claim your free gift card now before it expires.,48,spam
HAM_SMS_03305,Please find the details shared in the group.,44,ham
SPAM_SMS_00327,Final warning! Complete KYC verification now.,45,spam
HAM_SMS_03444,Please call me when you are free.,33,ham
SPAM_SMS_02154,Recharge offer available. Get double benefits today.,52,spam
HAM_SMS_06279,Can you send me the notes from today's lecture?,47,ham
SPAM_SMS_00527,Exclusive offer only for you. Click here to redeem.,51,spam
HAM_SMS_01188,Your class schedule has been updated for tomorrow.,50,ham
SPAM_SMS_02292,Your mobile number has won a lottery prize.,43,spam
HAM_SMS_03690,I reached home safely.,22,ham
HAM_SMS_03237,The meeting has been shifted to 4 PM.,37,ham
HAM_SMS_01000,Your payment has been received successfully.,44,ham
HAM_SMS_06832,"Hey, are we meeting today for the project discussion?",53,ham
HAM_SMS_02245,Please find the details shared in the group.,44,ham
SPAM_SMS_02095,Congratulations! You have won a cash prize. Click the link to claim now.,72,spam
HAM_SMS_01771,The report is ready for review.,31,ham
SPAM_SMS_01187,You won a shopping voucher. Claim it today.,43,spam
SPAM_SMS_00849,Claim your free gift card now before it expires.,48,spam
HAM_SMS_06507,Please find the details shared in the group.,44,ham
HAM_SMS_05031,"Hey, are we meeting today for the project discussion?",53,ham
HAM_SMS_07050,Please confirm your availability for the session.,49,ham
HAM_SMS_07270,I reached home safely.,22,ham
HAM_SMS_03930,Your class schedule has been updated for tomorrow.,50,ham
SPAM_SMS_00202,Claim your free gift card now before it expires.,48,spam
HAM_SMS_03144,"Hey, are we meeting today for the project discussion?",53,ham
HAM_SMS_06109,Please find the details shared in the group.,44,ham
HAM_SMS_05677,Reminder: submit your assignment before the deadline.,53,ham
HAM_SMS_00053,Let's discuss the presentation after lunch.,43,ham
HAM_SMS_00106,Your class schedule has been updated for tomorrow.,50,ham
SPAM_SMS_00120,Limited time offer. Get free coupons by clicking this link.,59,spam
HAM_SMS_00981,Please confirm your availability for the session.,49,ham
HAM_SMS_03610,Reminder: submit your assignment before the deadline.,53,ham
HAM_SMS_00922,Let's discuss the presentation after lunch.,43,ham
HAM_SMS_05148,Please confirm your availability for the session.,49,ham
SPAM_SMS_02150,Free entry in a lucky draw. Text WIN to claim your reward.,58,spam
HAM_SMS_01080,Your payment has been received successfully.,44,ham
HAM_SMS_01821,Your order has been delivered successfully.,43,ham
HAM_SMS_06735,Please confirm your availability for the session.,49,ham
HAM_SMS_06535,I reached home safely.,22,ham
HAM_SMS_01730,The interview schedule will be shared soon.,43,ham
HAM_SMS_02859,Let's discuss the presentation after lunch.,43,ham
SPAM_SMS_01930,You won a shopping voucher. Claim it today.,43,spam
HAM_SMS_02217,The report is ready for review.,31,ham
SPAM_SMS_02019,Final warning! Complete KYC verification now.,45,spam
HAM_SMS_01956,Your class schedule has been updated for tomorrow.,50,ham
HAM_SMS_02129,Your class schedule has been updated for tomorrow.,50,ham
HAM_SMS_03715,Please confirm your availability for the session.,49,ham
HAM_SMS_06982,Please call me when you are free.,33,ham
HAM_SMS_06874,Your class schedule has been updated for tomorrow.,50,ham
HAM_SMS_04190,"Hey, are we meeting today for the project discussion?",53,ham
SPAM_SMS_00884,Claim your free gift card now before it expires.,48,spam
HAM_SMS_03254,Let's discuss the presentation after lunch.,43,ham
HAM_SMS_04246,Your payment has been received successfully.,44,ham
SPAM_SMS_00410,Recharge offer available. Get double benefits today.,52,spam
HAM_SMS_01354,Let's discuss the presentation after lunch.,43,ham
HAM_SMS_07093,Let's discuss the presentation after lunch.,43,ham
HAM_SMS_07386,The report is ready for review.,31,ham
SPAM_SMS_00808,Exclusive offer only for you. Click here to redeem.,51,spam
HAM_SMS_04593,Please confirm your availability for the session.,49,ham
SPAM_SMS_01387,Win money instantly. Register today and claim your bonus.,57,spam
HAM_SMS_00670,Please find the details shared in the group.,44,ham
HAM_SMS_00699,Can you send me the notes from today's lecture?,47,ham
HAM_SMS_06209,I reached home safely.,22,ham
SPAM_SMS_00274,Recharge offer available. Get double benefits today.,52,spam
HAM_SMS_02540,Thank you for your message. I will check and reply soon.,56,ham
HAM_SMS_01687,"Hey, are we meeting today for the project discussion?",53,ham
HAM_SMS_07402,The report is ready for review.,31,ham
HAM_SMS_06161,Your class schedule has been updated for tomorrow.,50,ham
HAM_SMS_05494,Please call me when you are free.,33,ham
HAM_SMS_00376,Please confirm your availability for the session.,49,ham
SPAM_SMS_01465,Exclusive offer only for you. Click here to redeem.,51,spam
SPAM_SMS_00129,Suspicious login detected. Update your password immediately.,60,spam
SPAM_SMS_01175,Claim your free gift card now before it expires.,48,spam
HAM_SMS_01567,Thank you for your message. I will check and reply soon.,56,ham
SPAM_SMS_01069,Urgent! Your bank account will be blocked. Verify your details immediately.,75,spam
HAM_SMS_06097,Please confirm your availability for the session.,49,ham
HAM_SMS_00162,The report is ready for review.,31,ham
HAM_SMS_02952,"Hey, are we meeting today for the project discussion?",53,ham
HAM_SMS_02708,Your class schedule has been updated for tomorrow.,50,ham
HAM_SMS_02650,Please find the details shared in the group.,44,ham
HAM_SMS_03588,Thank you for your message. I will check and reply soon.,56,ham
SPAM_SMS_01282,You won a shopping voucher. Claim it today.,43,spam
HAM_SMS_07343,Reminder: submit your assignment before the deadline.,53,ham
SPAM_SMS_01402,Urgent! Your bank account will be blocked. Verify your details immediately.,75,spam
HAM_SMS_03498,"Hey, are we meeting today for the project discussion?",53,ham
HAM_SMS_07028,Let's discuss the presentation after lunch.,43,ham
HAM_SMS_02711,I reached home safely.,22,ham
HAM_SMS_05645,Your class schedule has been updated for tomorrow.,50,ham
SPAM_SMS_02482,Final warning! Complete KYC verification now.,45,spam
HAM_SMS_06238,The report is ready for review.,31,ham
SPAM_SMS_01480,Urgent! Your bank account will be blocked. Verify your details immediately.,75,spam
SPAM_SMS_01205,Congratulations! You have won a cash prize. Click the link to claim now.,72,spam
HAM_SMS_04162,Please confirm your availability for the session.,49,ham
HAM_SMS_00281,Please call me when you are free.,33,ham
SPAM_SMS_01816,Your mobile number has won a lottery prize.,43,spam
HAM_SMS_03092,Can you send me the notes from today's lecture?,47,ham
HAM_SMS_05438,The meeting has been shifted to 4 PM.,37,ham
SPAM_SMS_00064,Claim your free gift card now before it expires.,48,spam
HAM_SMS_07308,Your class schedule has been updated for tomorrow.,50,ham
HAM_SMS_00473,Reminder: submit your assignment before the deadline.,53,ham
HAM_SMS_06936,The report is ready for review.,31,ham
HAM_SMS_03784,Your class schedule has been updated for tomorrow.,50,ham
SPAM_SMS_01137,Limited time offer. Get free coupons by clicking this link.,59,spam
HAM_SMS_00511,Please confirm your availability for the session.,49,ham
HAM_SMS_03516,Your order has been delivered successfully.,43,ham
HAM_SMS_01069,Please call me when you are free.,33,ham
SPAM_SMS_01424,You won a shopping voucher. Claim it today.,43,spam
HAM_SMS_06177,Thank you for your message. I will check and reply soon.,56,ham
HAM_SMS_06621,Your order has been delivered successfully.,43,ham
HAM_SMS_06934,Thank you for your message. I will check and reply soon.,56,ham
SPAM_SMS_01770,Recharge offer available. Get double benefits today.,52,spam
HAM_SMS_01535,Reminder: submit your assignment before the deadline.,53,ham
HAM_SMS_04418,Your class schedule has been updated for tomorrow.,50,ham
SPAM_SMS_01696,Recharge offer available. Get double benefits today.,52,spam
HAM_SMS_04014,Let's discuss the presentation after lunch.,43,ham
SPAM_SMS_02028,Congratulations! You have won a cash prize. Click the link to claim now.,72,spam
SPAM_SMS_00406,Congratulations! You have won a cash prize. Click the link to claim now.,72,spam
HAM_SMS_04924,Let's discuss the presentation after lunch.,43,ham
HAM_SMS_05999,"Hey, are we meeting today for the project discussion?",53,ham
HAM_SMS_02451,I reached home safely.,22,ham
SPAM_SMS_00150,Win money instantly. Register today and claim your bonus.,57,spam
HAM_SMS_07201,Your class schedule has been updated for tomorrow.,50,ham
HAM_SMS_06929,"Hey, are we meeting today for the project discussion?",53,ham
HAM_SMS_01782,Your class schedule has been updated for tomorrow.,50,ham
SPAM_SMS_01536,Limited time offer. Get free coupons by clicking this link.,59,spam
SPAM_SMS_02161,Suspicious login detected. Update your password immediately.,60,spam
HAM_SMS_06004,Reminder: submit your assignment before the deadline.,53,ham
SPAM_SMS_00561,Urgent! Your bank account will be blocked. Verify your details immediately.,75,spam
HAM_SMS_03488,Please confirm your availability for the session.,49,ham
HAM_SMS_02469,The report is ready for review.,31,ham
HAM_SMS_02791,The interview schedule will be shared soon.,43,ham
HAM_SMS_02677,The report is ready for review.,31,ham
HAM_SMS_06141,Let's discuss the presentation after lunch.,43,ham
HAM_SMS_00633,Can you send me the notes from today's lecture?,47,ham
SPAM_SMS_00586,Exclusive offer only for you. Click here to redeem.,51,spam
HAM_SMS_03631,Please find the details shared in the group.,44,ham
HAM_SMS_04337,The meeting has been shifted to 4 PM.,37,ham
HAM_SMS_00721,Thank you for your message. I will check and reply soon.,56,ham
SPAM_SMS_02194,Your loan is approved. Pay processing fee to receive funds.,59,spam
HAM_SMS_02891,"Hey, are we meeting today for the project discussion?",53,ham
SPAM_SMS_00226,Free entry in a lucky draw. Text WIN to claim your reward.,58,spam
HAM_SMS_01962,Can you send me the notes from today's lecture?,47,ham
HAM_SMS_05744,The meeting has been shifted to 4 PM.,37,ham
HAM_SMS_01014,Let's discuss the presentation after lunch.,43,ham
SPAM_SMS_02239,Your loan is approved. Pay processing fee to receive funds.,59,spam
HAM_SMS_05277,The interview schedule will be shared soon.,43,ham
SPAM_SMS_02459,Urgent! Your bank account will be blocked. Verify your details immediately.,75,spam
HAM_SMS_02776,Can you send me the notes from today's lecture?,47,ham
HAM_SMS_01305,Can you send me the notes from today's lecture?,47,ham
SPAM_SMS_02270,You are selected for a reward. Send your account details now.,61,spam
HAM_SMS_01023,Your payment has been received successfully.,44,ham
HAM_SMS_03560,Your class schedule has been updated for tomorrow.,50,ham
HAM_SMS_01064,The meeting has been shifted to 4 PM.,37,ham
HAM_SMS_05873,Thank you for your message. I will check and reply soon.,56,ham
SPAM_SMS_01605,Suspicious login detected. Update your password immediately.,60,spam
HAM_SMS_01087,The meeting has been shifted to 4 PM.,37,ham
HAM_SMS_04682,Please call me when you are free.,33,ham
HAM_SMS_03068,Let's discuss the presentation after lunch.,43,ham
HAM_SMS_03252,The report is ready for review.,31,ham
HAM_SMS_05694,Please call me when you are free.,33,ham
HAM_SMS_06746,Can you send me the notes from today's lecture?,47,ham
HAM_SMS_02685,Your order has been delivered successfully.,43,ham
HAM_SMS_04927,Please confirm your availability for the session.,49,ham
HAM_SMS_01647,Your class schedule has been updated for tomorrow.,50,ham
HAM_SMS_07092,Your order has been delivered successfully.,43,ham
HAM_SMS_00566,Reminder: submit your assignment before the deadline.,53,ham
HAM_SMS_01562,Please find the details shared in the group.,44,ham
HAM_SMS_01382,Please confirm your availability for the session.,49,ham
HAM_SMS_01496,Please confirm your availability for the session.,49,ham
HAM_SMS_00801,Reminder: submit your assignment before the deadline.,53,ham
HAM_SMS_03084,"Hey, are we meeting today for the project discussion?",53,ham
SPAM_SMS_00655,You won a shopping voucher. Claim it today.,43,spam
SPAM_SMS_02400,Limited time offer. Get free coupons by clicking this link.,59,spam
SPAM_SMS_02401,You won a shopping voucher. Claim it today.,43,spam
HAM_SMS_03820,Your payment has been received successfully.,44,ham
SPAM_SMS_01014,Exclusive offer only for you. Click here to redeem.,51,spam
HAM_SMS_06216,Thank you for your message. I will check and reply soon.,56,ham
HAM_SMS_06241,Your class schedule has been updated for tomorrow.,50,ham
HAM_SMS_00396,Your payment has been received successfully.,44,ham
HAM_SMS_05246,Please find the details shared in the group.,44,ham
SPAM_SMS_00812,Earn money from home without investment. Join now.,50,spam
HAM_SMS_02528,Your order has been delivered successfully.,43,ham
HAM_SMS_00094,"Hey, are we meeting today for the project discussion?",53,ham
HAM_SMS_03810,Please call me when you are free.,33,ham
HAM_SMS_06391,Your class schedule has been updated for tomorrow.,50,ham
HAM_SMS_02883,I reached home safely.,22,ham
SPAM_SMS_01343,Recharge offer available. Get double benefits today.,52,spam
HAM_SMS_01429,Your class schedule has been updated for tomorrow.,50,ham
HAM_SMS_05624,The meeting has been shifted to 4 PM.,37,ham
HAM_SMS_06455,I reached home safely.,22,ham
HAM_SMS_05764,Your payment has been received successfully.,44,ham
HAM_SMS_05509,The interview schedule will be shared soon.,43,ham
SPAM_SMS_00424,Claim your free gift card now before it expires.,48,spam
HAM_SMS_06042,Please find the details shared in the group.,44,ham
HAM_SMS_01262,The interview schedule will be shared soon.,43,ham
SPAM_SMS_00072,Suspicious login detected. Update your password immediately.,60,spam
HAM_SMS_00534,Can you send me the notes from today's lecture?,47,ham
HAM_SMS_00910,Please confirm your availability for the session.,49,ham
HAM_SMS_07272,Please find the details shared in the group.,44,ham
HAM_SMS_00874,Your order has been delivered successfully.,43,ham
HAM_SMS_05964,Your class schedule has been updated for tomorrow.,50,ham
HAM_SMS_02476,Your order has been delivered successfully.,43,ham
SPAM_SMS_00675,Urgent! Your bank account will be blocked. Verify your details immediately.,75,spam
HAM_SMS_00861,Your order has been delivered successfully.,43,ham
HAM_SMS_00006,Reminder: submit your assignment before the deadline.,53,ham
HAM_SMS_05843,"Hey, are we meeting today for the project discussion?",53,ham
HAM_SMS_05045,Let's discuss the presentation after lunch.,43,ham
HAM_SMS_00860,Please confirm your availability for the session.,49,ham
SPAM_SMS_00084,Final warning! Complete KYC verification now.,45,spam
HAM_SMS_06759,The interview schedule will be shared soon.,43,ham
HAM_SMS_00288,Thank you for your message. I will check and reply soon.,56,ham
HAM_SMS_03795,Let's discuss the presentation after lunch.,43,ham
HAM_SMS_01487,I reached home safely.,22,ham
HAM_SMS_03686,Your order has been delivered successfully.,43,ham
HAM_SMS_02497,Thank you for your message. I will check and reply soon.,56,ham
HAM_SMS_06075,"Hey, are we meeting today for the project discussion?",53,ham
HAM_SMS_01411,Your order has been delivered successfully.,43,ham
HAM_SMS_04770,Thank you for your message. I will check and reply soon.,56,ham
HAM_SMS_05268,Please find the details shared in the group.,44,ham
HAM_SMS_06541,Your order has been delivered successfully.,43,ham
HAM_SMS_02043,Please call me when you are free.,33,ham
SPAM_SMS_01812,You are selected for a reward. Send your account details now.,61,spam
HAM_SMS_05413,Please find the details shared in the group.,44,ham
HAM_SMS_02703,Can you send me the notes from today's lecture?,47,ham
HAM_SMS_06938,The interview schedule will be shared soon.,43,ham
HAM_SMS_00414,Please find the details shared in the group.,44,ham
HAM_SMS_07360,Your payment has been received successfully.,44,ham
SPAM_SMS_00207,Exclusive offer only for you. Click here to redeem.,51,spam
HAM_SMS_04569,Your order has been delivered successfully.,43,ham
HAM_SMS_02292,The interview schedule will be shared soon.,43,ham
HAM_SMS_05580,Thank you for your message. I will check and reply soon.,56,ham
HAM_SMS_01097,Your class schedule has been updated for tomorrow.,50,ham
HAM_SMS_02533,Reminder: submit your assignment before the deadline.,53,ham
HAM_SMS_03756,I reached home safely.,22,ham
HAM_SMS_05581,Your order has been delivered successfully.,43,ham
SPAM_SMS_02027,Congratulations! You have won a cash prize. Click the link to claim now.,72,spam
HAM_SMS_04402,Your order has been delivered successfully.,43,ham
SPAM_SMS_00560,Claim your free gift card now before it expires.,48,spam
HAM_SMS_00988,The meeting has been shifted to 4 PM.,37,ham
HAM_SMS_03799,"Hey, are we meeting today for the project discussion?",53,ham
SPAM_SMS_00183,Free entry in a lucky draw. Text WIN to claim your reward.,58,spam
HAM_SMS_00884,The report is ready for review.,31,ham
SPAM_SMS_01671,Congratulations! You have won a cash prize. Click the link to claim now.,72,spam
HAM_SMS_06059,Please call me when you are free.,33,ham
HAM_SMS_06550,Thank you for your message. I will check and reply soon.,56,ham
HAM_SMS_03029,Your order has been delivered successfully.,43,ham
HAM_SMS_06692,Your payment has been received successfully.,44,ham
HAM_SMS_06437,I reached home safely.,22,ham
HAM_SMS_00488,Your payment has been received successfully.,44,ham
HAM_SMS_06461,The meeting has been shifted to 4 PM.,37,ham
HAM_SMS_04945,Let's discuss the presentation after lunch.,43,ham
SPAM_SMS_00563,Final warning! Complete KYC verification now.,45,spam
HAM_SMS_04338,"Hey, are we meeting today for the project discussion?",53,ham
SPAM_SMS_02386,You won a shopping voucher. Claim it today.,43,spam
SPAM_SMS_02044,Earn money from home without investment. Join now.,50,spam
HAM_SMS_03460,Please call me when you are free.,33,ham
HAM_SMS_03038,Please confirm your availability for the session.,49,ham
HAM_SMS_04869,Can you send me the notes from today's lecture?,47,ham
HAM_SMS_04120,Reminder: submit your assignment before the deadline.,53,ham
HAM_SMS_00454,Your payment has been received successfully.,44,ham
HAM_SMS_06830,The meeting has been shifted to 4 PM.,37,ham
HAM_SMS_07085,Please call me when you are free.,33,ham
SPAM_SMS_01240,Win money instantly. Register today and claim your bonus.,57,spam
HAM_SMS_01824,Your order has been delivered successfully.,43,ham
HAM_SMS_07009,Thank you for your message. I will check and reply soon.,56,ham
HAM_SMS_02960,The report is ready for review.,31,ham
HAM_SMS_01274,The meeting has been shifted to 4 PM.,37,ham
HAM_SMS_02176,I reached home safely.,22,ham
HAM_SMS_01996,Thank you for your message. I will check and reply soon.,56,ham
HAM_SMS_06172,Please call me when you are free.,33,ham
SPAM_SMS_01952,Final warning! Complete KYC verification now.,45,spam
SPAM_SMS_01220,Your loan is approved. Pay processing fee to receive funds.,59,spam
HAM_SMS_01170,Can you send me the notes from today's lecture?,47,ham
SPAM_SMS_00472,Final warning! Complete KYC verification now.,45,spam
HAM_SMS_00400,"Hey, are we meeting today for the project discussion?",53,ham
HAM_SMS_06738,Your class schedule has been updated for tomorrow.,50,ham
HAM_SMS_03130,I reached home safely.,22,ham
SPAM_SMS_00852,Earn money from home without investment. Join now.,50,spam
HAM_SMS_02913,The interview schedule will be shared soon.,43,ham
HAM_SMS_01859,The report is ready for review.,31,ham
HAM_SMS_01785,The meeting has been shifted to 4 PM.,37,ham
HAM_SMS_02294,Can you send me the notes from today's lecture?,47,ham
HAM_SMS_04651,Thank you for your message. I will check and reply soon.,56,ham
HAM_SMS_00180,Your payment has been received successfully.,44,ham
SPAM_SMS_01394,Your loan is approved. Pay processing fee to receive funds.,59,spam
SPAM_SMS_00694,Exclusive offer only for you. Click here to redeem.,51,spam
HAM_SMS_03728,Can you send me the notes from today's lecture?,47,ham
SPAM_SMS_00408,Free entry in a lucky draw. Text WIN to claim your reward.,58,spam
HAM_SMS_00065,Can you send me the notes from today's lecture?,47,ham
HAM_SMS_07056,The meeting has been shifted to 4 PM.,37,ham
HAM_SMS_02143,The interview schedule will be shared soon.,43,ham
SPAM_SMS_00347,Exclusive offer only for you. Click here to redeem.,51,spam
HAM_SMS_04015,Please find the details shared in the group.,44,ham
HAM_SMS_06611,Thank you for your message. I will check and reply soon.,56,ham
SPAM_SMS_01461,Recharge offer available. Get double benefits today.,52,spam
HAM_SMS_07303,Let's discuss the presentation after lunch.,43,ham
HAM_SMS_01256,The meeting has been shifted to 4 PM.,37,ham
HAM_SMS_07371,Thank you for your message. I will check and reply soon.,56,ham
HAM_SMS_01457,Please call me when you are free.,33,ham
HAM_SMS_05838,"Hey, are we meeting today for the project discussion?",53,ham
HAM_SMS_01934,Let's discuss the presentation after lunch.,43,ham
HAM_SMS_03936,Your order has been delivered successfully.,43,ham
HAM_SMS_01117,The report is ready for review.,31,ham
HAM_SMS_02832,Let's discuss the presentation after lunch.,43,ham
HAM_SMS_00095,Your order has been delivered successfully.,43,ham
HAM_SMS_01331,Please find the details shared in the group.,44,ham
HAM_SMS_05159,Let's discuss the presentation after lunch.,43,ham
HAM_SMS_04274,The interview schedule will be shared soon.,43,ham
HAM_SMS_02901,Your class schedule has been updated for tomorrow.,50,ham
SPAM_SMS_01715,Your mobile number has won a lottery prize.,43,spam
HAM_SMS_05828,I reached home safely.,22,ham
HAM_SMS_02148,The interview schedule will be shared soon.,43,ham
HAM_SMS_06160,Please confirm your availability for the session.,49,ham
HAM_SMS_03608,Your class schedule has been updated for tomorrow.,50,ham
SPAM_SMS_01418,Recharge offer available. Get double benefits today.,52,spam
SPAM_SMS_00815,Final warning! Complete KYC verification now.,45,spam
SPAM_SMS_00827,Limited time offer. Get free coupons by clicking this link.,59,spam
HAM_SMS_03248,Your payment has been received successfully.,44,ham
HAM_SMS_03868,Can you send me the notes from today's lecture?,47,ham
HAM_SMS_07391,Please find the details shared in the group.,44,ham
SPAM_SMS_02196,Your loan is approved. Pay processing fee to receive funds.,59,spam
HAM_SMS_04842,Please find the details shared in the group.,44,ham
HAM_SMS_04926,Reminder: submit your assignment before the deadline.,53,ham
HAM_SMS_05053,I reached home safely.,22,ham
SPAM_SMS_01782,Claim your free gift card now before it expires.,48,spam
HAM_SMS_03229,Please find the details shared in the group.,44,ham
HAM_SMS_03116,The interview schedule will be shared soon.,43,ham
SPAM_SMS_02209,Suspicious login detected. Update your password immediately.,60,spam
HAM_SMS_05486,Can you send me the notes from today's lecture?,47,ham
HAM_SMS_03827,I reached home safely.,22,ham
HAM_SMS_06697,Your payment has been received successfully.,44,ham
HAM_SMS_06280,"Hey, are we meeting today for the project discussion?",53,ham
SPAM_SMS_02439,Recharge offer available. Get double benefits today.,52,spam
HAM_SMS_05611,The report is ready for review.,31,ham
SPAM_SMS_02207,Earn money from home without investment. Join now.,50,spam
HAM_SMS_03665,Can you send me the notes from today's lecture?,47,ham
SPAM_SMS_01463,Congratulations! You have won a cash prize. Click the link to claim now.,72,spam
HAM_SMS_05356,Please find the details shared in the group.,44,ham
HAM_SMS_00958,I reached home safely.,22,ham
HAM_SMS_05054,Please find the details shared in the group.,44,ham
HAM_SMS_07460,Please confirm your availability for the session.,49,ham
SPAM_SMS_02175,Final warning! Complete KYC verification now.,45,spam
HAM_SMS_07210,Your order has been delivered successfully.,43,ham
SPAM_SMS_02221,Congratulations! You have won a cash prize. Click the link to claim now.,72,spam
HAM_SMS_02639,The report is ready for review.,31,ham
HAM_SMS_01885,Let's discuss the presentation after lunch.,43,ham
SPAM_SMS_00856,You won a shopping voucher. Claim it today.,43,spam
SPAM_SMS_02267,Urgent! Your bank account will be blocked. Verify your details immediately.,75,spam
HAM_SMS_01697,Your class schedule has been updated for tomorrow.,50,ham
SPAM_SMS_01105,You are selected for a reward. Send your account details now.,61,spam
HAM_SMS_00470,The interview schedule will be shared soon.,43,ham
SPAM_SMS_00728,Your mobile number has won a lottery prize.,43,spam
SPAM_SMS_00456,Earn money from home without investment. Join now.,50,spam
SPAM_SMS_00649,Recharge offer available. Get double benefits today.,52,spam
SPAM_SMS_01197,Free entry in a lucky draw. Text WIN to claim your reward.,58,spam
SPAM_SMS_01797,Congratulations! You have won a cash prize. Click the link to claim now.,72,spam
HAM_SMS_01973,Your payment has been received successfully.,44,ham
SPAM_SMS_02128,Earn money from home without investment. Join now.,50,spam
HAM_SMS_02051,The meeting has been shifted to 4 PM.,37,ham
HAM_SMS_01949,"Hey, are we meeting today for the project discussion?",53,ham
HAM_SMS_06049,The interview schedule will be shared soon.,43,ham
SPAM_SMS_00437,Win money instantly. Register today and claim your bonus.,57,spam
HAM_SMS_04334,Your class schedule has been updated for tomorrow.,50,ham
HAM_SMS_00314,The interview schedule will be shared soon.,43,ham
SPAM_SMS_00180,Exclusive offer only for you. Click here to redeem.,51,spam
SPAM_SMS_01503,Your mobile number has won a lottery prize.,43,spam
HAM_SMS_06544,Please find the details shared in the group.,44,ham
SPAM_SMS_00971,Earn money from home without investment. Join now.,50,spam
HAM_SMS_06013,Your order has been delivered successfully.,43,ham
SPAM_SMS_02307,Earn money from home without investment. Join now.,50,spam
HAM_SMS_04489,"Hey, are we meeting today for the project discussion?",53,ham
HAM_SMS_05083,Your payment has been received successfully.,44,ham
HAM_SMS_06443,Please confirm your availability for the session.,49,ham
HAM_SMS_06992,Your payment has been received successfully.,44,ham
SPAM_SMS_02274,Final warning! Complete KYC verification now.,45,spam
HAM_SMS_03041,"Hey, are we meeting today for the project discussion?",53,ham
HAM_SMS_06848,I reached home safely.,22,ham
SPAM_SMS_01965,Free entry in a lucky draw. Text WIN to claim your reward.,58,spam
HAM_SMS_06079,Your class schedule has been updated for tomorrow.,50,ham
HAM_SMS_04160,Please find the details shared in the group.,44,ham
HAM_SMS_02658,The interview schedule will be shared soon.,43,ham
HAM_SMS_04727,The meeting has been shifted to 4 PM.,37,ham
HAM_SMS_06617,Please find the details shared in the group.,44,ham
HAM_SMS_04656,Thank you for your message. I will check and reply soon.,56,ham
SPAM_SMS_02488,Final warning! Complete KYC verification now.,45,spam
SPAM_SMS_00862,Limited time offer. Get free coupons by clicking this link.,59,spam
HAM_SMS_04623,Please find the details shared in the group.,44,ham
SPAM_SMS_01613,Your loan is approved. Pay processing fee to receive funds.,59,spam
HAM_SMS_05383,Please confirm your availability for the session.,49,ham
HAM_SMS_06828,Please find the details shared in the group.,44,ham
SPAM_SMS_01335,Your loan is approved. Pay processing fee to receive funds.,59,spam
HAM_SMS_03838,Your class schedule has been updated for tomorrow.,50,ham
HAM_SMS_00965,Your class schedule has been updated for tomorrow.,50,ham
HAM_SMS_00947,"Hey, are we meeting today for the project discussion?",53,ham
HAM_SMS_01439,Can you send me the notes from today's lecture?,47,ham
HAM_SMS_05644,Thank you for your message. I will check and reply soon.,56,ham
HAM_SMS_01467,Your class schedule has been updated for tomorrow.,50,ham
HAM_SMS_01630,The interview schedule will be shared soon.,43,ham
HAM_SMS_01090,The interview schedule will be shared soon.,43,ham
SPAM_SMS_01667,Urgent! Your bank account will be blocked. Verify your details immediately.,75,spam
SPAM_SMS_00564,You won a shopping voucher. Claim it today.,43,spam
HAM_SMS_07074,Let's discuss the presentation after lunch.,43,ham
HAM_SMS_04616,Please find the details shared in the group.,44,ham
HAM_SMS_00311,Your payment has been received successfully.,44,ham
SPAM_SMS_00346,Earn money from home without investment. Join now.,50,spam
HAM_SMS_05325,Please confirm your availability for the session.,49,ham
HAM_SMS_04975,Let's discuss the presentation after lunch.,43,ham
HAM_SMS_07220,Please find the details shared in the group.,44,ham
HAM_SMS_05379,The interview schedule will be shared soon.,43,ham
HAM_SMS_00327,Reminder: submit your assignment before the deadline.,53,ham
HAM_SMS_04408,Please call me when you are free.,33,ham
HAM_SMS_06939,Your payment has been received successfully.,44,ham
SPAM_SMS_01984,Exclusive offer only for you. Click here to redeem.,51,spam
HAM_SMS_06664,I reached home safely.,22,ham
HAM_SMS_02718,Thank you for your message. I will check and reply soon.,56,ham
SPAM_SMS_01599,Limited time offer. Get free coupons by clicking this link.,59,spam
HAM_SMS_02090,The interview schedule will be shared soon.,43,ham
HAM_SMS_01258,The report is ready for review.,31,ham
HAM_SMS_04568,Please find the details shared in the group.,44,ham
SPAM_SMS_01615,Win money instantly. Register today and claim your bonus.,57,spam
SPAM_SMS_01796,You won a shopping voucher. Claim it today.,43,spam
HAM_SMS_03737,Thank you for your message. I will check and reply soon.,56,ham
HAM_SMS_02395,Can you send me the notes from today's lecture?,47,ham
HAM_SMS_05603,The report is ready for review.,31,ham
HAM_SMS_00644,Your class schedule has been updated for tomorrow.,50,ham
SPAM_SMS_02147,Limited time offer. Get free coupons by clicking this link.,59,spam
HAM_SMS_05950,Let's discuss the presentation after lunch.,43,ham
HAM_SMS_03062,Can you send me the notes from today's lecture?,47,ham
HAM_SMS_03414,Your order has been delivered successfully.,43,ham
HAM_SMS_07456,Your class schedule has been updated for tomorrow.,50,ham
HAM_SMS_04074,Your order has been delivered successfully.,43,ham
HAM_SMS_05791,Thank you for your message. I will check and reply soon.,56,ham
HAM_SMS_06878,Thank you for your message. I will check and reply soon.,56,ham
HAM_SMS_04638,Can you send me the notes from today's lecture?,47,ham
HAM_SMS_02139,I reached home safely.,22,ham
SPAM_SMS_02341,Earn money from home without investment. Join now.,50,spam
HAM_SMS_06125,Your order has been delivered successfully.,43,ham
HAM_SMS_05227,Your payment has been received successfully.,44,ham
SPAM_SMS_01042,Congratulations! You have won a cash prize. Click the link to claim now.,72,spam
HAM_SMS_04980,Please find the details shared in the group.,44,ham
HAM_SMS_00350,Please find the details shared in the group.,44,ham
SPAM_SMS_01371,Congratulations! You have won a cash prize. Click the link to claim now.,72,spam
HAM_SMS_03019,Your order has been delivered successfully.,43,ham
HAM_SMS_04555,The report is ready for review.,31,ham
HAM_SMS_07330,Please call me when you are free.,33,ham
SPAM_SMS_01676,Final warning! Complete KYC verification now.,45,spam
HAM_SMS_02357,Can you send me the notes from today's lecture?,47,ham
SPAM_SMS_01456,You are selected for a reward. Send your account details now.,61,spam
HAM_SMS_06686,I reached home safely.,22,ham
SPAM_SMS_01505,Urgent! Your bank account will be blocked. Verify your details immediately.,75,spam
HAM_SMS_03908,Your payment has been received successfully.,44,ham
SPAM_SMS_00379,Free entry in a lucky draw. Text WIN to claim your reward.,58,spam
SPAM_SMS_00680,Recharge offer available. Get double benefits today.,52,spam
HAM_SMS_02058,Your order has been delivered successfully.,43,ham
HAM_SMS_01197,The report is ready for review.,31,ham
SPAM_SMS_00676,Urgent! Your bank account will be blocked. Verify your details immediately.,75,spam
HAM_SMS_03782,Please confirm your availability for the session.,49,ham
HAM_SMS_00332,Your order has been delivered successfully.,43,ham
HAM_SMS_00296,Can you send me the notes from today's lecture?,47,ham
HAM_SMS_06582,Please confirm your availability for the session.,49,ham
SPAM_SMS_00597,Congratulations! You have won a cash prize. Click the link to claim now.,72,spam
HAM_SMS_05023,Let's discuss the presentation after lunch.,43,ham
HAM_SMS_06829,The report is ready for review.,31,ham
SPAM_SMS_01629,You are selected for a reward. Send your account details now.,61,spam
HAM_SMS_05980,Can you send me the notes from today's lecture?,47,ham
HAM_SMS_01617,The report is ready for review.,31,ham
HAM_SMS_07062,Please find the details shared in the group.,44,ham
HAM_SMS_03987,Thank you for your message. I will check and reply soon.,56,ham
SPAM_SMS_01710,Earn money from home without investment. Join now.,50,spam
HAM_SMS_04690,The meeting has been shifted to 4 PM.,37,ham
SPAM_SMS_01369,Win money instantly. Register today and claim your bonus.,57,spam
HAM_SMS_06349,The meeting has been shifted to 4 PM.,37,ham
HAM_SMS_00847,Your order has been delivered successfully.,43,ham
HAM_SMS_04600,Please call me when you are free.,33,ham
HAM_SMS_01031,Thank you for your message. I will check and reply soon.,56,ham
SPAM_SMS_00768,Earn money from home without investment. Join now.,50,spam
HAM_SMS_01550,Please find the details shared in the group.,44,ham
HAM_SMS_02963,The interview schedule will be shared soon.,43,ham
HAM_SMS_00896,"Hey, are we meeting today for the project discussion?",53,ham
HAM_SMS_06609,The meeting has been shifted to 4 PM.,37,ham
HAM_SMS_03917,Please call me when you are free.,33,ham
HAM_SMS_05403,The interview schedule will be shared soon.,43,ham
HAM_SMS_05323,Your order has been delivered successfully.,43,ham
SPAM_SMS_02142,Claim your free gift card now before it expires.,48,spam
HAM_SMS_03508,Please confirm your availability for the session.,49,ham
HAM_SMS_06574,Reminder: submit your assignment before the deadline.,53,ham
SPAM_SMS_01887,Earn money from home without investment. Join now.,50,spam
SPAM_SMS_01507,Urgent! Your bank account will be blocked. Verify your details immediately.,75,spam
HAM_SMS_07390,Please find the details shared in the group.,44,ham
HAM_SMS_05872,Please call me when you are free.,33,ham
HAM_SMS_03412,Your order has been delivered successfully.,43,ham
HAM_SMS_01759,The meeting has been shifted to 4 PM.,37,ham
HAM_SMS_00837,Please find the details shared in the group.,44,ham
HAM_SMS_01451,Your payment has been received successfully.,44,ham
SPAM_SMS_02102,Final warning! Complete KYC verification now.,45,spam
SPAM_SMS_00533,Final warning! Complete KYC verification now.,45,spam
HAM_SMS_00476,The meeting has been shifted to 4 PM.,37,ham
HAM_SMS_05757,The report is ready for review.,31,ham
SPAM_SMS_00128,Recharge offer available. Get double benefits today.,52,spam
HAM_SMS_05960,Your payment has been received successfully.,44,ham
HAM_SMS_03541,Please confirm your availability for the session.,49,ham
HAM_SMS_06426,Let's discuss the presentation after lunch.,43,ham
SPAM_SMS_00543,Final warning! Complete KYC verification now.,45,spam
HAM_SMS_03862,"Hey, are we meeting today for the project discussion?",53,ham
HAM_SMS_00250,Please find the details shared in the group.,44,ham
HAM_SMS_02196,The report is ready for review.,31,ham
HAM_SMS_03988,The report is ready for review.,31,ham
SPAM_SMS_00900,Free entry in a lucky draw. Text WIN to claim your reward.,58,spam
HAM_SMS_05832,The interview schedule will be shared soon.,43,ham
HAM_SMS_03570,Please find the details shared in the group.,44,ham
HAM_SMS_03889,Please confirm your availability for the session.,49,ham
HAM_SMS_06989,Please find the details shared in the group.,44,ham
SPAM_SMS_00032,Congratulations! You have won a cash prize. Click the link to claim now.,72,spam
HAM_SMS_06983,Please confirm your availability for the session.,49,ham
HAM_SMS_04510,I reached home safely.,22,ham
HAM_SMS_05471,"Hey, are we meeting today for the project discussion?",53,ham
SPAM_SMS_02287,Congratulations! You have won a cash prize. Click the link to claim now.,72,spam
SPAM_SMS_01672,Earn money from home without investment. Join now.,50,spam
HAM_SMS_01767,Your order has been delivered successfully.,43,ham
SPAM_SMS_01706,You are selected for a reward. Send your account details now.,61,spam
SPAM_SMS_02389,Final warning! Complete KYC verification now.,45,spam
HAM_SMS_06312,Please call me when you are free.,33,ham
HAM_SMS_02688,Please call me when you are free.,33,ham
HAM_SMS_05137,The meeting has been shifted to 4 PM.,37,ham
SPAM_SMS_00882,Suspicious login detected. Update your password immediately.,60,spam
SPAM_SMS_02281,Your loan is approved. Pay processing fee to receive funds.,59,spam
HAM_SMS_03483,The meeting has been shifted to 4 PM.,37,ham
HAM_SMS_04379,Thank you for your message. I will check and reply soon.,56,ham
SPAM_SMS_00965,Claim your free gift card now before it expires.,48,spam
HAM_SMS_01682,Reminder: submit your assignment before the deadline.,53,ham
SPAM_SMS_00599,Earn money from home without investment. Join now.,50,spam
HAM_SMS_03142,The meeting has been shifted to 4 PM.,37,ham
HAM_SMS_06736,The meeting has been shifted to 4 PM.,37,ham
HAM_SMS_03312,Let's discuss the presentation after lunch.,43,ham
SPAM_SMS_01306,Final warning! Complete KYC verification now.,45,spam
HAM_SMS_03591,Thank you for your message. I will check and reply soon.,56,ham
HAM_SMS_04657,The interview schedule will be shared soon.,43,ham
HAM_SMS_06118,Your order has been delivered successfully.,43,ham
SPAM_SMS_02380,Exclusive offer only for you. Click here to redeem.,51,spam
SPAM_SMS_00338,Earn money from home without investment. Join now.,50,spam
HAM_SMS_05129,Please call me when you are free.,33,ham
SPAM_SMS_01933,Congratulations! You have won a cash prize. Click the link to claim now.,72,spam
HAM_SMS_05349,Please find the details shared in the group.,44,ham
HAM_SMS_02492,Please call me when you are free.,33,ham
HAM_SMS_06511,Your class schedule has been updated for tomorrow.,50,ham
HAM_SMS_05975,Can you send me the notes from today's lecture?,47,ham
SPAM_SMS_00023,Claim your free gift card now before it expires.,48,spam
HAM_SMS_05955,Your order has been delivered successfully.,43,ham
HAM_SMS_02878,Your order has been delivered successfully.,43,ham
HAM_SMS_03807,Can you send me the notes from today's lecture?,47,ham
HAM_SMS_00720,Thank you for your message. I will check and reply soon.,56,ham
SPAM_SMS_01868,Congratulations! You have won a cash prize. Click the link to claim now.,72,spam
HAM_SMS_07131,Please call me when you are free.,33,ham
HAM_SMS_05780,The report is ready for review.,31,ham
HAM_SMS_00270,Your class schedule has been updated for tomorrow.,50,ham
HAM_SMS_01280,Thank you for your message. I will check and reply soon.,56,ham
SPAM_SMS_01588,Final warning! Complete KYC verification now.,45,spam
HAM_SMS_03937,Please confirm your availability for the session.,49,ham
HAM_SMS_06973,The interview schedule will be shared soon.,43,ham
HAM_SMS_01522,Please confirm your availability for the session.,49,ham
HAM_SMS_06897,Your payment has been received successfully.,44,ham
HAM_SMS_04042,Thank you for your message. I will check and reply soon.,56,ham
HAM_SMS_04447,Please call me when you are free.,33,ham
HAM_SMS_05600,Please find the details shared in the group.,44,ham
HAM_SMS_06794,Thank you for your message. I will check and reply soon.,56,ham
HAM_SMS_01408,Let's discuss the presentation after lunch.,43,ham
HAM_SMS_04661,Please confirm your availability for the session.,49,ham
HAM_SMS_05146,Please call me when you are free.,33,ham
HAM_SMS_07249,The interview schedule will be shared soon.,43,ham
HAM_SMS_07018,Your order has been delivered successfully.,43,ham
SPAM_SMS_00593,Earn money from home without investment. Join now.,50,spam
HAM_SMS_00178,"Hey, are we meeting today for the project discussion?",53,ham
HAM_SMS_04183,Your payment has been received successfully.,44,ham
HAM_SMS_03943,The meeting has been shifted to 4 PM.,37,ham
HAM_SMS_00448,The interview schedule will be shared soon.,43,ham
HAM_SMS_06957,The interview schedule will be shared soon.,43,ham
HAM_SMS_01494,Let's discuss the presentation after lunch.,43,ham
HAM_SMS_06500,I reached home safely.,22,ham
HAM_SMS_04633,"Hey, are we meeting today for the project discussion?",53,ham
HAM_SMS_01391,I reached home safely.,22,ham
SPAM_SMS_01602,Congratulations! You have won a cash prize. Click the link to claim now.,72,spam
HAM_SMS_00966,The report is ready for review.,31,ham
HAM_SMS_03911,The interview schedule will be shared soon.,43,ham
HAM_SMS_02085,I reached home safely.,22,ham
HAM_SMS_03661,Thank you for your message. I will check and reply soon.,56,ham
HAM_SMS_00367,Please confirm your availability for the session.,49,ham
SPAM_SMS_00735,Win money instantly. Register today and claim your bonus.,57,spam
SPAM_SMS_00290,You won a shopping voucher. Claim it today.,43,spam
HAM_SMS_03658,The report is ready for review.,31,ham
SPAM_SMS_02322,You won a shopping voucher. Claim it today.,43,spam
SPAM_SMS_01925,Your mobile number has won a lottery prize.,43,spam
HAM_SMS_04133,Let's discuss the presentation after lunch.,43,ham
SPAM_SMS_02324,Urgent! Your bank account will be blocked. Verify your details immediately.,75,spam
HAM_SMS_03456,Can you send me the notes from today's lecture?,47,ham
HAM_SMS_06496,Please confirm your availability for the session.,49,ham
SPAM_SMS_01034,Urgent! Your bank account will be blocked. Verify your details immediately.,75,spam
HAM_SMS_06729,I reached home safely.,22,ham
HAM_SMS_03026,The interview schedule will be shared soon.,43,ham
HAM_SMS_05947,The meeting has been shifted to 4 PM.,37,ham
HAM_SMS_00196,Thank you for your message. I will check and reply soon.,56,ham
SPAM_SMS_02333,Free entry in a lucky draw. Text WIN to claim your reward.,58,spam
SPAM_SMS_01620,You won a shopping voucher. Claim it today.,43,spam
HAM_SMS_01266,I reached home safely.,22,ham
HAM_SMS_07112,Reminder: submit your assignment before the deadline.,53,ham
HAM_SMS_04094,Please confirm your availability for the session.,49,ham
HAM_SMS_06306,Reminder: submit your assignment before the deadline.,53,ham
SPAM_SMS_01410,Claim your free gift card now before it expires.,48,spam
HAM_SMS_00692,Your order has been delivered successfully.,43,ham
HAM_SMS_04967,The interview schedule will be shared soon.,43,ham
SPAM_SMS_00748,Urgent! Your bank account will be blocked. Verify your details immediately.,75,spam
SPAM_SMS_00683,Limited time offer. Get free coupons by clicking this link.,59,spam
SPAM_SMS_00474,Claim your free gift card now before it expires.,48,spam
SPAM_SMS_00577,Urgent! Your bank account will be blocked. Verify your details immediately.,75,spam
SPAM_SMS_02121,Suspicious login detected. Update your password immediately.,60,spam
HAM_SMS_01671,Your class schedule has been updated for tomorrow.,50,ham
SPAM_SMS_00059,You are selected for a reward. Send your account details now.,61,spam
HAM_SMS_06354,"Hey, are we meeting today for the project discussion?",53,ham
HAM_SMS_00295,Your payment has been received successfully.,44,ham
SPAM_SMS_02470,Your mobile number has won a lottery prize.,43,spam
SPAM_SMS_01256,Claim your free gift card now before it expires.,48,spam
SPAM_SMS_00322,Exclusive offer only for you. Click here to redeem.,51,spam
HAM_SMS_01094,Thank you for your message. I will check and reply soon.,56,ham
SPAM_SMS_02225,Your mobile number has won a lottery prize.,43,spam
HAM_SMS_05280,Thank you for your message. I will check and reply soon.,56,ham
SPAM_SMS_01155,Suspicious login detected. Update your password immediately.,60,spam
HAM_SMS_06434,Thank you for your message. I will check and reply soon.,56,ham
SPAM_SMS_00998,Final warning! Complete KYC verification now.,45,spam
HAM_SMS_04276,The interview schedule will be shared soon.,43,ham
HAM_SMS_04686,Thank you for your message. I will check and reply soon.,56,ham
SPAM_SMS_00859,Win money instantly. Register today and claim your bonus.,57,spam
SPAM_SMS_01043,Claim your free gift card now before it expires.,48,spam
HAM_SMS_01818,Your class schedule has been updated for tomorrow.,50,ham
SPAM_SMS_01391,Exclusive offer only for you. Click here to redeem.,51,spam
HAM_SMS_05971,I reached home safely.,22,ham
HAM_SMS_02505,"Hey, are we meeting today for the project discussion?",53,ham
SPAM_SMS_00259,Exclusive offer only for you. Click here to redeem.,51,spam
HAM_SMS_06191,Your order has been delivered successfully.,43,ham
HAM_SMS_03076,The report is ready for review.,31,ham
HAM_SMS_00787,Your class schedule has been updated for tomorrow.,50,ham
HAM_SMS_07436,Please call me when you are free.,33,ham
SPAM_SMS_01471,Claim your free gift card now before it expires.,48,spam
SPAM_SMS_01627,Final warning! Complete KYC verification now.,45,spam
HAM_SMS_01171,I reached home safely.,22,ham
SPAM_SMS_00255,Limited time offer. Get free coupons by clicking this link.,59,spam
HAM_SMS_04720,I reached home safely.,22,ham
SPAM_SMS_00434,Congratulations! You have won a cash prize. Click the link to claim now.,72,spam
SPAM_SMS_01229,Claim your free gift card now before it expires.,48,spam
HAM_SMS_07348,"Hey, are we meeting today for the project discussion?",53,ham
HAM_SMS_04347,Please call me when you are free.,33,ham
HAM_SMS_03750,I reached home safely.,22,ham
HAM_SMS_05228,Thank you for your message. I will check and reply soon.,56,ham
HAM_SMS_06635,The report is ready for review.,31,ham
HAM_SMS_06139,Can you send me the notes from today's lecture?,47,ham
HAM_SMS_00252,I reached home safely.,22,ham
HAM_SMS_03763,The meeting has been shifted to 4 PM.,37,ham
HAM_SMS_04172,Please find the details shared in the group.,44,ham
HAM_SMS_03913,Let's discuss the presentation after lunch.,43,ham
HAM_SMS_03932,Please call me when you are free.,33,ham
HAM_SMS_07241,Let's discuss the presentation after lunch.,43,ham
HAM_SMS_07416,The meeting has been shifted to 4 PM.,37,ham
SPAM_SMS_01264,Limited time offer. Get free coupons by clicking this link.,59,spam
HAM_SMS_07011,I reached home safely.,22,ham
HAM_SMS_02322,Your class schedule has been updated for tomorrow.,50,ham
SPAM_SMS_01890,Earn money from home without investment. Join now.,50,spam
HAM_SMS_03800,Your order has been delivered successfully.,43,ham
HAM_SMS_06423,Reminder: submit your assignment before the deadline.,53,ham
HAM_SMS_00352,I reached home safely.,22,ham
HAM_SMS_00817,The interview schedule will be shared soon.,43,ham
HAM_SMS_02306,I reached home safely.,22,ham
HAM_SMS_03821,"Hey, are we meeting today for the project discussion?",53,ham
SPAM_SMS_00288,Suspicious login detected. Update your password immediately.,60,spam
SPAM_SMS_01611,You won a shopping voucher. Claim it today.,43,spam
SPAM_SMS_01119,Suspicious login detected. Update your password immediately.,60,spam
HAM_SMS_04071,The meeting has been shifted to 4 PM.,37,ham
HAM_SMS_07445,Let's discuss the presentation after lunch.,43,ham
SPAM_SMS_00878,Congratulations! You have won a cash prize. Click the link to claim now.,72,spam
HAM_SMS_05187,Please find the details shared in the group.,44,ham
SPAM_SMS_02486,Final warning! Complete KYC verification now.,45,spam
SPAM_SMS_00960,Exclusive offer only for you. Click here to redeem.,51,spam
HAM_SMS_00668,"Hey, are we meeting today for the project discussion?",53,ham
HAM_SMS_05094,Can you send me the notes from today's lecture?,47,ham
HAM_SMS_07165,Your payment has been received successfully.,44,ham
HAM_SMS_07247,Reminder: submit your assignment before the deadline.,53,ham
HAM_SMS_05538,Your class schedule has been updated for tomorrow.,50,ham
HAM_SMS_07075,Please find the details shared in the group.,44,ham
SPAM_SMS_02285,Urgent! Your bank account will be blocked. Verify your details immediately.,75,spam
HAM_SMS_04668,The interview schedule will be shared soon.,43,ham
SPAM_SMS_01799,Claim your free gift card now before it expires.,48,spam
HAM_SMS_07359,Can you send me the notes from today's lecture?,47,ham
HAM_SMS_04088,Please find the details shared in the group.,44,ham
HAM_SMS_05013,Please call me when you are free.,33,ham
HAM_SMS_00449,Can you send me the notes from today's lecture?,47,ham
SPAM_SMS_00337,Urgent! Your bank account will be blocked. Verify your details immediately.,75,spam
HAM_SMS_00875,"Hey, are we meeting today for the project discussion?",53,ham
SPAM_SMS_01750,Earn money from home without investment. Join now.,50,spam
HAM_SMS_02559,Reminder: submit your assignment before the deadline.,53,ham
HAM_SMS_04442,The meeting has been shifted to 4 PM.,37,ham
HAM_SMS_04424,Please find the details shared in the group.,44,ham
HAM_SMS_03168,Your order has been delivered successfully.,43,ham
SPAM_SMS_02376,You are selected for a reward. Send your account details now.,61,spam
HAM_SMS_04992,"Hey, are we meeting today for the project discussion?",53,ham
HAM_SMS_03796,Reminder: submit your assignment before the deadline.,53,ham
HAM_SMS_02034,The interview schedule will be shared soon.,43,ham
HAM_SMS_04577,The interview schedule will be shared soon.,43,ham
HAM_SMS_06058,Your order has been delivered successfully.,43,ham
SPAM_SMS_01875,Final warning! Complete KYC verification now.,45,spam
HAM_SMS_02621,The interview schedule will be shared soon.,43,ham
HAM_SMS_04433,Please find the details shared in the group.,44,ham
HAM_SMS_07207,Please find the details shared in the group.,44,ham
HAM_SMS_04713,The interview schedule will be shared soon.,43,ham
HAM_SMS_00856,"Hey, are we meeting today for the project discussion?",53,ham
HAM_SMS_05977,Your order has been delivered successfully.,43,ham
SPAM_SMS_01692,Claim your free gift card now before it expires.,48,spam
SPAM_SMS_02289,You won a shopping voucher. Claim it today.,43,spam
HAM_SMS_03552,Your order has been delivered successfully.,43,ham
SPAM_SMS_01668,Final warning! Complete KYC verification now.,45,spam
HAM_SMS_05710,Your order has been delivered successfully.,43,ham
HAM_SMS_05395,The meeting has been shifted to 4 PM.,37,ham
HAM_SMS_03830,"Hey, are we meeting today for the project discussion?",53,ham
HAM_SMS_02659,The meeting has been shifted to 4 PM.,37,ham
HAM_SMS_04126,Please find the details shared in the group.,44,ham
HAM_SMS_06154,The interview schedule will be shared soon.,43,ham
SPAM_SMS_00734,Final warning! Complete KYC verification now.,45,spam
HAM_SMS_02828,Thank you for your message. I will check and reply soon.,56,ham
HAM_SMS_04761,Please find the details shared in the group.,44,ham
HAM_SMS_04643,I reached home safely.,22,ham
HAM_SMS_06066,The meeting has been shifted to 4 PM.,37,ham
HAM_SMS_06955,I reached home safely.,22,ham
HAM_SMS_00424,Your payment has been received successfully.,44,ham
HAM_SMS_04906,"Hey, are we meeting today for the project discussion?",53,ham
HAM_SMS_05305,The interview schedule will be shared soon.,43,ham
HAM_SMS_01654,Thank you for your message. I will check and reply soon.,56,ham
HAM_SMS_02048,The report is ready for review.,31,ham
SPAM_SMS_00110,Free entry in a lucky draw. Text WIN to claim your reward.,58,spam
SPAM_SMS_01943,Your loan is approved. Pay processing fee to receive funds.,59,spam
SPAM_SMS_02022,Recharge offer available. Get double benefits today.,52,spam
HAM_SMS_00484,Your class schedule has been updated for tomorrow.,50,ham
HAM_SMS_01434,Please confirm your availability for the session.,49,ham
SPAM_SMS_01003,Suspicious login detected. Update your password immediately.,60,spam
SPAM_SMS_00580,Your mobile number has won a lottery prize.,43,spam
HAM_SMS_04663,Thank you for your message. I will check and reply soon.,56,ham
HAM_SMS_05658,Please call me when you are free.,33,ham
HAM_SMS_02287,Please confirm your availability for the session.,49,ham
SPAM_SMS_00540,Your loan is approved. Pay processing fee to receive funds.,59,spam
HAM_SMS_07301,Please confirm your availability for the session.,49,ham
HAM_SMS_01456,The report is ready for review.,31,ham
HAM_SMS_04318,Please call me when you are free.,33,ham
SPAM_SMS_01743,Suspicious login detected. Update your password immediately.,60,spam
HAM_SMS_03023,Your order has been delivered successfully.,43,ham
HAM_SMS_04831,Please call me when you are free.,33,ham
HAM_SMS_05804,Reminder: submit your assignment before the deadline.,53,ham
HAM_SMS_03991,Your payment has been received successfully.,44,ham
HAM_SMS_01263,I reached home safely.,22,ham
HAM_SMS_01528,I reached home safely.,22,ham
HAM_SMS_02966,The meeting has been shifted to 4 PM.,37,ham
HAM_SMS_07236,I reached home safely.,22,ham
HAM_SMS_03432,"Hey, are we meeting today for the project discussion?",53,ham
HAM_SMS_06812,Your class schedule has been updated for tomorrow.,50,ham
HAM_SMS_03154,Your payment has been received successfully.,44,ham
HAM_SMS_06359,The report is ready for review.,31,ham
SPAM_SMS_00152,Exclusive offer only for you. Click here to redeem.,51,spam
HAM_SMS_03241,"Hey, are we meeting today for the project discussion?",53,ham
SPAM_SMS_02256,You are selected for a reward. Send your account details now.,61,spam
HAM_SMS_03611,Please call me when you are free.,33,ham
HAM_SMS_04846,Please find the details shared in the group.,44,ham
HAM_SMS_04372,The report is ready for review.,31,ham
HAM_SMS_01523,Can you send me the notes from today's lecture?,47,ham
HAM_SMS_06676,Your order has been delivered successfully.,43,ham
HAM_SMS_07440,"Hey, are we meeting today for the project discussion?",53,ham
HAM_SMS_00760,Can you send me the notes from today's lecture?,47,ham
HAM_SMS_05453,Your order has been delivered successfully.,43,ham
SPAM_SMS_01081,Congratulations! You have won a cash prize. Click the link to claim now.,72,spam
HAM_SMS_05821,Thank you for your message. I will check and reply soon.,56,ham
HAM_SMS_05684,Thank you for your message. I will check and reply soon.,56,ham
HAM_SMS_04606,Reminder: submit your assignment before the deadline.,53,ham
HAM_SMS_05608,The meeting has been shifted to 4 PM.,37,ham
HAM_SMS_04268,"Hey, are we meeting today for the project discussion?",53,ham
HAM_SMS_06805,Your payment has been received successfully.,44,ham
HAM_SMS_04899,Please call me when you are free.,33,ham
SPAM_SMS_01722,Claim your free gift card now before it expires.,48,spam
HAM_SMS_00355,I reached home safely.,22,ham
SPAM_SMS_00846,Suspicious login detected. Update your password immediately.,60,spam
HAM_SMS_00862,Please call me when you are free.,33,ham
HAM_SMS_01011,Please confirm your availability for the session.,49,ham
HAM_SMS_06904,Your class schedule has been updated for tomorrow.,50,ham
HAM_SMS_06968,Please confirm your availability for the session.,49,ham
HAM_SMS_02524,Your payment has been received successfully.,44,ham
HAM_SMS_05353,Please find the details shared in the group.,44,ham
HAM_SMS_02594,The report is ready for review.,31,ham
HAM_SMS_05590,Please find the details shared in the group.,44,ham
SPAM_SMS_02275,Congratulations! You have won a cash prize. Click the link to claim now.,72,spam
SPAM_SMS_01053,Congratulations! You have won a cash prize. Click the link to claim now.,72,spam
HAM_SMS_02546,Your payment has been received successfully.,44,ham
HAM_SMS_00076,Please confirm your availability for the session.,49,ham
HAM_SMS_00074,The meeting has been shifted to 4 PM.,37,ham
SPAM_SMS_00121,Win money instantly. Register today and claim your bonus.,57,spam
HAM_SMS_05097,The interview schedule will be shared soon.,43,ham
HAM_SMS_01532,Reminder: submit your assignment before the deadline.,53,ham
SPAM_SMS_01699,Win money instantly. Register today and claim your bonus.,57,spam
HAM_SMS_05524,Can you send me the notes from today's lecture?,47,ham
HAM_SMS_01865,The meeting has been shifted to 4 PM.,37,ham
HAM_SMS_04993,"Hey, are we meeting today for the project discussion?",53,ham
HAM_SMS_04808,Please call me when you are free.,33,ham
HAM_SMS_04582,"Hey, are we meeting today for the project discussion?",53,ham
SPAM_SMS_00471,You are selected for a reward. Send your account details now.,61,spam
SPAM_SMS_01353,Limited time offer. Get free coupons by clicking this link.,59,spam
SPAM_SMS_01982,Final warning! Complete KYC verification now.,45,spam
SPAM_SMS_01392,Suspicious login detected. Update your password immediately.,60,spam
HAM_SMS_06321,Please confirm your availability for the session.,49,ham
HAM_SMS_01977,Your payment has been received successfully.,44,ham
HAM_SMS_02721,I reached home safely.,22,ham
HAM_SMS_02265,The meeting has been shifted to 4 PM.,37,ham
HAM_SMS_04913,"Hey, are we meeting today for the project discussion?",53,ham
HAM_SMS_03878,Please find the details shared in the group.,44,ham
HAM_SMS_00520,Please confirm your availability for the session.,49,ham
HAM_SMS_06282,"Hey, are we meeting today for the project discussion?",53,ham
HAM_SMS_03006,Your class schedule has been updated for tomorrow.,50,ham
HAM_SMS_05640,Please confirm your availability for the session.,49,ham
SPAM_SMS_01473,Recharge offer available. Get double benefits today.,52,spam
HAM_SMS_04217,Let's discuss the presentation after lunch.,43,ham
HAM_SMS_02573,Let's discuss the presentation after lunch.,43,ham
HAM_SMS_02631,Your order has been delivered successfully.,43,ham
HAM_SMS_05330,Your class schedule has been updated for tomorrow.,50,ham
HAM_SMS_05069,"Hey, are we meeting today for the project discussion?",53,ham
HAM_SMS_05756,Thank you for your message. I will check and reply soon.,56,ham
HAM_SMS_06956,I reached home safely.,22,ham
SPAM_SMS_00477,You won a shopping voucher. Claim it today.,43,spam
HAM_SMS_01148,The interview schedule will be shared soon.,43,ham
HAM_SMS_01335,Please confirm your availability for the session.,49,ham
SPAM_SMS_00911,Congratulations! You have won a cash prize. Click the link to claim now.,72,spam
HAM_SMS_02549,Your payment has been received successfully.,44,ham
HAM_SMS_00717,The interview schedule will be shared soon.,43,ham
HAM_SMS_03109,The report is ready for review.,31,ham
HAM_SMS_03005,The meeting has been shifted to 4 PM.,37,ham
HAM_SMS_02811,Your class schedule has been updated for tomorrow.,50,ham
HAM_SMS_00774,"Hey, are we meeting today for the project discussion?",53,ham
HAM_SMS_01493,The report is ready for review.,31,ham
HAM_SMS_00734,"Hey, are we meeting today for the project discussion?",53,ham
HAM_SMS_02673,Your class schedule has been updated for tomorrow.,50,ham
HAM_SMS_06590,Reminder: submit your assignment before the deadline.,53,ham
HAM_SMS_03577,I reached home safely.,22,ham
HAM_SMS_03153,The report is ready for review.,31,ham
HAM_SMS_03924,The interview schedule will be shared soon.,43,ham
HAM_SMS_05304,I reached home safely.,22,ham
HAM_SMS_07213,Reminder: submit your assignment before the deadline.,53,ham
SPAM_SMS_01289,Urgent! Your bank account will be blocked. Verify your details immediately.,75,spam
HAM_SMS_02415,Please confirm your availability for the session.,49,ham
HAM_SMS_01838,Please find the details shared in the group.,44,ham
HAM_SMS_02853,The interview schedule will be shared soon.,43,ham
SPAM_SMS_00685,Exclusive offer only for you. Click here to redeem.,51,spam
SPAM_SMS_01795,You won a shopping voucher. Claim it today.,43,spam
HAM_SMS_02697,Please find the details shared in the group.,44,ham
HAM_SMS_06135,"Hey, are we meeting today for the project discussion?",53,ham
SPAM_SMS_02264,Free entry in a lucky draw. Text WIN to claim your reward.,58,spam
SPAM_SMS_01104,Claim your free gift card now before it expires.,48,spam
HAM_SMS_01513,I reached home safely.,22,ham
HAM_SMS_00019,Your class schedule has been updated for tomorrow.,50,ham
HAM_SMS_03408,The report is ready for review.,31,ham
HAM_SMS_01542,"Hey, are we meeting today for the project discussion?",53,ham
HAM_SMS_01228,Please confirm your availability for the session.,49,ham
HAM_SMS_03895,I reached home safely.,22,ham
HAM_SMS_00186,The meeting has been shifted to 4 PM.,37,ham
HAM_SMS_07106,Please confirm your availability for the session.,49,ham
SPAM_SMS_00611,Recharge offer available. Get double benefits today.,52,spam
HAM_SMS_00229,Your order has been delivered successfully.,43,ham
SPAM_SMS_01836,You are selected for a reward. Send your account details now.,61,spam
HAM_SMS_02912,Your class schedule has been updated for tomorrow.,50,ham
SPAM_SMS_00904,You are selected for a reward. Send your account details now.,61,spam
SPAM_SMS_01840,You are selected for a reward. Send your account details now.,61,spam
SPAM_SMS_00989,Final warning! Complete KYC verification now.,45,spam
HAM_SMS_05312,I reached home safely.,22,ham
HAM_SMS_01316,Can you send me the notes from today's lecture?,47,ham
SPAM_SMS_01114,You are selected for a reward. Send your account details now.,61,spam
HAM_SMS_03497,Thank you for your message. I will check and reply soon.,56,ham
HAM_SMS_01994,The report is ready for review.,31,ham
HAM_SMS_04055,Let's discuss the presentation after lunch.,43,ham
SPAM_SMS_02408,Your mobile number has won a lottery prize.,43,spam
SPAM_SMS_02093,Exclusive offer only for you. Click here to redeem.,51,spam
HAM_SMS_03335,Please confirm your availability for the session.,49,ham
HAM_SMS_04116,I reached home safely.,22,ham
HAM_SMS_07162,Your order has been delivered successfully.,43,ham
HAM_SMS_00319,Please confirm your availability for the session.,49,ham
HAM_SMS_05631,Can you send me the notes from today's lecture?,47,ham
SPAM_SMS_01206,You are selected for a reward. Send your account details now.,61,spam
HAM_SMS_00585,The meeting has been shifted to 4 PM.,37,ham
HAM_SMS_06016,I reached home safely.,22,ham
HAM_SMS_07260,Your order has been delivered successfully.,43,ham
HAM_SMS_01843,Reminder: submit your assignment before the deadline.,53,ham
HAM_SMS_07285,Please call me when you are free.,33,ham
HAM_SMS_00154,"Hey, are we meeting today for the project discussion?",53,ham
HAM_SMS_06821,Your order has been delivered successfully.,43,ham
HAM_SMS_00913,Your class schedule has been updated for tomorrow.,50,ham
SPAM_SMS_00866,Free entry in a lucky draw. Text WIN to claim your reward.,58,spam
HAM_SMS_03539,Please confirm your availability for the session.,49,ham
HAM_SMS_01225,I reached home safely.,22,ham
SPAM_SMS_00159,Recharge offer available. Get double benefits today.,52,spam
SPAM_SMS_00844,Exclusive offer only for you. Click here to redeem.,51,spam
SPAM_SMS_00990,You won a shopping voucher. Claim it today.,43,spam
HAM_SMS_03171,Thank you for your message. I will check and reply soon.,56,ham
HAM_SMS_00087,Your order has been delivered successfully.,43,ham
HAM_SMS_06233,Reminder: submit your assignment before the deadline.,53,ham
HAM_SMS_04982,Please call me when you are free.,33,ham
SPAM_SMS_02419,Your mobile number has won a lottery prize.,43,spam
HAM_SMS_05609,Your order has been delivered successfully.,43,ham
HAM_SMS_02363,Thank you for your message. I will check and reply soon.,56,ham
HAM_SMS_05085,I reached home safely.,22,ham
HAM_SMS_05391,Please find the details shared in the group.,44,ham
HAM_SMS_02291,Can you send me the notes from today's lecture?,47,ham
HAM_SMS_00722,The report is ready for review.,31,ham
HAM_SMS_05737,Let's discuss the presentation after lunch.,43,ham
HAM_SMS_02113,Reminder: submit your assignment before the deadline.,53,ham
HAM_SMS_07202,Let's discuss the presentation after lunch.,43,ham
HAM_SMS_02443,Please confirm your availability for the session.,49,ham
HAM_SMS_05500,Let's discuss the presentation after lunch.,43,ham
HAM_SMS_04065,Can you send me the notes from today's lecture?,47,ham
HAM_SMS_05282,Your class schedule has been updated for tomorrow.,50,ham
HAM_SMS_06055,"Hey, are we meeting today for the project discussion?",53,ham
HAM_SMS_01506,Please call me when you are free.,33,ham
HAM_SMS_06011,The interview schedule will be shared soon.,43,ham
HAM_SMS_00969,The meeting has been shifted to 4 PM.,37,ham
HAM_SMS_02386,Your payment has been received successfully.,44,ham
HAM_SMS_01914,Your payment has been received successfully.,44,ham
HAM_SMS_03813,Please confirm your availability for the session.,49,ham
HAM_SMS_02955,Can you send me the notes from today's lecture?,47,ham
HAM_SMS_05825,The interview schedule will be shared soon.,43,ham
SPAM_SMS_00942,Exclusive offer only for you. Click here to redeem.,51,spam
HAM_SMS_07441,Reminder: submit your assignment before the deadline.,53,ham
SPAM_SMS_01858,Suspicious login detected. Update your password immediately.,60,spam
HAM_SMS_00306,Let's discuss the presentation after lunch.,43,ham
HAM_SMS_01941,Thank you for your message. I will check and reply soon.,56,ham
HAM_SMS_00513,Your payment has been received successfully.,44,ham
HAM_SMS_04179,Thank you for your message. I will check and reply soon.,56,ham
HAM_SMS_02094,Your order has been delivered successfully.,43,ham
HAM_SMS_02835,Your payment has been received successfully.,44,ham
HAM_SMS_05428,The interview schedule will be shared soon.,43,ham
HAM_SMS_00632,The report is ready for review.,31,ham
HAM_SMS_03979,I reached home safely.,22,ham
SPAM_SMS_01433,Recharge offer available. Get double benefits today.,52,spam
HAM_SMS_04948,The report is ready for review.,31,ham
HAM_SMS_02841,The meeting has been shifted to 4 PM.,37,ham
HAM_SMS_00594,"Hey, are we meeting today for the project discussion?",53,ham
HAM_SMS_05927,The interview schedule will be shared soon.,43,ham
HAM_SMS_06819,The interview schedule will be shared soon.,43,ham
HAM_SMS_02924,The meeting has been shifted to 4 PM.,37,ham
SPAM_SMS_00116,Your mobile number has won a lottery prize.,43,spam
HAM_SMS_06599,Please call me when you are free.,33,ham
HAM_SMS_04796,Thank you for your message. I will check and reply soon.,56,ham
SPAM_SMS_01478,You are selected for a reward. Send your account details now.,61,spam
HAM_SMS_00789,Your class schedule has been updated for tomorrow.,50,ham
HAM_SMS_05050,Reminder: submit your assignment before the deadline.,53,ham
HAM_SMS_05827,Please call me when you are free.,33,ham
HAM_SMS_02407,I reached home safely.,22,ham
HAM_SMS_05424,I reached home safely.,22,ham
SPAM_SMS_01574,Recharge offer available. Get double benefits today.,52,spam
HAM_SMS_01157,I reached home safely.,22,ham
HAM_SMS_03042,Your class schedule has been updated for tomorrow.,50,ham
HAM_SMS_05068,The meeting has been shifted to 4 PM.,37,ham
HAM_SMS_02998,The report is ready for review.,31,ham
HAM_SMS_03743,I reached home safely.,22,ham
HAM_SMS_04731,I reached home safely.,22,ham
SPAM_SMS_02352,Claim your free gift card now before it expires.,48,spam
HAM_SMS_05071,The report is ready for review.,31,ham
HAM_SMS_04514,The report is ready for review.,31,ham
HAM_SMS_04013,Can you send me the notes from today's lecture?,47,ham
SPAM_SMS_00323,Suspicious login detected. Update your password immediately.,60,spam
HAM_SMS_02209,Your order has been delivered successfully.,43,ham
SPAM_SMS_01648,Urgent! Your bank account will be blocked. Verify your details immediately.,75,spam
HAM_SMS_06466,Please call me when you are free.,33,ham
HAM_SMS_02314,Please find the details shared in the group.,44,ham
HAM_SMS_02807,Can you send me the notes from today's lecture?,47,ham
SPAM_SMS_02388,You won a shopping voucher. Claim it today.,43,spam
HAM_SMS_05490,The meeting has been shifted to 4 PM.,37,ham
HAM_SMS_06022,"Hey, are we meeting today for the project discussion?",53,ham
SPAM_SMS_00590,Exclusive offer only for you. Click here to redeem.,51,spam
HAM_SMS_06397,The interview schedule will be shared soon.,43,ham
HAM_SMS_07181,Reminder: submit your assignment before the deadline.,53,ham
HAM_SMS_00716,Reminder: submit your assignment before the deadline.,53,ham
SPAM_SMS_01502,Urgent! Your bank account will be blocked. Verify your details immediately.,75,spam
SPAM_SMS_00118,Final warning! Complete KYC verification now.,45,spam
SPAM_SMS_00832,You are selected for a reward. Send your account details now.,61,spam
SPAM_SMS_00853,Exclusive offer only for you. Click here to redeem.,51,spam
SPAM_SMS_02451,Your loan is approved. Pay processing fee to receive funds.,59,spam
HAM_SMS_01083,Thank you for your message. I will check and reply soon.,56,ham
SPAM_SMS_01095,Final warning! Complete KYC verification now.,45,spam
HAM_SMS_05663,Please call me when you are free.,33,ham
HAM_SMS_01320,Can you send me the notes from today's lecture?,47,ham
HAM_SMS_07463,Your class schedule has been updated for tomorrow.,50,ham
HAM_SMS_03087,Please find the details shared in the group.,44,ham
HAM_SMS_06126,Your class schedule has been updated for tomorrow.,50,ham
HAM_SMS_01448,Your class schedule has been updated for tomorrow.,50,ham
HAM_SMS_03688,Let's discuss the presentation after lunch.,43,ham
HAM_SMS_05456,Your payment has been received successfully.,44,ham
HAM_SMS_01414,Can you send me the notes from today's lecture?,47,ham
SPAM_SMS_01784,Recharge offer available. Get double benefits today.,52,spam
HAM_SMS_05077,Please call me when you are free.,33,ham
HAM_SMS_01915,The interview schedule will be shared soon.,43,ham
SPAM_SMS_01439,Your mobile number has won a lottery prize.,43,spam
HAM_SMS_01033,I reached home safely.,22,ham
HAM_SMS_07355,I reached home safely.,22,ham
SPAM_SMS_01000,Earn money from home without investment. Join now.,50,spam
HAM_SMS_01921,The meeting has been shifted to 4 PM.,37,ham
SPAM_SMS_01196,Final warning! Complete KYC verification now.,45,spam
HAM_SMS_00790,I reached home safely.,22,ham
HAM_SMS_02654,Let's discuss the presentation after lunch.,43,ham
HAM_SMS_01377,Your payment has been received successfully.,44,ham
HAM_SMS_02694,The meeting has been shifted to 4 PM.,37,ham
HAM_SMS_03406,I reached home safely.,22,ham
HAM_SMS_06818,The meeting has been shifted to 4 PM.,37,ham
SPAM_SMS_01192,Win money instantly. Register today and claim your bonus.,57,spam
HAM_SMS_06919,Please confirm your availability for the session.,49,ham
HAM_SMS_04481,The meeting has been shifted to 4 PM.,37,ham
SPAM_SMS_01320,Your mobile number has won a lottery prize.,43,spam
HAM_SMS_04853,"Hey, are we meeting today for the project discussion?",53,ham
HAM_SMS_07143,Please find the details shared in the group.,44,ham
HAM_SMS_06869,Your order has been delivered successfully.,43,ham
HAM_SMS_05464,Your order has been delivered successfully.,43,ham
HAM_SMS_00447,Thank you for your message. I will check and reply soon.,56,ham
SPAM_SMS_01198,Claim your free gift card now before it expires.,48,spam
SPAM_SMS_00017,Earn money from home without investment. Join now.,50,spam
HAM_SMS_05135,Your class schedule has been updated for tomorrow.,50,ham
SPAM_SMS_02453,Your loan is approved. Pay processing fee to receive funds.,59,spam
HAM_SMS_06835,Reminder: submit your assignment before the deadline.,53,ham
HAM_SMS_02282,Your order has been delivered successfully.,43,ham
HAM_SMS_04527,Your order has been delivered successfully.,43,ham
HAM_SMS_00972,Please call me when you are free.,33,ham
SPAM_SMS_00608,You won a shopping voucher. Claim it today.,43,spam
HAM_SMS_05721,Please call me when you are free.,33,ham
HAM_SMS_04814,Let's discuss the presentation after lunch.,43,ham
HAM_SMS_04794,Let's discuss the presentation after lunch.,43,ham
HAM_SMS_04712,The report is ready for review.,31,ham
HAM_SMS_03463,Let's discuss the presentation after lunch.,43,ham
HAM_SMS_06093,Thank you for your message. I will check and reply soon.,56,ham
HAM_SMS_02119,The report is ready for review.,31,ham
SPAM_SMS_01167,Earn money from home without investment. Join now.,50,spam
HAM_SMS_07459,Please call me when you are free.,33,ham
SPAM_SMS_00319,You are selected for a reward. Send your account details now.,61,spam
HAM_SMS_01873,Can you send me the notes from today's lecture?,47,ham
HAM_SMS_00867,Your class schedule has been updated for tomorrow.,50,ham
HAM_SMS_03188,The report is ready for review.,31,ham
HAM_SMS_05299,Let's discuss the presentation after lunch.,43,ham
HAM_SMS_04680,Your class schedule has been updated for tomorrow.,50,ham
SPAM_SMS_02442,Your loan is approved. Pay processing fee to receive funds.,59,spam
SPAM_SMS_01223,Free entry in a lucky draw. Text WIN to claim your reward.,58,spam
SPAM_SMS_02354,Win money instantly. Register today and claim your bonus.,57,spam
HAM_SMS_05156,I reached home safely.,22,ham
HAM_SMS_03479,Your class schedule has been updated for tomorrow.,50,ham
HAM_SMS_02188,Please find the details shared in the group.,44,ham
HAM_SMS_04830,I reached home safely.,22,ham
HAM_SMS_02814,The report is ready for review.,31,ham
SPAM_SMS_00197,Final warning! Complete KYC verification now.,45,spam
SPAM_SMS_00731,Final warning! Complete KYC verification now.,45,spam
HAM_SMS_00993,Your order has been delivered successfully.,43,ham
SPAM_SMS_01111,Your mobile number has won a lottery prize.,43,spam
HAM_SMS_06757,I reached home safely.,22,ham
HAM_SMS_03651,Please find the details shared in the group.,44,ham
HAM_SMS_04715,The interview schedule will be shared soon.,43,ham
HAM_SMS_03064,The interview schedule will be shared soon.,43,ham
SPAM_SMS_01631,Your mobile number has won a lottery prize.,43,spam
HAM_SMS_00233,Your payment has been received successfully.,44,ham
HAM_SMS_02551,Your payment has been received successfully.,44,ham
SPAM_SMS_00619,Your loan is approved. Pay processing fee to receive funds.,59,spam
HAM_SMS_02993,Please confirm your availability for the session.,49,ham
HAM_SMS_06467,The meeting has been shifted to 4 PM.,37,ham
HAM_SMS_00915,"Hey, are we meeting today for the project discussion?",53,ham
SPAM_SMS_00569,Earn money from home without investment. Join now.,50,spam
HAM_SMS_04730,"Hey, are we meeting today for the project discussion?",53,ham
HAM_SMS_00395,Reminder: submit your assignment before the deadline.,53,ham
SPAM_SMS_00889,Congratulations! You have won a cash prize. Click the link to claim now.,72,spam
SPAM_SMS_01087,Suspicious login detected. Update your password immediately.,60,spam
HAM_SMS_01343,The report is ready for review.,31,ham
HAM_SMS_06566,The interview schedule will be shared soon.,43,ham
HAM_SMS_00814,The report is ready for review.,31,ham
HAM_SMS_07382,Please call me when you are free.,33,ham
HAM_SMS_06289,Please call me when you are free.,33,ham
SPAM_SMS_01314,Your loan is approved. Pay processing fee to receive funds.,59,spam
HAM_SMS_04033,Your class schedule has been updated for tomorrow.,50,ham
HAM_SMS_04547,Your order has been delivered successfully.,43,ham
HAM_SMS_03633,Please confirm your availability for the session.,49,ham
SPAM_SMS_02180,You won a shopping voucher. Claim it today.,43,spam
HAM_SMS_01564,"Hey, are we meeting today for the project discussion?",53,ham
HAM_SMS_02910,I reached home safely.,22,ham
HAM_SMS_02856,Please find the details shared in the group.,44,ham
SPAM_SMS_00206,Claim your free gift card now before it expires.,48,spam
HAM_SMS_03061,I reached home safely.,22,ham
HAM_SMS_00150,The meeting has been shifted to 4 PM.,37,ham
HAM_SMS_06002,Thank you for your message. I will check and reply soon.,56,ham
HAM_SMS_04390,Reminder: submit your assignment before the deadline.,53,ham
SPAM_SMS_00380,Earn money from home without investment. Join now.,50,spam
HAM_SMS_06194,Your order has been delivered successfully.,43,ham
HAM_SMS_03920,Thank you for your message. I will check and reply soon.,56,ham
HAM_SMS_01287,"Hey, are we meeting today for the project discussion?",53,ham
HAM_SMS_07153,Thank you for your message. I will check and reply soon.,56,ham
SPAM_SMS_01649,Limited time offer. Get free coupons by clicking this link.,59,spam
HAM_SMS_02630,Please confirm your availability for the session.,49,ham
HAM_SMS_04734,Please find the details shared in the group.,44,ham
HAM_SMS_00961,Let's discuss the presentation after lunch.,43,ham
HAM_SMS_05785,Your order has been delivered successfully.,43,ham
SPAM_SMS_01191,Claim your free gift card now before it expires.,48,spam
HAM_SMS_05359,Let's discuss the presentation after lunch.,43,ham
HAM_SMS_07266,Can you send me the notes from today's lecture?,47,ham
HAM_SMS_06647,The meeting has been shifted to 4 PM.,37,ham
HAM_SMS_02954,Please confirm your availability for the session.,49,ham
HAM_SMS_03912,The meeting has been shifted to 4 PM.,37,ham
HAM_SMS_04957,The interview schedule will be shared soon.,43,ham
SPAM_SMS_01092,Urgent! Your bank account will be blocked. Verify your details immediately.,75,spam
HAM_SMS_04187,Can you send me the notes from today's lecture?,47,ham
HAM_SMS_05891,I reached home safely.,22,ham
HAM_SMS_01047,"Hey, are we meeting today for the project discussion?",53,ham
HAM_SMS_01009,Your class schedule has been updated for tomorrow.,50,ham
HAM_SMS_03637,The report is ready for review.,31,ham
HAM_SMS_06595,Please find the details shared in the group.,44,ham
HAM_SMS_01786,Thank you for your message. I will check and reply soon.,56,ham
HAM_SMS_05727,I reached home safely.,22,ham
HAM_SMS_02392,Please confirm your availability for the session.,49,ham
HAM_SMS_02165,Please find the details shared in the group.,44,ham
HAM_SMS_05059,"Hey, are we meeting today for the project discussion?",53,ham
HAM_SMS_07217,The report is ready for review.,31,ham
SPAM_SMS_01101,Your mobile number has won a lottery prize.,43,spam
HAM_SMS_02067,Please confirm your availability for the session.,49,ham
SPAM_SMS_00644,Limited time offer. Get free coupons by clicking this link.,59,spam
HAM_SMS_00356,"Hey, are we meeting today for the project discussion?",53,ham
HAM_SMS_00379,The meeting has been shifted to 4 PM.,37,ham
SPAM_SMS_01466,Final warning! Complete KYC verification now.,45,spam
HAM_SMS_03866,Your class schedule has been updated for tomorrow.,50,ham
SPAM_SMS_00297,Suspicious login detected. Update your password immediately.,60,spam
SPAM_SMS_01451,Exclusive offer only for you. Click here to redeem.,51,spam
HAM_SMS_06560,Please call me when you are free.,33,ham
HAM_SMS_03731,Your order has been delivered successfully.,43,ham
HAM_SMS_04480,Please call me when you are free.,33,ham
HAM_SMS_04844,Reminder: submit your assignment before the deadline.,53,ham
SPAM_SMS_02056,Claim your free gift card now before it expires.,48,spam
HAM_SMS_02312,Can you send me the notes from today's lecture?,47,ham
HAM_SMS_06795,Your class schedule has been updated for tomorrow.,50,ham
HAM_SMS_02091,Your class schedule has been updated for tomorrow.,50,ham
HAM_SMS_00257,Please find the details shared in the group.,44,ham
HAM_SMS_04407,Please call me when you are free.,33,ham
HAM_SMS_00576,Please confirm your availability for the session.,49,ham
HAM_SMS_05264,The report is ready for review.,31,ham
SPAM_SMS_00819,Exclusive offer only for you. Click here to redeem.,51,spam
HAM_SMS_02329,Your payment has been received successfully.,44,ham
SPAM_SMS_02263,Congratulations! You have won a cash prize. Click the link to claim now.,72,spam
HAM_SMS_00569,Your order has been delivered successfully.,43,ham
HAM_SMS_04155,Your payment has been received successfully.,44,ham
HAM_SMS_06104,The meeting has been shifted to 4 PM.,37,ham
SPAM_SMS_01029,You won a shopping voucher. Claim it today.,43,spam
HAM_SMS_03220,Let's discuss the presentation after lunch.,43,ham
HAM_SMS_04829,The interview schedule will be shared soon.,43,ham
SPAM_SMS_00503,Your mobile number has won a lottery prize.,43,spam
HAM_SMS_05138,Thank you for your message. I will check and reply soon.,56,ham
SPAM_SMS_00699,Your mobile number has won a lottery prize.,43,spam
HAM_SMS_05771,Please find the details shared in the group.,44,ham
HAM_SMS_02667,Please find the details shared in the group.,44,ham
HAM_SMS_07047,Can you send me the notes from today's lecture?,47,ham
HAM_SMS_04278,Thank you for your message. I will check and reply soon.,56,ham
SPAM_SMS_01116,Earn money from home without investment. Join now.,50,spam
SPAM_SMS_00080,Limited time offer. Get free coupons by clicking this link.,59,spam
HAM_SMS_04788,The meeting has been shifted to 4 PM.,37,ham
HAM_SMS_00611,Please find the details shared in the group.,44,ham
HAM_SMS_05810,Please confirm your availability for the session.,49,ham
SPAM_SMS_00191,Congratulations! You have won a cash prize. Click the link to claim now.,72,spam
SPAM_SMS_00939,Claim your free gift card now before it expires.,48,spam
HAM_SMS_07149,Your class schedule has been updated for tomorrow.,50,ham
SPAM_SMS_01623,You won a shopping voucher. Claim it today.,43,spam
HAM_SMS_06985,Your class schedule has been updated for tomorrow.,50,ham
HAM_SMS_02730,Thank you for your message. I will check and reply soon.,56,ham
HAM_SMS_06043,Thank you for your message. I will check and reply soon.,56,ham
HAM_SMS_04201,Thank you for your message. I will check and reply soon.,56,ham
HAM_SMS_04822,Your class schedule has been updated for tomorrow.,50,ham
SPAM_SMS_00301,You are selected for a reward. Send your account details now.,61,spam
HAM_SMS_06833,I reached home safely.,22,ham
HAM_SMS_01226,Please find the details shared in the group.,44,ham
HAM_SMS_03682,Please call me when you are free.,33,ham
HAM_SMS_01531,Please confirm your availability for the session.,49,ham
SPAM_SMS_01928,Urgent! Your bank account will be blocked. Verify your details immediately.,75,spam
SPAM_SMS_02436,Recharge offer available. Get double benefits today.,52,spam
HAM_SMS_03210,I reached home safely.,22,ham
HAM_SMS_02405,Thank you for your message. I will check and reply soon.,56,ham
HAM_SMS_03727,Please confirm your availability for the session.,49,ham
HAM_SMS_00286,Can you send me the notes from today's lecture?,47,ham
SPAM_SMS_01436,Urgent! Your bank account will be blocked. Verify your details immediately.,75,spam
HAM_SMS_00466,I reached home safely.,22,ham
HAM_SMS_03054,Can you send me the notes from today's lecture?,47,ham
HAM_SMS_01524,Please confirm your availability for the session.,49,ham
SPAM_SMS_01338,Your mobile number has won a lottery prize.,43,spam
SPAM_SMS_00894,Earn money from home without investment. Join now.,50,spam
HAM_SMS_01007,Let's discuss the presentation after lunch.,43,ham
HAM_SMS_02702,The interview schedule will be shared soon.,43,ham
HAM_SMS_07485,"Hey, are we meeting today for the project discussion?",53,ham
SPAM_SMS_01066,Limited time offer. Get free coupons by clicking this link.,59,spam
HAM_SMS_02054,Your order has been delivered successfully.,43,ham
SPAM_SMS_02404,Urgent! Your bank account will be blocked. Verify your details immediately.,75,spam
SPAM_SMS_02058,Win money instantly. Register today and claim your bonus.,57,spam
SPAM_SMS_01899,Recharge offer available. Get double benefits today.,52,spam
HAM_SMS_02629,Your payment has been received successfully.,44,ham
HAM_SMS_07156,Your payment has been received successfully.,44,ham
HAM_SMS_05115,"Hey, are we meeting today for the project discussion?",53,ham
HAM_SMS_01108,Your class schedule has been updated for tomorrow.,50,ham
HAM_SMS_07108,Thank you for your message. I will check and reply soon.,56,ham
SPAM_SMS_00684,Final warning! Complete KYC verification now.,45,spam
SPAM_SMS_00235,Limited time offer. Get free coupons by clicking this link.,59,spam
HAM_SMS_07389,Please call me when you are free.,33,ham
HAM_SMS_03720,Please confirm your availability for the session.,49,ham
HAM_SMS_00304,Can you send me the notes from today's lecture?,47,ham
HAM_SMS_00124,The report is ready for review.,31,ham
HAM_SMS_06633,Please find the details shared in the group.,44,ham
HAM_SMS_05230,"Hey, are we meeting today for the project discussion?",53,ham
HAM_SMS_07304,Thank you for your message. I will check and reply soon.,56,ham
HAM_SMS_04629,Reminder: submit your assignment before the deadline.,53,ham
HAM_SMS_02974,Can you send me the notes from today's lecture?,47,ham
SPAM_SMS_02428,Limited time offer. Get free coupons by clicking this link.,59,spam
HAM_SMS_06120,Thank you for your message. I will check and reply soon.,56,ham
HAM_SMS_01277,Your order has been delivered successfully.,43,ham
HAM_SMS_02502,I reached home safely.,22,ham
HAM_SMS_04809,Please call me when you are free.,33,ham
HAM_SMS_00540,The interview schedule will be shared soon.,43,ham
HAM_SMS_02230,Thank you for your message. I will check and reply soon.,56,ham
HAM_SMS_07008,Please confirm your availability for the session.,49,ham
HAM_SMS_00835,The interview schedule will be shared soon.,43,ham
HAM_SMS_04589,The report is ready for review.,31,ham
HAM_SMS_02439,Can you send me the notes from today's lecture?,47,ham
HAM_SMS_06431,I reached home safely.,22,ham
SPAM_SMS_00131,Exclusive offer only for you. Click here to redeem.,51,spam
HAM_SMS_04198,Thank you for your message. I will check and reply soon.,56,ham
SPAM_SMS_01773,Your loan is approved. Pay processing fee to receive funds.,59,spam
SPAM_SMS_02177,Recharge offer available. Get double benefits today.,52,spam
SPAM_SMS_01878,Your mobile number has won a lottery prize.,43,spam
HAM_SMS_00413,The report is ready for review.,31,ham
HAM_SMS_00858,The meeting has been shifted to 4 PM.,37,ham
HAM_SMS_02815,"Hey, are we meeting today for the project discussion?",53,ham
HAM_SMS_05412,Thank you for your message. I will check and reply soon.,56,ham
HAM_SMS_01213,Please confirm your availability for the session.,49,ham
HAM_SMS_01052,Thank you for your message. I will check and reply soon.,56,ham
HAM_SMS_01010,Your payment has been received successfully.,44,ham
SPAM_SMS_01408,Urgent! Your bank account will be blocked. Verify your details immediately.,75,spam
HAM_SMS_06332,Reminder: submit your assignment before the deadline.,53,ham
SPAM_SMS_00883,Final warning! Complete KYC verification now.,45,spam
HAM_SMS_02965,Thank you for your message. I will check and reply soon.,56,ham
HAM_SMS_03839,Let's discuss the presentation after lunch.,43,ham
HAM_SMS_07255,The interview schedule will be shared soon.,43,ham
HAM_SMS_05255,The interview schedule will be shared soon.,43,ham
HAM_SMS_04802,Your class schedule has been updated for tomorrow.,50,ham
HAM_SMS_01498,Your class schedule has been updated for tomorrow.,50,ham
HAM_SMS_04016,Can you send me the notes from today's lecture?,47,ham
HAM_SMS_03468,The report is ready for review.,31,ham
HAM_SMS_00877,Please confirm your availability for the session.,49,ham
HAM_SMS_02478,The report is ready for review.,31,ham
HAM_SMS_02850,Please confirm your availability for the session.,49,ham
HAM_SMS_00803,Your class schedule has been updated for tomorrow.,50,ham
HAM_SMS_02137,Reminder: submit your assignment before the deadline.,53,ham
HAM_SMS_03069,Your payment has been received successfully.,44,ham
HAM_SMS_01338,The meeting has been shifted to 4 PM.,37,ham
HAM_SMS_04125,Please find the details shared in the group.,44,ham
HAM_SMS_06886,Can you send me the notes from today's lecture?,47,ham
SPAM_SMS_01694,Claim your free gift card now before it expires.,48,spam
HAM_SMS_06329,Please confirm your availability for the session.,49,ham
HAM_SMS_00521,Please find the details shared in the group.,44,ham
HAM_SMS_01111,"Hey, are we meeting today for the project discussion?",53,ham
HAM_SMS_01876,Your class schedule has been updated for tomorrow.,50,ham
HAM_SMS_06788,Please call me when you are free.,33,ham
HAM_SMS_04362,The interview schedule will be shared soon.,43,ham
HAM_SMS_02163,Your order has been delivered successfully.,43,ham
HAM_SMS_05549,I reached home safely.,22,ham
HAM_SMS_06019,Please call me when you are free.,33,ham
SPAM_SMS_01244,Recharge offer available. Get double benefits today.,52,spam
SPAM_SMS_01781,Recharge offer available. Get double benefits today.,52,spam
HAM_SMS_03599,Can you send me the notes from today's lecture?,47,ham
HAM_SMS_03214,Reminder: submit your assignment before the deadline.,53,ham
HAM_SMS_07221,Your payment has been received successfully.,44,ham
HAM_SMS_03691,Please call me when you are free.,33,ham
SPAM_SMS_01328,Win money instantly. Register today and claim your bonus.,57,spam
HAM_SMS_02321,Please call me when you are free.,33,ham
HAM_SMS_07095,"Hey, are we meeting today for the project discussion?",53,ham
SPAM_SMS_01763,Limited time offer. Get free coupons by clicking this link.,59,spam
HAM_SMS_05795,I reached home safely.,22,ham
HAM_SMS_01017,The interview schedule will be shared soon.,43,ham
HAM_SMS_02341,Please confirm your availability for the session.,49,ham
HAM_SMS_03174,Thank you for your message. I will check and reply soon.,56,ham
HAM_SMS_01271,The interview schedule will be shared soon.,43,ham
HAM_SMS_03327,Let's discuss the presentation after lunch.,43,ham
HAM_SMS_06838,Please find the details shared in the group.,44,ham
HAM_SMS_02299,Reminder: submit your assignment before the deadline.,53,ham
SPAM_SMS_02258,You are selected for a reward. Send your account details now.,61,spam
SPAM_SMS_02213,Claim your free gift card now before it expires.,48,spam
HAM_SMS_04749,The interview schedule will be shared soon.,43,ham
SPAM_SMS_00435,Claim your free gift card now before it expires.,48,spam
HAM_SMS_03183,Thank you for your message. I will check and reply soon.,56,ham
HAM_SMS_07038,Thank you for your message. I will check and reply soon.,56,ham
SPAM_SMS_01906,You won a shopping voucher. Claim it today.,43,spam
SPAM_SMS_01874,Exclusive offer only for you. Click here to redeem.,51,spam
HAM_SMS_01904,Can you send me the notes from today's lecture?,47,ham
HAM_SMS_02269,Please confirm your availability for the session.,49,ham
HAM_SMS_01805,Please confirm your availability for the session.,49,ham
HAM_SMS_06234,The interview schedule will be shared soon.,43,ham
HAM_SMS_01931,Your payment has been received successfully.,44,ham
HAM_SMS_04978,"Hey, are we meeting today for the project discussion?",53,ham
HAM_SMS_00960,Please find the details shared in the group.,44,ham
HAM_SMS_03496,Thank you for your message. I will check and reply soon.,56,ham
SPAM_SMS_02250,You are selected for a reward. Send your account details now.,61,spam
HAM_SMS_05313,The interview schedule will be shared soon.,43,ham
HAM_SMS_06687,Please find the details shared in the group.,44,ham
HAM_SMS_06136,Let's discuss the presentation after lunch.,43,ham
SPAM_SMS_00016,Your mobile number has won a lottery prize.,43,spam
SPAM_SMS_00640,Urgent! Your bank account will be blocked. Verify your details immediately.,75,spam
SPAM_SMS_02179,Urgent! Your bank account will be blocked. Verify your details immediately.,75,spam
HAM_SMS_01939,The meeting has been shifted to 4 PM.,37,ham
HAM_SMS_02215,Thank you for your message. I will check and reply soon.,56,ham
HAM_SMS_06394,Reminder: submit your assignment before the deadline.,53,ham
HAM_SMS_01342,Please call me when you are free.,33,ham
HAM_SMS_03559,Please confirm your availability for the session.,49,ham
HAM_SMS_03775,Your payment has been received successfully.,44,ham
HAM_SMS_00793,Reminder: submit your assignment before the deadline.,53,ham
HAM_SMS_04619,Your class schedule has been updated for tomorrow.,50,ham
HAM_SMS_00729,Reminder: submit your assignment before the deadline.,53,ham
SPAM_SMS_00008,Free entry in a lucky draw. Text WIN to claim your reward.,58,spam
HAM_SMS_05634,Please confirm your availability for the session.,49,ham
SPAM_SMS_00111,Claim your free gift card now before it expires.,48,spam
HAM_SMS_02972,The report is ready for review.,31,ham
SPAM_SMS_01052,Win money instantly. Register today and claim your bonus.,57,spam
HAM_SMS_00503,Your payment has been received successfully.,44,ham
HAM_SMS_05014,Your payment has been received successfully.,44,ham
HAM_SMS_06470,Can you send me the notes from today's lecture?,47,ham
SPAM_SMS_01582,Earn money from home without investment. Join now.,50,spam
HAM_SMS_05271,Let's discuss the presentation after lunch.,43,ham
SPAM_SMS_00545,You are selected for a reward. Send your account details now.,61,spam
HAM_SMS_00480,Let's discuss the presentation after lunch.,43,ham
SPAM_SMS_01251,Win money instantly. Register today and claim your bonus.,57,spam
HAM_SMS_04532,Your class schedule has been updated for tomorrow.,50,ham
HAM_SMS_04972,"Hey, are we meeting today for the project discussion?",53,ham
HAM_SMS_07133,Can you send me the notes from today's lecture?,47,ham
HAM_SMS_05316,Please confirm your availability for the session.,49,ham
HAM_SMS_04200,Your order has been delivered successfully.,43,ham
SPAM_SMS_00106,Suspicious login detected. Update your password immediately.,60,spam
HAM_SMS_07324,The meeting has been shifted to 4 PM.,37,ham
HAM_SMS_04161,The meeting has been shifted to 4 PM.,37,ham
HAM_SMS_05613,The interview schedule will be shared soon.,43,ham
HAM_SMS_00308,Please call me when you are free.,33,ham
HAM_SMS_03199,Your class schedule has been updated for tomorrow.,50,ham
HAM_SMS_03954,Please confirm your availability for the session.,49,ham
SPAM_SMS_01838,Limited time offer. Get free coupons by clicking this link.,59,spam
HAM_SMS_07264,Can you send me the notes from today's lecture?,47,ham
HAM_SMS_02724,Can you send me the notes from today's lecture?,47,ham
SPAM_SMS_00795,Earn money from home without investment. Join now.,50,spam
HAM_SMS_07081,Please call me when you are free.,33,ham
SPAM_SMS_02399,Congratulations! You have won a cash prize. Click the link to claim now.,72,spam
SPAM_SMS_02314,Earn money from home without investment. Join now.,50,spam
HAM_SMS_05302,The meeting has been shifted to 4 PM.,37,ham
HAM_SMS_05963,Reminder: submit your assignment before the deadline.,53,ham
HAM_SMS_07399,The interview schedule will be shared soon.,43,ham
HAM_SMS_05602,The interview schedule will be shared soon.,43,ham
HAM_SMS_02900,Thank you for your message. I will check and reply soon.,56,ham
HAM_SMS_03808,Please find the details shared in the group.,44,ham
HAM_SMS_07102,The interview schedule will be shared soon.,43,ham
SPAM_SMS_00714,Your mobile number has won a lottery prize.,43,spam
HAM_SMS_06533,"Hey, are we meeting today for the project discussion?",53,ham
HAM_SMS_02136,Let's discuss the presentation after lunch.,43,ham
HAM_SMS_02849,Reminder: submit your assignment before the deadline.,53,ham
SPAM_SMS_01255,Claim your free gift card now before it expires.,48,spam
HAM_SMS_05847,"Hey, are we meeting today for the project discussion?",53,ham
HAM_SMS_04911,Please find the details shared in the group.,44,ham
SPAM_SMS_01832,Limited time offer. Get free coupons by clicking this link.,59,spam
HAM_SMS_04397,Let's discuss the presentation after lunch.,43,ham
HAM_SMS_01723,Please confirm your availability for the session.,49,ham
HAM_SMS_04332,Your payment has been received successfully.,44,ham
HAM_SMS_03986,Can you send me the notes from today's lecture?,47,ham
HAM_SMS_01692,Please confirm your availability for the session.,49,ham
HAM_SMS_05705,Thank you for your message. I will check and reply soon.,56,ham
SPAM_SMS_02055,Free entry in a lucky draw. Text WIN to claim your reward.,58,spam
HAM_SMS_05837,Can you send me the notes from today's lecture?,47,ham
HAM_SMS_02982,Thank you for your message. I will check and reply soon.,56,ham
SPAM_SMS_02090,Suspicious login detected. Update your password immediately.,60,spam
HAM_SMS_02920,The interview schedule will be shared soon.,43,ham
HAM_SMS_02004,Please find the details shared in the group.,44,ham
SPAM_SMS_00364,You won a shopping voucher. Claim it today.,43,spam
SPAM_SMS_01527,Final warning! Complete KYC verification now.,45,spam
HAM_SMS_01593,Please call me when you are free.,33,ham
HAM_SMS_02005,Let's discuss the presentation after lunch.,43,ham
HAM_SMS_03017,Your payment has been received successfully.,44,ham
HAM_SMS_03897,"Hey, are we meeting today for the project discussion?",53,ham
HAM_SMS_06834,The report is ready for review.,31,ham
HAM_SMS_07033,The meeting has been shifted to 4 PM.,37,ham
SPAM_SMS_00035,Final warning! Complete KYC verification now.,45,spam
HAM_SMS_04218,Please find the details shared in the group.,44,ham
SPAM_SMS_02500,Your loan is approved. Pay processing fee to receive funds.,59,spam
HAM_SMS_00207,Your class schedule has been updated for tomorrow.,50,ham
HAM_SMS_06681,Your order has been delivered successfully.,43,ham
HAM_SMS_02387,Please find the details shared in the group.,44,ham
HAM_SMS_03693,Please call me when you are free.,33,ham
HAM_SMS_02013,Can you send me the notes from today's lecture?,47,ham
HAM_SMS_05618,Your order has been delivered successfully.,43,ham
HAM_SMS_01332,The report is ready for review.,31,ham
SPAM_SMS_01528,Claim your free gift card now before it expires.,48,spam
SPAM_SMS_00542,Limited time offer. Get free coupons by clicking this link.,59,spam
HAM_SMS_06659,The interview schedule will be shared soon.,43,ham
HAM_SMS_01754,The report is ready for review.,31,ham
HAM_SMS_00812,Your order has been delivered successfully.,43,ham
HAM_SMS_04010,Your payment has been received successfully.,44,ham
HAM_SMS_05127,The report is ready for review.,31,ham
HAM_SMS_00859,Your class schedule has been updated for tomorrow.,50,ham
HAM_SMS_00092,Thank you for your message. I will check and reply soon.,56,ham
HAM_SMS_02420,The interview schedule will be shared soon.,43,ham
HAM_SMS_06558,Please call me when you are free.,33,ham
HAM_SMS_06419,The meeting has been shifted to 4 PM.,37,ham
HAM_SMS_05128,Please call me when you are free.,33,ham
HAM_SMS_06029,Your order has been delivered successfully.,43,ham
HAM_SMS_04721,I reached home safely.,22,ham
HAM_SMS_01806,Your order has been delivered successfully.,43,ham
HAM_SMS_04873,Your payment has been received successfully.,44,ham
SPAM_SMS_00457,Earn money from home without investment. Join now.,50,spam
SPAM_SMS_02375,Exclusive offer only for you. Click here to redeem.,51,spam
HAM_SMS_06911,I reached home safely.,22,ham
HAM_SMS_00831,Your order has been delivered successfully.,43,ham
HAM_SMS_06295,Can you send me the notes from today's lecture?,47,ham
HAM_SMS_01852,Please find the details shared in the group.,44,ham
HAM_SMS_00307,Thank you for your message. I will check and reply soon.,56,ham
HAM_SMS_01866,The report is ready for review.,31,ham
HAM_SMS_05372,The meeting has been shifted to 4 PM.,37,ham
HAM_SMS_03113,Reminder: submit your assignment before the deadline.,53,ham
HAM_SMS_02959,The interview schedule will be shared soon.,43,ham
HAM_SMS_04916,Thank you for your message. I will check and reply soon.,56,ham
SPAM_SMS_01304,Congratulations! You have won a cash prize. Click the link to claim now.,72,spam
HAM_SMS_06490,Please confirm your availability for the session.,49,ham
HAM_SMS_06548,The report is ready for review.,31,ham
HAM_SMS_00918,The interview schedule will be shared soon.,43,ham
SPAM_SMS_00185,Win money instantly. Register today and claim your bonus.,57,spam
SPAM_SMS_00711,Recharge offer available. Get double benefits today.,52,spam
SPAM_SMS_02374,Urgent! Your bank account will be blocked. Verify your details immediately.,75,spam
HAM_SMS_01702,Please find the details shared in the group.,44,ham
HAM_SMS_01118,The report is ready for review.,31,ham
SPAM_SMS_00630,Claim your free gift card now before it expires.,48,spam
SPAM_SMS_01375,Exclusive offer only for you. Click here to redeem.,51,spam
SPAM_SMS_01775,Free entry in a lucky draw. Text WIN to claim your reward.,58,spam
HAM_SMS_00405,Reminder: submit your assignment before the deadline.,53,ham
HAM_SMS_04951,Reminder: submit your assignment before the deadline.,53,ham
SPAM_SMS_00114,Urgent! Your bank account will be blocked. Verify your details immediately.,75,spam
SPAM_SMS_01138,Earn money from home without investment. Join now.,50,spam
HAM_SMS_04312,Please call me when you are free.,33,ham
HAM_SMS_03678,Your order has been delivered successfully.,43,ham
HAM_SMS_03184,Your payment has been received successfully.,44,ham
SPAM_SMS_00968,You are selected for a reward. Send your account details now.,61,spam
HAM_SMS_00345,The interview schedule will be shared soon.,43,ham
HAM_SMS_03886,Please confirm your availability for the session.,49,ham
SPAM_SMS_00077,Congratulations! You have won a cash prize. Click the link to claim now.,72,spam
HAM_SMS_04787,Reminder: submit your assignment before the deadline.,53,ham
SPAM_SMS_00498,Your loan is approved. Pay processing fee to receive funds.,59,spam
SPAM_SMS_01039,Congratulations! You have won a cash prize. Click the link to claim now.,72,spam
HAM_SMS_04314,The meeting has been shifted to 4 PM.,37,ham
HAM_SMS_01656,"Hey, are we meeting today for the project discussion?",53,ham
HAM_SMS_02452,Can you send me the notes from today's lecture?,47,ham
HAM_SMS_06849,Your order has been delivered successfully.,43,ham
HAM_SMS_05407,Your payment has been received successfully.,44,ham
SPAM_SMS_01793,You won a shopping voucher. Claim it today.,43,spam
SPAM_SMS_01541,Suspicious login detected. Update your password immediately.,60,spam
HAM_SMS_05189,The meeting has been shifted to 4 PM.,37,ham
HAM_SMS_06152,Your order has been delivered successfully.,43,ham
SPAM_SMS_02109,Suspicious login detected. Update your password immediately.,60,spam
HAM_SMS_01403,The meeting has been shifted to 4 PM.,37,ham
HAM_SMS_04888,Your payment has been received successfully.,44,ham
SPAM_SMS_00146,Suspicious login detected. Update your password immediately.,60,spam
HAM_SMS_00562,The interview schedule will be shared soon.,43,ham
HAM_SMS_03315,Please find the details shared in the group.,44,ham
HAM_SMS_05579,The report is ready for review.,31,ham
HAM_SMS_05703,I reached home safely.,22,ham
HAM_SMS_02288,"Hey, are we meeting today for the project discussion?",53,ham
HAM_SMS_03779,Reminder: submit your assignment before the deadline.,53,ham
HAM_SMS_00984,Let's discuss the presentation after lunch.,43,ham
HAM_SMS_01867,Please find the details shared in the group.,44,ham
HAM_SMS_05829,Can you send me the notes from today's lecture?,47,ham
HAM_SMS_05550,The interview schedule will be shared soon.,43,ham
HAM_SMS_04804,Can you send me the notes from today's lecture?,47,ham
HAM_SMS_00309,Thank you for your message. I will check and reply soon.,56,ham
HAM_SMS_02563,The meeting has been shifted to 4 PM.,37,ham
HAM_SMS_00420,Thank you for your message. I will check and reply soon.,56,ham
HAM_SMS_06196,Can you send me the notes from today's lecture?,47,ham
SPAM_SMS_00065,Claim your free gift card now before it expires.,48,spam
SPAM_SMS_01048,Final warning! Complete KYC verification now.,45,spam
SPAM_SMS_01564,Free entry in a lucky draw. Text WIN to claim your reward.,58,spam
HAM_SMS_00738,Please confirm your availability for the session.,49,ham
HAM_SMS_01179,Please confirm your availability for the session.,49,ham
SPAM_SMS_01660,Your loan is approved. Pay processing fee to receive funds.,59,spam
HAM_SMS_05441,Let's discuss the presentation after lunch.,43,ham
HAM_SMS_06850,Can you send me the notes from today's lecture?,47,ham
HAM_SMS_07105,Please call me when you are free.,33,ham
HAM_SMS_06373,I reached home safely.,22,ham
HAM_SMS_04904,Please find the details shared in the group.,44,ham
HAM_SMS_00938,Please find the details shared in the group.,44,ham
HAM_SMS_06074,Your payment has been received successfully.,44,ham
HAM_SMS_03687,Reminder: submit your assignment before the deadline.,53,ham
SPAM_SMS_01017,You won a shopping voucher. Claim it today.,43,spam
HAM_SMS_00796,The interview schedule will be shared soon.,43,ham
HAM_SMS_06477,Your order has been delivered successfully.,43,ham
HAM_SMS_00247,The report is ready for review.,31,ham
HAM_SMS_04283,Please confirm your availability for the session.,49,ham
SPAM_SMS_01747,Urgent! Your bank account will be blocked. Verify your details immediately.,75,spam
SPAM_SMS_02158,Claim your free gift card now before it expires.,48,spam
HAM_SMS_03039,Thank you for your message. I will check and reply soon.,56,ham
SPAM_SMS_01295,Limited time offer. Get free coupons by clicking this link.,59,spam
HAM_SMS_01204,Reminder: submit your assignment before the deadline.,53,ham
HAM_SMS_06563,I reached home safely.,22,ham
HAM_SMS_04518,The meeting has been shifted to 4 PM.,37,ham
HAM_SMS_02189,The report is ready for review.,31,ham
HAM_SMS_05901,The report is ready for review.,31,ham
HAM_SMS_05321,Reminder: submit your assignment before the deadline.,53,ham
SPAM_SMS_02496,Final warning! Complete KYC verification now.,45,spam
HAM_SMS_03164,Thank you for your message. I will check and reply soon.,56,ham
SPAM_SMS_01118,Suspicious login detected. Update your password immediately.,60,spam
SPAM_SMS_01726,Recharge offer available. Get double benefits today.,52,spam
HAM_SMS_06515,Reminder: submit your assignment before the deadline.,53,ham
SPAM_SMS_00910,Limited time offer. Get free coupons by clicking this link.,59,spam
HAM_SMS_04790,The interview schedule will be shared soon.,43,ham
HAM_SMS_00957,Please confirm your availability for the session.,49,ham
HAM_SMS_03502,The report is ready for review.,31,ham
HAM_SMS_06473,The report is ready for review.,31,ham
HAM_SMS_01746,Your payment has been received successfully.,44,ham
SPAM_SMS_02057,Exclusive offer only for you. Click here to redeem.,51,spam
HAM_SMS_05793,Please find the details shared in the group.,44,ham
HAM_SMS_02033,Your payment has been received successfully.,44,ham
HAM_SMS_06814,The meeting has been shifted to 4 PM.,37,ham
HAM_SMS_00494,Your order has been delivered successfully.,43,ham
SPAM_SMS_01785,Recharge offer available. Get double benefits today.,52,spam
HAM_SMS_02397,Let's discuss the presentation after lunch.,43,ham
SPAM_SMS_00168,Urgent! Your bank account will be blocked. Verify your details immediately.,75,spam
SPAM_SMS_00870,Win money instantly. Register today and claim your bonus.,57,spam
HAM_SMS_06445,The report is ready for review.,31,ham
SPAM_SMS_01559,Your mobile number has won a lottery prize.,43,spam
HAM_SMS_05930,Let's discuss the presentation after lunch.,43,ham
SPAM_SMS_01949,Free entry in a lucky draw. Text WIN to claim your reward.,58,spam
HAM_SMS_02914,Let's discuss the presentation after lunch.,43,ham
SPAM_SMS_00617,You are selected for a reward. Send your account details now.,61,spam
SPAM_SMS_01679,Your mobile number has won a lottery prize.,43,spam
HAM_SMS_06527,Please confirm your availability for the session.,49,ham
HAM_SMS_01637,The report is ready for review.,31,ham
HAM_SMS_00946,The report is ready for review.,31,ham
HAM_SMS_03894,Your payment has been received successfully.,44,ham
HAM_SMS_04287,The report is ready for review.,31,ham
HAM_SMS_01200,Thank you for your message. I will check and reply soon.,56,ham
HAM_SMS_01761,The report is ready for review.,31,ham
HAM_SMS_04895,Let's discuss the presentation after lunch.,43,ham
SPAM_SMS_00877,Recharge offer available. Get double benefits today.,52,spam
HAM_SMS_06639,Can you send me the notes from today's lecture?,47,ham
HAM_SMS_00297,Please confirm your availability for the session.,49,ham
SPAM_SMS_02078,You are selected for a reward. Send your account details now.,61,spam
HAM_SMS_00905,Please find the details shared in the group.,44,ham
HAM_SMS_00561,Reminder: submit your assignment before the deadline.,53,ham
HAM_SMS_07248,I reached home safely.,22,ham
HAM_SMS_00718,The meeting has been shifted to 4 PM.,37,ham
HAM_SMS_02453,Your class schedule has been updated for tomorrow.,50,ham
HAM_SMS_03652,Please call me when you are free.,33,ham
SPAM_SMS_01120,Limited time offer. Get free coupons by clicking this link.,59,spam
HAM_SMS_01777,Reminder: submit your assignment before the deadline.,53,ham
SPAM_SMS_02088,Your mobile number has won a lottery prize.,43,spam
SPAM_SMS_02002,Congratulations! You have won a cash prize. Click the link to claim now.,72,spam
HAM_SMS_05285,Please find the details shared in the group.,44,ham
HAM_SMS_06945,Can you send me the notes from today's lecture?,47,ham
HAM_SMS_04188,"Hey, are we meeting today for the project discussion?",53,ham
SPAM_SMS_00581,Urgent! Your bank account will be blocked. Verify your details immediately.,75,spam
HAM_SMS_03848,I reached home safely.,22,ham
HAM_SMS_01217,Your class schedule has been updated for tomorrow.,50,ham
HAM_SMS_06095,Your order has been delivered successfully.,43,ham
HAM_SMS_00142,I reached home safely.,22,ham
HAM_SMS_01381,The meeting has been shifted to 4 PM.,37,ham
SPAM_SMS_00534,Your loan is approved. Pay processing fee to receive funds.,59,spam
HAM_SMS_04352,"Hey, are we meeting today for the project discussion?",53,ham
SPAM_SMS_02103,Final warning! Complete KYC verification now.,45,spam
HAM_SMS_01234,I reached home safely.,22,ham
HAM_SMS_06353,Please call me when you are free.,33,ham
HAM_SMS_00432,Please call me when you are free.,33,ham
HAM_SMS_03090,Your order has been delivered successfully.,43,ham
SPAM_SMS_00875,Suspicious login detected. Update your password immediately.,60,spam
HAM_SMS_04233,"Hey, are we meeting today for the project discussion?",53,ham
HAM_SMS_02633,The interview schedule will be shared soon.,43,ham
SPAM_SMS_01640,You are selected for a reward. Send your account details now.,61,spam
HAM_SMS_02252,Your payment has been received successfully.,44,ham
HAM_SMS_06364,Your order has been delivered successfully.,43,ham
HAM_SMS_04151,Let's discuss the presentation after lunch.,43,ham
HAM_SMS_00471,Please call me when you are free.,33,ham
HAM_SMS_00829,"Hey, are we meeting today for the project discussion?",53,ham
HAM_SMS_04080,Your order has been delivered successfully.,43,ham
HAM_SMS_05345,The meeting has been shifted to 4 PM.,37,ham
HAM_SMS_00574,I reached home safely.,22,ham
HAM_SMS_01125,The interview schedule will be shared soon.,43,ham
SPAM_SMS_01661,Your mobile number has won a lottery prize.,43,spam
HAM_SMS_02801,Please call me when you are free.,33,ham
HAM_SMS_06691,I reached home safely.,22,ham
SPAM_SMS_01581,Final warning! Complete KYC verification now.,45,spam
HAM_SMS_05905,Your payment has been received successfully.,44,ham
HAM_SMS_02348,The meeting has been shifted to 4 PM.,37,ham
HAM_SMS_07299,Your payment has been received successfully.,44,ham
SPAM_SMS_02276,Your mobile number has won a lottery prize.,43,spam
HAM_SMS_06050,The meeting has been shifted to 4 PM.,37,ham
HAM_SMS_04465,I reached home safely.,22,ham
HAM_SMS_01294,Can you send me the notes from today's lecture?,47,ham
HAM_SMS_05007,Can you send me the notes from today's lecture?,47,ham
HAM_SMS_04333,Your class schedule has been updated for tomorrow.,50,ham
HAM_SMS_04878,"Hey, are we meeting today for the project discussion?",53,ham
HAM_SMS_00349,Let's discuss the presentation after lunch.,43,ham
SPAM_SMS_02392,Earn money from home without investment. Join now.,50,spam
HAM_SMS_02359,The report is ready for review.,31,ham
SPAM_SMS_01604,Limited time offer. Get free coupons by clicking this link.,59,spam
HAM_SMS_05982,Reminder: submit your assignment before the deadline.,53,ham
HAM_SMS_02178,The report is ready for review.,31,ham
HAM_SMS_00091,The meeting has been shifted to 4 PM.,37,ham
HAM_SMS_04090,The report is ready for review.,31,ham
HAM_SMS_04956,Reminder: submit your assignment before the deadline.,53,ham
HAM_SMS_01357,Your payment has been received successfully.,44,ham
HAM_SMS_06231,"Hey, are we meeting today for the project discussion?",53,ham
SPAM_SMS_01827,You won a shopping voucher. Claim it today.,43,spam
HAM_SMS_03816,Thank you for your message. I will check and reply soon.,56,ham
HAM_SMS_04327,The report is ready for review.,31,ham
HAM_SMS_00271,Thank you for your message. I will check and reply soon.,56,ham
HAM_SMS_05511,Let's discuss the presentation after lunch.,43,ham
SPAM_SMS_00004,Claim your free gift card now before it expires.,48,spam
HAM_SMS_02153,Please confirm your availability for the session.,49,ham
SPAM_SMS_02070,Exclusive offer only for you. Click here to redeem.,51,spam
HAM_SMS_06975,Your order has been delivered successfully.,43,ham
HAM_SMS_04448,Your order has been delivered successfully.,43,ham
HAM_SMS_06338,"Hey, are we meeting today for the project discussion?",53,ham
HAM_SMS_01626,Reminder: submit your assignment before the deadline.,53,ham
HAM_SMS_04384,Can you send me the notes from today's lecture?,47,ham
HAM_SMS_02830,Please find the details shared in the group.,44,ham
HAM_SMS_04242,Please find the details shared in the group.,44,ham
HAM_SMS_02161,Please find the details shared in the group.,44,ham
HAM_SMS_00536,Can you send me the notes from today's lecture?,47,ham
SPAM_SMS_02262,Earn money from home without investment. Join now.,50,spam
SPAM_SMS_00667,Final warning! Complete KYC verification now.,45,spam
HAM_SMS_04280,Your class schedule has been updated for tomorrow.,50,ham
HAM_SMS_01455,Can you send me the notes from today's lecture?,47,ham
HAM_SMS_00502,Reminder: submit your assignment before the deadline.,53,ham
HAM_SMS_03311,"Hey, are we meeting today for the project discussion?",53,ham
HAM_SMS_00141,The report is ready for review.,31,ham
HAM_SMS_03968,Please call me when you are free.,33,ham
SPAM_SMS_01549,Limited time offer. Get free coupons by clicking this link.,59,spam
HAM_SMS_01816,The report is ready for review.,31,ham
HAM_SMS_04237,Your payment has been received successfully.,44,ham
HAM_SMS_01166,Thank you for your message. I will check and reply soon.,56,ham
HAM_SMS_04017,Please confirm your availability for the session.,49,ham
HAM_SMS_07097,Can you send me the notes from today's lecture?,47,ham
HAM_SMS_05344,Your order has been delivered successfully.,43,ham
HAM_SMS_03128,The report is ready for review.,31,ham
HAM_SMS_05018,The interview schedule will be shared soon.,43,ham
HAM_SMS_00567,The report is ready for review.,31,ham
HAM_SMS_05637,The report is ready for review.,31,ham
SPAM_SMS_00995,Congratulations! You have won a cash prize. Click the link to claim now.,72,spam
HAM_SMS_04220,Please confirm your availability for the session.,49,ham
HAM_SMS_04023,"Hey, are we meeting today for the project discussion?",53,ham
HAM_SMS_05108,Please confirm your availability for the session.,49,ham
HAM_SMS_05370,Please find the details shared in the group.,44,ham
HAM_SMS_02980,Reminder: submit your assignment before the deadline.,53,ham
SPAM_SMS_00913,Win money instantly. Register today and claim your bonus.,57,spam
HAM_SMS_07466,Please find the details shared in the group.,44,ham
HAM_SMS_06284,The report is ready for review.,31,ham
HAM_SMS_05708,Your order has been delivered successfully.,43,ham
SPAM_SMS_00632,You won a shopping voucher. Claim it today.,43,spam
HAM_SMS_00469,I reached home safely.,22,ham
SPAM_SMS_01905,Your mobile number has won a lottery prize.,43,spam
HAM_SMS_03906,Your class schedule has been updated for tomorrow.,50,ham
HAM_SMS_06594,Can you send me the notes from today's lecture?,47,ham
SPAM_SMS_01908,Exclusive offer only for you. Click here to redeem.,51,spam
SPAM_SMS_00228,Recharge offer available. Get double benefits today.,52,spam
HAM_SMS_04516,Can you send me the notes from today's lecture?,47,ham
HAM_SMS_07305,Thank you for your message. I will check and reply soon.,56,ham
HAM_SMS_06517,The interview schedule will be shared soon.,43,ham
HAM_SMS_05477,Can you send me the notes from today's lecture?,47,ham
HAM_SMS_04260,Thank you for your message. I will check and reply soon.,56,ham
HAM_SMS_06520,Your order has been delivered successfully.,43,ham
SPAM_SMS_01015,Free entry in a lucky draw. Text WIN to claim your reward.,58,spam
HAM_SMS_01201,The report is ready for review.,31,ham
HAM_SMS_03247,Please call me when you are free.,33,ham
HAM_SMS_00128,Thank you for your message. I will check and reply soon.,56,ham
HAM_SMS_05809,Reminder: submit your assignment before the deadline.,53,ham
HAM_SMS_03328,Reminder: submit your assignment before the deadline.,53,ham
HAM_SMS_03089,Thank you for your message. I will check and reply soon.,56,ham
HAM_SMS_04007,Please find the details shared in the group.,44,ham
HAM_SMS_06047,The interview schedule will be shared soon.,43,ham
HAM_SMS_05026,Let's discuss the presentation after lunch.,43,ham
HAM_SMS_06921,Let's discuss the presentation after lunch.,43,ham
HAM_SMS_00274,Your payment has been received successfully.,44,ham
HAM_SMS_05215,The report is ready for review.,31,ham
HAM_SMS_06248,Let's discuss the presentation after lunch.,43,ham
SPAM_SMS_01524,Recharge offer available. Get double benefits today.,52,spam
HAM_SMS_00363,The meeting has been shifted to 4 PM.,37,ham
HAM_SMS_02693,The report is ready for review.,31,ham
HAM_SMS_03060,The interview schedule will be shared soon.,43,ham
HAM_SMS_03396,Your class schedule has been updated for tomorrow.,50,ham
HAM_SMS_05139,Thank you for your message. I will check and reply soon.,56,ham
HAM_SMS_05382,Please call me when you are free.,33,ham
SPAM_SMS_00763,Free entry in a lucky draw. Text WIN to claim your reward.,58,spam
HAM_SMS_02508,Your class schedule has been updated for tomorrow.,50,ham
SPAM_SMS_01737,Free entry in a lucky draw. Text WIN to claim your reward.,58,spam
SPAM_SMS_02356,Exclusive offer only for you. Click here to redeem.,51,spam
HAM_SMS_03648,Thank you for your message. I will check and reply soon.,56,ham
SPAM_SMS_01860,Suspicious login detected. Update your password immediately.,60,spam
HAM_SMS_06552,Please call me when you are free.,33,ham
HAM_SMS_01729,"Hey, are we meeting today for the project discussion?",53,ham
HAM_SMS_02069,Your order has been delivered successfully.,43,ham
HAM_SMS_07256,"Hey, are we meeting today for the project discussion?",53,ham
HAM_SMS_05231,The meeting has been shifted to 4 PM.,37,ham
HAM_SMS_02117,Reminder: submit your assignment before the deadline.,53,ham
SPAM_SMS_00149,Free entry in a lucky draw. Text WIN to claim your reward.,58,spam
SPAM_SMS_01901,Urgent! Your bank account will be blocked. Verify your details immediately.,75,spam
HAM_SMS_00436,Please find the details shared in the group.,44,ham
HAM_SMS_01740,Can you send me the notes from today's lecture?,47,ham
HAM_SMS_04709,Your class schedule has been updated for tomorrow.,50,ham
HAM_SMS_04925,I reached home safely.,22,ham
HAM_SMS_03777,Please call me when you are free.,33,ham
SPAM_SMS_01852,Final warning! Complete KYC verification now.,45,spam
HAM_SMS_03822,The report is ready for review.,31,ham
HAM_SMS_07288,Please call me when you are free.,33,ham
HAM_SMS_05849,I reached home safely.,22,ham
HAM_SMS_01035,Your order has been delivered successfully.,43,ham
HAM_SMS_04450,Reminder: submit your assignment before the deadline.,53,ham
HAM_SMS_02362,The report is ready for review.,31,ham
HAM_SMS_04145,The report is ready for review.,31,ham
SPAM_SMS_01800,Urgent! Your bank account will be blocked. Verify your details immediately.,75,spam
SPAM_SMS_00863,Exclusive offer only for you. Click here to redeem.,51,spam
HAM_SMS_06764,Your payment has been received successfully.,44,ham
HAM_SMS_03387,The report is ready for review.,31,ham
HAM_SMS_06779,The interview schedule will be shared soon.,43,ham
HAM_SMS_02597,Thank you for your message. I will check and reply soon.,56,ham
HAM_SMS_06316,"Hey, are we meeting today for the project discussion?",53,ham
HAM_SMS_01008,I reached home safely.,22,ham
SPAM_SMS_00647,Urgent! Your bank account will be blocked. Verify your details immediately.,75,spam
HAM_SMS_01712,Please confirm your availability for the session.,49,ham
HAM_SMS_02298,Thank you for your message. I will check and reply soon.,56,ham
HAM_SMS_04165,The report is ready for review.,31,ham
HAM_SMS_06722,Reminder: submit your assignment before the deadline.,53,ham
HAM_SMS_05885,Your class schedule has been updated for tomorrow.,50,ham
HAM_SMS_01507,Reminder: submit your assignment before the deadline.,53,ham
HAM_SMS_01884,The interview schedule will be shared soon.,43,ham
HAM_SMS_02706,Your payment has been received successfully.,44,ham
SPAM_SMS_01711,Earn money from home without investment. Join now.,50,spam
HAM_SMS_00217,Please confirm your availability for the session.,49,ham
HAM_SMS_05773,The interview schedule will be shared soon.,43,ham
HAM_SMS_03100,Your order has been delivered successfully.,43,ham
HAM_SMS_03166,Let's discuss the presentation after lunch.,43,ham
SPAM_SMS_00399,Urgent! Your bank account will be blocked. Verify your details immediately.,75,spam
HAM_SMS_06481,The interview schedule will be shared soon.,43,ham
HAM_SMS_05797,Reminder: submit your assignment before the deadline.,53,ham
HAM_SMS_05386,Your class schedule has been updated for tomorrow.,50,ham
HAM_SMS_04962,Please find the details shared in the group.,44,ham
SPAM_SMS_02227,Exclusive offer only for you. Click here to redeem.,51,spam
HAM_SMS_06318,Thank you for your message. I will check and reply soon.,56,ham
HAM_SMS_01022,Your order has been delivered successfully.,43,ham
HAM_SMS_02848,Reminder: submit your assignment before the deadline.,53,ham
SPAM_SMS_02184,Exclusive offer only for you. Click here to redeem.,51,spam
HAM_SMS_05150,Your payment has been received successfully.,44,ham
SPAM_SMS_00489,Congratulations! You have won a cash prize. Click the link to claim now.,72,spam
HAM_SMS_00487,Reminder: submit your assignment before the deadline.,53,ham
SPAM_SMS_00793,Win money instantly. Register today and claim your bonus.,57,spam
SPAM_SMS_01678,Recharge offer available. Get double benefits today.,52,spam
SPAM_SMS_02425,Recharge offer available. Get double benefits today.,52,spam
HAM_SMS_05046,Reminder: submit your assignment before the deadline.,53,ham
HAM_SMS_00118,Thank you for your message. I will check and reply soon.,56,ham
SPAM_SMS_02450,Your mobile number has won a lottery prize.,43,spam
HAM_SMS_01530,Please call me when you are free.,33,ham
HAM_SMS_03012,Reminder: submit your assignment before the deadline.,53,ham
HAM_SMS_00148,Your payment has been received successfully.,44,ham
HAM_SMS_01700,I reached home safely.,22,ham
HAM_SMS_04805,Your class schedule has been updated for tomorrow.,50,ham
SPAM_SMS_02412,Exclusive offer only for you. Click here to redeem.,51,spam
HAM_SMS_03213,Please call me when you are free.,33,ham
HAM_SMS_05362,Please call me when you are free.,33,ham
HAM_SMS_03963,The meeting has been shifted to 4 PM.,37,ham
HAM_SMS_03361,Please find the details shared in the group.,44,ham
HAM_SMS_04171,The meeting has been shifted to 4 PM.,37,ham
HAM_SMS_05080,Please call me when you are free.,33,ham
HAM_SMS_01802,"Hey, are we meeting today for the project discussion?",53,ham
SPAM_SMS_00888,Your mobile number has won a lottery prize.,43,spam
HAM_SMS_06910,"Hey, are we meeting today for the project discussion?",53,ham
SPAM_SMS_00955,Exclusive offer only for you. Click here to redeem.,51,spam
HAM_SMS_07496,"Hey, are we meeting today for the project discussion?",53,ham
SPAM_SMS_00488,Limited time offer. Get free coupons by clicking this link.,59,spam
HAM_SMS_06476,The report is ready for review.,31,ham
HAM_SMS_04631,Please find the details shared in the group.,44,ham
HAM_SMS_05147,Let's discuss the presentation after lunch.,43,ham
HAM_SMS_07448,The report is ready for review.,31,ham
HAM_SMS_04184,Can you send me the notes from today's lecture?,47,ham
HAM_SMS_06679,The report is ready for review.,31,ham
HAM_SMS_01714,Your payment has been received successfully.,44,ham
HAM_SMS_03789,Thank you for your message. I will check and reply soon.,56,ham
HAM_SMS_07187,Your class schedule has been updated for tomorrow.,50,ham
HAM_SMS_06159,Please call me when you are free.,33,ham
HAM_SMS_05361,Please find the details shared in the group.,44,ham
HAM_SMS_03817,The meeting has been shifted to 4 PM.,37,ham
SPAM_SMS_00046,Earn money from home without investment. Join now.,50,spam
HAM_SMS_06033,Your order has been delivered successfully.,43,ham
HAM_SMS_01721,Your class schedule has been updated for tomorrow.,50,ham
HAM_SMS_00639,Please find the details shared in the group.,44,ham
HAM_SMS_02556,"Hey, are we meeting today for the project discussion?",53,ham
HAM_SMS_05626,The interview schedule will be shared soon.,43,ham
HAM_SMS_00549,Thank you for your message. I will check and reply soon.,56,ham
HAM_SMS_02017,Reminder: submit your assignment before the deadline.,53,ham
SPAM_SMS_00172,Urgent! Your bank account will be blocked. Verify your details immediately.,75,spam
HAM_SMS_06036,"Hey, are we meeting today for the project discussion?",53,ham
HAM_SMS_04995,Can you send me the notes from today's lecture?,47,ham
SPAM_SMS_00061,Congratulations! You have won a cash prize. Click the link to claim now.,72,spam
HAM_SMS_04166,Please call me when you are free.,33,ham
SPAM_SMS_02477,Urgent! Your bank account will be blocked. Verify your details immediately.,75,spam
HAM_SMS_02068,"Hey, are we meeting today for the project discussion?",53,ham
HAM_SMS_05918,The meeting has been shifted to 4 PM.,37,ham
HAM_SMS_01424,Can you send me the notes from today's lecture?,47,ham
SPAM_SMS_00806,Recharge offer available. Get double benefits today.,52,spam
HAM_SMS_02800,Can you send me the notes from today's lecture?,47,ham
HAM_SMS_00703,Your payment has been received successfully.,44,ham
HAM_SMS_01940,The report is ready for review.,31,ham
SPAM_SMS_00254,Urgent! Your bank account will be blocked. Verify your details immediately.,75,spam
SPAM_SMS_01808,Earn money from home without investment. Join now.,50,spam
HAM_SMS_07464,The report is ready for review.,31,ham
HAM_SMS_02562,Your payment has been received successfully.,44,ham
HAM_SMS_02734,The interview schedule will be shared soon.,43,ham
SPAM_SMS_02443,You won a shopping voucher. Claim it today.,43,spam
HAM_SMS_04079,Reminder: submit your assignment before the deadline.,53,ham
SPAM_SMS_00717,You won a shopping voucher. Claim it today.,43,spam
HAM_SMS_00646,Please confirm your availability for the session.,49,ham
HAM_SMS_03949,I reached home safely.,22,ham
HAM_SMS_03942,Can you send me the notes from today's lecture?,47,ham
HAM_SMS_06868,Reminder: submit your assignment before the deadline.,53,ham
HAM_SMS_07069,Thank you for your message. I will check and reply soon.,56,ham
HAM_SMS_07490,Your payment has been received successfully.,44,ham
HAM_SMS_03245,The meeting has been shifted to 4 PM.,37,ham
HAM_SMS_03150,I reached home safely.,22,ham
HAM_SMS_00374,Your class schedule has been updated for tomorrow.,50,ham
SPAM_SMS_01777,Limited time offer. Get free coupons by clicking this link.,59,spam
HAM_SMS_01216,Your payment has been received successfully.,44,ham
HAM_SMS_07269,Your payment has been received successfully.,44,ham
SPAM_SMS_01047,Congratulations! You have won a cash prize. Click the link to claim now.,72,spam
HAM_SMS_04936,Can you send me the notes from today's lecture?,47,ham
HAM_SMS_03716,"Hey, are we meeting today for the project discussion?",53,ham
SPAM_SMS_02288,Suspicious login detected. Update your password immediately.,60,spam
HAM_SMS_00201,The interview schedule will be shared soon.,43,ham
HAM_SMS_01059,The report is ready for review.,31,ham
HAM_SMS_05886,Please confirm your availability for the session.,49,ham
HAM_SMS_06094,Your order has been delivered successfully.,43,ham
HAM_SMS_03525,Can you send me the notes from today's lecture?,47,ham
HAM_SMS_06463,Your order has been delivered successfully.,43,ham
HAM_SMS_04279,Please call me when you are free.,33,ham
HAM_SMS_02353,Your order has been delivered successfully.,43,ham
SPAM_SMS_00370,Urgent! Your bank account will be blocked. Verify your details immediately.,75,spam
HAM_SMS_00752,Let's discuss the presentation after lunch.,43,ham
HAM_SMS_00485,Can you send me the notes from today's lecture?,47,ham
SPAM_SMS_01159,Final warning! Complete KYC verification now.,45,spam
HAM_SMS_03510,The interview schedule will be shared soon.,43,ham
HAM_SMS_05973,I reached home safely.,22,ham
HAM_SMS_01362,Your class schedule has been updated for tomorrow.,50,ham
SPAM_SMS_02219,Exclusive offer only for you. Click here to redeem.,51,spam
SPAM_SMS_01377,Earn money from home without investment. Join now.,50,spam
HAM_SMS_00651,Your class schedule has been updated for tomorrow.,50,ham
HAM_SMS_01774,Can you send me the notes from today's lecture?,47,ham
HAM_SMS_01722,Please find the details shared in the group.,44,ham
HAM_SMS_04825,Your class schedule has been updated for tomorrow.,50,ham
HAM_SMS_01846,Please find the details shared in the group.,44,ham
HAM_SMS_05505,Please call me when you are free.,33,ham
SPAM_SMS_00722,Earn money from home without investment. Join now.,50,spam
HAM_SMS_01752,Please find the details shared in the group.,44,ham
HAM_SMS_04601,Can you send me the notes from today's lecture?,47,ham
HAM_SMS_05852,Please find the details shared in the group.,44,ham
HAM_SMS_00852,The meeting has been shifted to 4 PM.,37,ham
HAM_SMS_05311,Thank you for your message. I will check and reply soon.,56,ham
HAM_SMS_03447,Let's discuss the presentation after lunch.,43,ham
HAM_SMS_07339,Your order has been delivered successfully.,43,ham
HAM_SMS_00944,"Hey, are we meeting today for the project discussion?",53,ham
HAM_SMS_01178,I reached home safely.,22,ham
HAM_SMS_02670,Reminder: submit your assignment before the deadline.,53,ham
HAM_SMS_03643,Can you send me the notes from today's lecture?,47,ham
HAM_SMS_00841,The interview schedule will be shared soon.,43,ham
HAM_SMS_04856,The interview schedule will be shared soon.,43,ham
SPAM_SMS_02272,You won a shopping voucher. Claim it today.,43,spam
HAM_SMS_03370,Please find the details shared in the group.,44,ham
SPAM_SMS_00125,Your mobile number has won a lottery prize.,43,spam
HAM_SMS_03021,Your payment has been received successfully.,44,ham
SPAM_SMS_00243,Free entry in a lucky draw. Text WIN to claim your reward.,58,spam
HAM_SMS_03297,Reminder: submit your assignment before the deadline.,53,ham
HAM_SMS_01416,Let's discuss the presentation after lunch.,43,ham
HAM_SMS_00197,"Hey, are we meeting today for the project discussion?",53,ham
HAM_SMS_00331,Let's discuss the presentation after lunch.,43,ham
HAM_SMS_03852,"Hey, are we meeting today for the project discussion?",53,ham
SPAM_SMS_00840,Recharge offer available. Get double benefits today.,52,spam
HAM_SMS_00137,The report is ready for review.,31,ham
HAM_SMS_03107,I reached home safely.,22,ham
HAM_SMS_04178,Please find the details shared in the group.,44,ham
SPAM_SMS_00374,Congratulations! You have won a cash prize. Click the link to claim now.,72,spam
HAM_SMS_04236,Your order has been delivered successfully.,43,ham
SPAM_SMS_02199,Your mobile number has won a lottery prize.,43,spam
HAM_SMS_06015,Can you send me the notes from today's lecture?,47,ham
HAM_SMS_07283,The meeting has been shifted to 4 PM.,37,ham
HAM_SMS_04129,Your class schedule has been updated for tomorrow.,50,ham
HAM_SMS_06902,The report is ready for review.,31,ham
SPAM_SMS_01406,Claim your free gift card now before it expires.,48,spam
HAM_SMS_04841,Let's discuss the presentation after lunch.,43,ham
HAM_SMS_00109,Your payment has been received successfully.,44,ham
HAM_SMS_07199,Your class schedule has been updated for tomorrow.,50,ham
SPAM_SMS_02043,Earn money from home without investment. Join now.,50,spam
HAM_SMS_07278,Can you send me the notes from today's lecture?,47,ham
HAM_SMS_01830,Let's discuss the presentation after lunch.,43,ham
HAM_SMS_03563,Can you send me the notes from today's lecture?,47,ham
SPAM_SMS_00961,Suspicious login detected. Update your password immediately.,60,spam
HAM_SMS_01769,"Hey, are we meeting today for the project discussion?",53,ham
HAM_SMS_04153,Reminder: submit your assignment before the deadline.,53,ham
HAM_SMS_04684,The report is ready for review.,31,ham
HAM_SMS_03344,Can you send me the notes from today's lecture?,47,ham
HAM_SMS_06082,Can you send me the notes from today's lecture?,47,ham
SPAM_SMS_00749,Claim your free gift card now before it expires.,48,spam
SPAM_SMS_02332,Free entry in a lucky draw. Text WIN to claim your reward.,58,spam
SPAM_SMS_01448,Final warning! Complete KYC verification now.,45,spam
HAM_SMS_02039,I reached home safely.,22,ham
SPAM_SMS_01011,Win money instantly. Register today and claim your bonus.,57,spam
HAM_SMS_05479,"Hey, are we meeting today for the project discussion?",53,ham
HAM_SMS_03240,Your order has been delivered successfully.,43,ham
HAM_SMS_05700,Please find the details shared in the group.,44,ham
SPAM_SMS_00157,You are selected for a reward. Send your account details now.,61,spam
HAM_SMS_04374,Your class schedule has been updated for tomorrow.,50,ham
HAM_SMS_03074,Please call me when you are free.,33,ham
HAM_SMS_03628,The report is ready for review.,31,ham
HAM_SMS_03434,Your order has been delivered successfully.,43,ham
SPAM_SMS_02434,Earn money from home without investment. Join now.,50,spam
HAM_SMS_06261,I reached home safely.,22,ham
HAM_SMS_07287,The interview schedule will be shared soon.,43,ham
SPAM_SMS_01484,Congratulations! You have won a cash prize. Click the link to claim now.,72,spam
SPAM_SMS_00917,Recharge offer available. Get double benefits today.,52,spam
SPAM_SMS_00934,You won a shopping voucher. Claim it today.,43,spam
SPAM_SMS_00099,Your loan is approved. Pay processing fee to receive funds.,59,spam
HAM_SMS_04707,Please call me when you are free.,33,ham
HAM_SMS_05417,Your payment has been received successfully.,44,ham
HAM_SMS_03284,Let's discuss the presentation after lunch.,43,ham
HAM_SMS_00986,Thank you for your message. I will check and reply soon.,56,ham
HAM_SMS_06327,Let's discuss the presentation after lunch.,43,ham
HAM_SMS_06366,Let's discuss the presentation after lunch.,43,ham
HAM_SMS_00215,The report is ready for review.,31,ham
HAM_SMS_03225,Reminder: submit your assignment before the deadline.,53,ham
HAM_SMS_02553,Let's discuss the presentation after lunch.,43,ham
HAM_SMS_05781,Thank you for your message. I will check and reply soon.,56,ham
HAM_SMS_00679,Thank you for your message. I will check and reply soon.,56,ham
HAM_SMS_06270,The report is ready for review.,31,ham
HAM_SMS_01292,"Hey, are we meeting today for the project discussion?",53,ham
HAM_SMS_01780,Please find the details shared in the group.,44,ham
HAM_SMS_03616,Your order has been delivered successfully.,43,ham
HAM_SMS_04321,Thank you for your message. I will check and reply soon.,56,ham
HAM_SMS_05728,The meeting has been shifted to 4 PM.,37,ham
HAM_SMS_06619,The report is ready for review.,31,ham
SPAM_SMS_02427,Limited time offer. Get free coupons by clicking this link.,59,spam
HAM_SMS_07384,Your payment has been received successfully.,44,ham
HAM_SMS_03151,The report is ready for review.,31,ham
HAM_SMS_01254,Your order has been delivered successfully.,43,ham
SPAM_SMS_02233,You won a shopping voucher. Claim it today.,43,spam
HAM_SMS_03063,Your payment has been received successfully.,44,ham
HAM_SMS_07227,"Hey, are we meeting today for the project discussion?",53,ham
HAM_SMS_03718,Your order has been delivered successfully.,43,ham
HAM_SMS_07117,Thank you for your message. I will check and reply soon.,56,ham
HAM_SMS_04981,The meeting has been shifted to 4 PM.,37,ham
SPAM_SMS_01895,Recharge offer available. Get double benefits today.,52,spam
HAM_SMS_02567,Your payment has been received successfully.,44,ham
HAM_SMS_00819,Reminder: submit your assignment before the deadline.,53,ham
HAM_SMS_07023,Please find the details shared in the group.,44,ham
SPAM_SMS_00879,Win money instantly. Register today and claim your bonus.,57,spam
HAM_SMS_06144,I reached home safely.,22,ham
HAM_SMS_02523,Reminder: submit your assignment before the deadline.,53,ham
SPAM_SMS_00504,You won a shopping voucher. Claim it today.,43,spam
HAM_SMS_06274,The report is ready for review.,31,ham
HAM_SMS_06040,Can you send me the notes from today's lecture?,47,ham
SPAM_SMS_00616,Urgent! Your bank account will be blocked. Verify your details immediately.,75,spam
HAM_SMS_06277,Your class schedule has been updated for tomorrow.,50,ham
SPAM_SMS_01578,Your mobile number has won a lottery prize.,43,spam
HAM_SMS_03673,The report is ready for review.,31,ham
HAM_SMS_06091,Your class schedule has been updated for tomorrow.,50,ham
SPAM_SMS_00718,You won a shopping voucher. Claim it today.,43,spam
SPAM_SMS_00164,Final warning! Complete KYC verification now.,45,spam
SPAM_SMS_01493,Recharge offer available. Get double benefits today.,52,spam
HAM_SMS_07019,Let's discuss the presentation after lunch.,43,ham
HAM_SMS_02806,Your payment has been received successfully.,44,ham
HAM_SMS_05184,Your class schedule has been updated for tomorrow.,50,ham
HAM_SMS_02598,Thank you for your message. I will check and reply soon.,56,ham
HAM_SMS_00228,Please confirm your availability for the session.,49,ham
HAM_SMS_06357,The interview schedule will be shared soon.,43,ham
HAM_SMS_04738,Can you send me the notes from today's lecture?,47,ham
SPAM_SMS_00698,You won a shopping voucher. Claim it today.,43,spam
SPAM_SMS_01779,You won a shopping voucher. Claim it today.,43,spam
HAM_SMS_03655,Your class schedule has been updated for tomorrow.,50,ham
HAM_SMS_03255,Can you send me the notes from today's lecture?,47,ham
HAM_SMS_00140,Please confirm your availability for the session.,49,ham
HAM_SMS_00509,Your payment has been received successfully.,44,ham
HAM_SMS_00002,Reminder: submit your assignment before the deadline.,53,ham
SPAM_SMS_01195,Earn money from home without investment. Join now.,50,spam
SPAM_SMS_00469,Urgent! Your bank account will be blocked. Verify your details immediately.,75,spam
HAM_SMS_01529,Your order has been delivered successfully.,43,ham
HAM_SMS_05118,The interview schedule will be shared soon.,43,ham
HAM_SMS_06971,"Hey, are we meeting today for the project discussion?",53,ham
HAM_SMS_04096,Your order has been delivered successfully.,43,ham
HAM_SMS_06382,"Hey, are we meeting today for the project discussion?",53,ham
SPAM_SMS_02217,Urgent! Your bank account will be blocked. Verify your details immediately.,75,spam
HAM_SMS_05355,Reminder: submit your assignment before the deadline.,53,ham
SPAM_SMS_02139,Claim your free gift card now before it expires.,48,spam
HAM_SMS_04406,"Hey, are we meeting today for the project discussion?",53,ham
HAM_SMS_04499,Please call me when you are free.,33,ham
SPAM_SMS_00635,Recharge offer available. Get double benefits today.,52,spam
HAM_SMS_04557,Your order has been delivered successfully.,43,ham
SPAM_SMS_01030,Recharge offer available. Get double benefits today.,52,spam
HAM_SMS_04473,I reached home safely.,22,ham
SPAM_SMS_01639,Limited time offer. Get free coupons by clicking this link.,59,spam
HAM_SMS_04273,Please call me when you are free.,33,ham
SPAM_SMS_00770,Win money instantly. Register today and claim your bonus.,57,spam
HAM_SMS_00563,Your class schedule has been updated for tomorrow.,50,ham
HAM_SMS_02297,"Hey, are we meeting today for the project discussion?",53,ham
HAM_SMS_02509,Let's discuss the presentation after lunch.,43,ham
SPAM_SMS_00604,Suspicious login detected. Update your password immediately.,60,spam
HAM_SMS_01497,Can you send me the notes from today's lecture?,47,ham
HAM_SMS_05167,The meeting has been shifted to 4 PM.,37,ham
SPAM_SMS_01148,Your loan is approved. Pay processing fee to receive funds.,59,spam
HAM_SMS_02873,I reached home safely.,22,ham
SPAM_SMS_01673,You are selected for a reward. Send your account details now.,61,spam
HAM_SMS_01379,The interview schedule will be shared soon.,43,ham
HAM_SMS_02870,Please call me when you are free.,33,ham
HAM_SMS_01646,Can you send me the notes from today's lecture?,47,ham
HAM_SMS_05683,Can you send me the notes from today's lecture?,47,ham
HAM_SMS_05044,"Hey, are we meeting today for the project discussion?",53,ham
SPAM_SMS_01018,Your loan is approved. Pay processing fee to receive funds.,59,spam
SPAM_SMS_01044,You won a shopping voucher. Claim it today.,43,spam
HAM_SMS_01348,The interview schedule will be shared soon.,43,ham
HAM_SMS_00123,Your order has been delivered successfully.,43,ham
SPAM_SMS_00532,Limited time offer. Get free coupons by clicking this link.,59,spam
HAM_SMS_00684,"Hey, are we meeting today for the project discussion?",53,ham
SPAM_SMS_00800,Urgent! Your bank account will be blocked. Verify your details immediately.,75,spam
HAM_SMS_01329,Please confirm your availability for the session.,49,ham
HAM_SMS_04605,Your payment has been received successfully.,44,ham
HAM_SMS_05049,Your class schedule has been updated for tomorrow.,50,ham
HAM_SMS_03696,The report is ready for review.,31,ham
HAM_SMS_00505,Please call me when you are free.,33,ham
HAM_SMS_01428,Your class schedule has been updated for tomorrow.,50,ham
HAM_SMS_03918,Please call me when you are free.,33,ham
HAM_SMS_01667,Please confirm your availability for the session.,49,ham
HAM_SMS_03824,Please confirm your availability for the session.,49,ham
SPAM_SMS_01067,Exclusive offer only for you. Click here to redeem.,51,spam
HAM_SMS_06900,Your order has been delivered successfully.,43,ham
SPAM_SMS_01318,You are selected for a reward. Send your account details now.,61,spam
HAM_SMS_05647,Please find the details shared in the group.,44,ham
SPAM_SMS_00342,Claim your free gift card now before it expires.,48,spam
HAM_SMS_03446,The report is ready for review.,31,ham
SPAM_SMS_01707,Congratulations! You have won a cash prize. Click the link to claim now.,72,spam
SPAM_SMS_02007,Suspicious login detected. Update your password immediately.,60,spam
HAM_SMS_07447,Your order has been delivered successfully.,43,ham
SPAM_SMS_00141,Congratulations! You have won a cash prize. Click the link to claim now.,72,spam
HAM_SMS_06765,Your order has been delivered successfully.,43,ham
SPAM_SMS_01778,Win money instantly. Register today and claim your bonus.,57,spam
SPAM_SMS_00285,Recharge offer available. Get double benefits today.,52,spam
SPAM_SMS_01293,Final warning! Complete KYC verification now.,45,spam
HAM_SMS_01176,Your payment has been received successfully.,44,ham
HAM_SMS_00851,"Hey, are we meeting today for the project discussion?",53,ham
SPAM_SMS_01213,Suspicious login detected. Update your password immediately.,60,spam
HAM_SMS_06269,Reminder: submit your assignment before the deadline.,53,ham
SPAM_SMS_01618,Free entry in a lucky draw. Text WIN to claim your reward.,58,spam
HAM_SMS_00543,The meeting has been shifted to 4 PM.,37,ham
HAM_SMS_03251,Your class schedule has been updated for tomorrow.,50,ham
HAM_SMS_00057,Your order has been delivered successfully.,43,ham
HAM_SMS_03901,Your class schedule has been updated for tomorrow.,50,ham
HAM_SMS_00864,Your payment has been received successfully.,44,ham
HAM_SMS_04677,The interview schedule will be shared soon.,43,ham
HAM_SMS_01158,Please call me when you are free.,33,ham
HAM_SMS_07190,Your payment has been received successfully.,44,ham
HAM_SMS_00667,The report is ready for review.,31,ham
HAM_SMS_04632,Please find the details shared in the group.,44,ham
HAM_SMS_00780,The interview schedule will be shared soon.,43,ham
SPAM_SMS_02465,Claim your free gift card now before it expires.,48,spam
SPAM_SMS_01621,Congratulations! You have won a cash prize. Click the link to claim now.,72,spam
SPAM_SMS_00982,Your mobile number has won a lottery prize.,43,spam
HAM_SMS_05558,Your order has been delivered successfully.,43,ham
SPAM_SMS_01643,Recharge offer available. Get double benefits today.,52,spam
SPAM_SMS_01222,Recharge offer available. Get double benefits today.,52,spam
HAM_SMS_00175,Please call me when you are free.,33,ham
HAM_SMS_02211,The interview schedule will be shared soon.,43,ham
HAM_SMS_07139,The interview schedule will be shared soon.,43,ham
SPAM_SMS_01575,Suspicious login detected. Update your password immediately.,60,spam
HAM_SMS_06937,Let's discuss the presentation after lunch.,43,ham
HAM_SMS_00244,I reached home safely.,22,ham
HAM_SMS_06592,The report is ready for review.,31,ham
HAM_SMS_01689,Let's discuss the presentation after lunch.,43,ham
HAM_SMS_03993,Reminder: submit your assignment before the deadline.,53,ham
SPAM_SMS_00303,Urgent! Your bank account will be blocked. Verify your details immediately.,75,spam
HAM_SMS_04594,The meeting has been shifted to 4 PM.,37,ham
HAM_SMS_05142,Reminder: submit your assignment before the deadline.,53,ham
SPAM_SMS_02396,Exclusive offer only for you. Click here to redeem.,51,spam
HAM_SMS_01835,Thank you for your message. I will check and reply soon.,56,ham
HAM_SMS_02251,Your class schedule has been updated for tomorrow.,50,ham
SPAM_SMS_00860,Exclusive offer only for you. Click here to redeem.,51,spam
HAM_SMS_01246,Reminder: submit your assignment before the deadline.,53,ham
HAM_SMS_07327,The report is ready for review.,31,ham
HAM_SMS_01053,Please confirm your availability for the session.,49,ham
HAM_SMS_05706,Your payment has been received successfully.,44,ham
HAM_SMS_07144,The meeting has been shifted to 4 PM.,37,ham
HAM_SMS_00001,"Hey, are we meeting today for the project discussion?",53,ham
HAM_SMS_03385,"Hey, are we meeting today for the project discussion?",53,ham
HAM_SMS_02430,Please call me when you are free.,33,ham
SPAM_SMS_01444,You won a shopping voucher. Claim it today.,43,spam
HAM_SMS_05564,I reached home safely.,22,ham
SPAM_SMS_02301,Urgent! Your bank account will be blocked. Verify your details immediately.,75,spam
SPAM_SMS_00739,Free entry in a lucky draw. Text WIN to claim your reward.,58,spam
HAM_SMS_02042,Reminder: submit your assignment before the deadline.,53,ham
SPAM_SMS_02249,Final warning! Complete KYC verification now.,45,spam
HAM_SMS_05743,Thank you for your message. I will check and reply soon.,56,ham
SPAM_SMS_02085,Claim your free gift card now before it expires.,48,spam
HAM_SMS_01392,The report is ready for review.,31,ham
HAM_SMS_04490,Please find the details shared in the group.,44,ham
SPAM_SMS_01176,Exclusive offer only for you. Click here to redeem.,51,spam
HAM_SMS_05554,Please call me when you are free.,33,ham
SPAM_SMS_00723,Your mobile number has won a lottery prize.,43,spam
HAM_SMS_00171,Your payment has been received successfully.,44,ham
HAM_SMS_04159,Your class schedule has been updated for tomorrow.,50,ham
HAM_SMS_01758,Please confirm your availability for the session.,49,ham
HAM_SMS_02077,Your order has been delivered successfully.,43,ham
HAM_SMS_06255,Please call me when you are free.,33,ham
HAM_SMS_04247,Please confirm your availability for the session.,49,ham
SPAM_SMS_01970,Claim your free gift card now before it expires.,48,spam
HAM_SMS_04316,Can you send me the notes from today's lecture?,47,ham
HAM_SMS_06943,Let's discuss the presentation after lunch.,43,ham
SPAM_SMS_00525,Exclusive offer only for you. Click here to redeem.,51,spam
HAM_SMS_05636,Please call me when you are free.,33,ham
HAM_SMS_01388,Please call me when you are free.,33,ham
HAM_SMS_04591,The meeting has been shifted to 4 PM.,37,ham
HAM_SMS_04446,I reached home safely.,22,ham
SPAM_SMS_01603,You are selected for a reward. Send your account details now.,61,spam
HAM_SMS_02771,Your order has been delivered successfully.,43,ham
HAM_SMS_05933,Reminder: submit your assignment before the deadline.,53,ham
HAM_SMS_02831,Your order has been delivered successfully.,43,ham
SPAM_SMS_02045,Free entry in a lucky draw. Text WIN to claim your reward.,58,spam
HAM_SMS_00900,Reminder: submit your assignment before the deadline.,53,ham
HAM_SMS_03752,Your payment has been received successfully.,44,ham
HAM_SMS_02158,Thank you for your message. I will check and reply soon.,56,ham
SPAM_SMS_01981,Free entry in a lucky draw. Text WIN to claim your reward.,58,spam
HAM_SMS_06048,Your order has been delivered successfully.,43,ham
HAM_SMS_06876,Your payment has been received successfully.,44,ham
HAM_SMS_04022,I reached home safely.,22,ham
HAM_SMS_01192,Your order has been delivered successfully.,43,ham
HAM_SMS_00451,Your order has been delivered successfully.,43,ham
HAM_SMS_05623,Please find the details shared in the group.,44,ham
HAM_SMS_01991,Please call me when you are free.,33,ham
HAM_SMS_06328,The meeting has been shifted to 4 PM.,37,ham
HAM_SMS_00144,Your payment has been received successfully.,44,ham
HAM_SMS_00660,"Hey, are we meeting today for the project discussion?",53,ham
SPAM_SMS_02345,You are selected for a reward. Send your account details now.,61,spam
HAM_SMS_03815,Your payment has been received successfully.,44,ham
SPAM_SMS_02421,You are selected for a reward. Send your account details now.,61,spam
HAM_SMS_01610,Can you send me the notes from today's lecture?,47,ham
HAM_SMS_02656,The report is ready for review.,31,ham
HAM_SMS_04102,Thank you for your message. I will check and reply soon.,56,ham
HAM_SMS_02585,Thank you for your message. I will check and reply soon.,56,ham
SPAM_SMS_00674,You won a shopping voucher. Claim it today.,43,spam
SPAM_SMS_01385,Congratulations! You have won a cash prize. Click the link to claim now.,72,spam
HAM_SMS_05133,Let's discuss the presentation after lunch.,43,ham
HAM_SMS_03550,The report is ready for review.,31,ham
HAM_SMS_03548,Your order has been delivered successfully.,43,ham
HAM_SMS_07203,The meeting has been shifted to 4 PM.,37,ham
HAM_SMS_00158,"Hey, are we meeting today for the project discussion?",53,ham
SPAM_SMS_01864,Urgent! Your bank account will be blocked. Verify your details immediately.,75,spam
SPAM_SMS_02279,Your loan is approved. Pay processing fee to receive funds.,59,spam
HAM_SMS_04595,Let's discuss the presentation after lunch.,43,ham
HAM_SMS_00108,Thank you for your message. I will check and reply soon.,56,ham
HAM_SMS_05515,The report is ready for review.,31,ham
HAM_SMS_05342,The interview schedule will be shared soon.,43,ham
SPAM_SMS_01073,Recharge offer available. Get double benefits today.,52,spam
HAM_SMS_06811,Thank you for your message. I will check and reply soon.,56,ham
HAM_SMS_00260,Please confirm your availability for the session.,49,ham
HAM_SMS_03343,Please find the details shared in the group.,44,ham
HAM_SMS_01237,Please find the details shared in the group.,44,ham
HAM_SMS_03451,The meeting has been shifted to 4 PM.,37,ham
HAM_SMS_05883,I reached home safely.,22,ham
HAM_SMS_07216,Please confirm your availability for the session.,49,ham
SPAM_SMS_01413,Limited time offer. Get free coupons by clicking this link.,59,spam
HAM_SMS_07132,Your class schedule has been updated for tomorrow.,50,ham
HAM_SMS_02073,Please find the details shared in the group.,44,ham
HAM_SMS_01250,Thank you for your message. I will check and reply soon.,56,ham
SPAM_SMS_00311,Your mobile number has won a lottery prize.,43,spam
HAM_SMS_05194,Reminder: submit your assignment before the deadline.,53,ham
HAM_SMS_04903,The interview schedule will be shared soon.,43,ham
HAM_SMS_06802,Please confirm your availability for the session.,49,ham
HAM_SMS_01633,Your payment has been received successfully.,44,ham
SPAM_SMS_02293,Urgent! Your bank account will be blocked. Verify your details immediately.,75,spam
HAM_SMS_07471,I reached home safely.,22,ham
HAM_SMS_06625,"Hey, are we meeting today for the project discussion?",53,ham
HAM_SMS_01679,Your class schedule has been updated for tomorrow.,50,ham
SPAM_SMS_00231,Congratulations! You have won a cash prize. Click the link to claim now.,72,spam
HAM_SMS_05983,The meeting has been shifted to 4 PM.,37,ham
SPAM_SMS_00920,Your loan is approved. Pay processing fee to receive funds.,59,spam
HAM_SMS_06223,Can you send me the notes from today's lecture?,47,ham
HAM_SMS_06132,Please find the details shared in the group.,44,ham
HAM_SMS_02438,Can you send me the notes from today's lecture?,47,ham
SPAM_SMS_00341,Your loan is approved. Pay processing fee to receive funds.,59,spam
HAM_SMS_06176,The report is ready for review.,31,ham
HAM_SMS_06207,Please call me when you are free.,33,ham
HAM_SMS_01902,The report is ready for review.,31,ham
HAM_SMS_03449,Please confirm your availability for the session.,49,ham
SPAM_SMS_01313,Your loan is approved. Pay processing fee to receive funds.,59,spam
SPAM_SMS_00402,You are selected for a reward. Send your account details now.,61,spam
HAM_SMS_06185,Please call me when you are free.,33,ham
SPAM_SMS_01985,Your loan is approved. Pay processing fee to receive funds.,59,spam
HAM_SMS_04436,The report is ready for review.,31,ham
HAM_SMS_06413,Please call me when you are free.,33,ham
HAM_SMS_00680,The report is ready for review.,31,ham
HAM_SMS_07500,I reached home safely.,22,ham
HAM_SMS_01690,The meeting has been shifted to 4 PM.,37,ham
HAM_SMS_01664,"Hey, are we meeting today for the project discussion?",53,ham
HAM_SMS_06309,Your order has been delivered successfully.,43,ham
HAM_SMS_02419,Your order has been delivered successfully.,43,ham
HAM_SMS_06767,I reached home safely.,22,ham
HAM_SMS_04323,The meeting has been shifted to 4 PM.,37,ham
HAM_SMS_02923,Let's discuss the presentation after lunch.,43,ham
HAM_SMS_01625,Your class schedule has been updated for tomorrow.,50,ham
HAM_SMS_07408,The report is ready for review.,31,ham
SPAM_SMS_01644,Claim your free gift card now before it expires.,48,spam
HAM_SMS_04203,The meeting has been shifted to 4 PM.,37,ham
HAM_SMS_00992,The meeting has been shifted to 4 PM.,37,ham
HAM_SMS_03762,"Hey, are we meeting today for the project discussion?",53,ham
HAM_SMS_01404,Your class schedule has been updated for tomorrow.,50,ham
HAM_SMS_07116,The report is ready for review.,31,ham
SPAM_SMS_01483,Your mobile number has won a lottery prize.,43,spam
HAM_SMS_07297,"Hey, are we meeting today for the project discussion?",53,ham
HAM_SMS_03568,Your order has been delivered successfully.,43,ham
HAM_SMS_07226,Thank you for your message. I will check and reply soon.,56,ham
HAM_SMS_05717,Can you send me the notes from today's lecture?,47,ham
SPAM_SMS_00321,Free entry in a lucky draw. Text WIN to claim your reward.,58,spam
HAM_SMS_04968,Let's discuss the presentation after lunch.,43,ham
SPAM_SMS_02309,Earn money from home without investment. Join now.,50,spam
HAM_SMS_02273,Your payment has been received successfully.,44,ham
HAM_SMS_01100,I reached home safely.,22,ham
HAM_SMS_04414,Your order has been delivered successfully.,43,ham
HAM_SMS_00403,Let's discuss the presentation after lunch.,43,ham
HAM_SMS_04353,Please call me when you are free.,33,ham
SPAM_SMS_01294,You won a shopping voucher. Claim it today.,43,spam
HAM_SMS_04563,Please find the details shared in the group.,44,ham
HAM_SMS_03147,Please find the details shared in the group.,44,ham
HAM_SMS_06701,"Hey, are we meeting today for the project discussion?",53,ham
SPAM_SMS_00839,Your loan is approved. Pay processing fee to receive funds.,59,spam
HAM_SMS_01081,Please find the details shared in the group.,44,ham
HAM_SMS_07173,Please find the details shared in the group.,44,ham
HAM_SMS_04168,Reminder: submit your assignment before the deadline.,53,ham
SPAM_SMS_01184,Limited time offer. Get free coupons by clicking this link.,59,spam
HAM_SMS_00490,Please confirm your availability for the session.,49,ham
HAM_SMS_02988,Please find the details shared in the group.,44,ham
HAM_SMS_00312,Your class schedule has been updated for tomorrow.,50,ham
HAM_SMS_06000,Can you send me the notes from today's lecture?,47,ham
HAM_SMS_01043,Can you send me the notes from today's lecture?,47,ham
HAM_SMS_03922,Please call me when you are free.,33,ham
HAM_SMS_06165,Please confirm your availability for the session.,49,ham
HAM_SMS_00041,The interview schedule will be shared soon.,43,ham
HAM_SMS_01665,Reminder: submit your assignment before the deadline.,53,ham
SPAM_SMS_00275,Congratulations! You have won a cash prize. Click the link to claim now.,72,spam
HAM_SMS_02666,The interview schedule will be shared soon.,43,ham
SPAM_SMS_01366,Final warning! Complete KYC verification now.,45,spam
HAM_SMS_04747,Please confirm your availability for the session.,49,ham
SPAM_SMS_01245,Exclusive offer only for you. Click here to redeem.,51,spam
HAM_SMS_07051,The interview schedule will be shared soon.,43,ham
HAM_SMS_05449,Let's discuss the presentation after lunch.,43,ham
HAM_SMS_00871,Your order has been delivered successfully.,43,ham
SPAM_SMS_01409,Claim your free gift card now before it expires.,48,spam
HAM_SMS_06677,Your order has been delivered successfully.,43,ham
HAM_SMS_01219,"Hey, are we meeting today for the project discussion?",53,ham
HAM_SMS_05123,I reached home safely.,22,ham
HAM_SMS_03265,Please find the details shared in the group.,44,ham
HAM_SMS_06034,The report is ready for review.,31,ham
HAM_SMS_00827,Please find the details shared in the group.,44,ham
SPAM_SMS_00983,Limited time offer. Get free coupons by clicking this link.,59,spam
SPAM_SMS_01133,Suspicious login detected. Update your password immediately.,60,spam
SPAM_SMS_01033,Your mobile number has won a lottery prize.,43,spam
SPAM_SMS_01032,Win money instantly. Register today and claim your bonus.,57,spam
HAM_SMS_03698,The meeting has been shifted to 4 PM.,37,ham
HAM_SMS_02479,Let's discuss the presentation after lunch.,43,ham
HAM_SMS_00711,The report is ready for review.,31,ham
HAM_SMS_06958,The interview schedule will be shared soon.,43,ham
SPAM_SMS_00463,You are selected for a reward. Send your account details now.,61,spam
SPAM_SMS_00096,Win money instantly. Register today and claim your bonus.,57,spam
HAM_SMS_03227,Thank you for your message. I will check and reply soon.,56,ham
HAM_SMS_01032,The report is ready for review.,31,ham
SPAM_SMS_01655,Claim your free gift card now before it expires.,48,spam
HAM_SMS_00676,Can you send me the notes from today's lecture?,47,ham
HAM_SMS_00956,The meeting has been shifted to 4 PM.,37,ham
HAM_SMS_00267,Your payment has been received successfully.,44,ham
HAM_SMS_01607,The report is ready for review.,31,ham
HAM_SMS_03280,Please call me when you are free.,33,ham
SPAM_SMS_01976,Final warning! Complete KYC verification now.,45,spam
SPAM_SMS_02299,Earn money from home without investment. Join now.,50,spam
SPAM_SMS_02498,Your mobile number has won a lottery prize.,43,spam
SPAM_SMS_00362,You are selected for a reward. Send your account details now.,61,spam
HAM_SMS_06650,Please confirm your availability for the session.,49,ham
SPAM_SMS_02366,Final warning! Complete KYC verification now.,45,spam
HAM_SMS_00983,The report is ready for review.,31,ham
SPAM_SMS_00689,Claim your free gift card now before it expires.,48,spam
SPAM_SMS_02405,Final warning! Complete KYC verification now.,45,spam
HAM_SMS_02798,Please find the details shared in the group.,44,ham
HAM_SMS_06195,Please find the details shared in the group.,44,ham
SPAM_SMS_01665,You are selected for a reward. Send your account details now.,61,spam
HAM_SMS_01499,Your payment has been received successfully.,44,ham
SPAM_SMS_01683,Your mobile number has won a lottery prize.,43,spam
HAM_SMS_05291,I reached home safely.,22,ham
HAM_SMS_03781,Reminder: submit your assignment before the deadline.,53,ham
HAM_SMS_05389,The meeting has been shifted to 4 PM.,37,ham
HAM_SMS_01307,Please confirm your availability for the session.,49,ham
HAM_SMS_07380,The meeting has been shifted to 4 PM.,37,ham
HAM_SMS_00134,Your order has been delivered successfully.,43,ham
SPAM_SMS_01376,Congratulations! You have won a cash prize. Click the link to claim now.,72,spam
SPAM_SMS_01948,Your mobile number has won a lottery prize.,43,spam
HAM_SMS_00907,The meeting has been shifted to 4 PM.,37,ham
HAM_SMS_03561,The interview schedule will be shared soon.,43,ham
SPAM_SMS_00985,Free entry in a lucky draw. Text WIN to claim your reward.,58,spam
HAM_SMS_00351,Thank you for your message. I will check and reply soon.,56,ham
HAM_SMS_04716,Please find the details shared in the group.,44,ham
HAM_SMS_05281,Please confirm your availability for the session.,49,ham
SPAM_SMS_00864,You won a shopping voucher. Claim it today.,43,spam
SPAM_SMS_01974,Your mobile number has won a lottery prize.,43,spam
HAM_SMS_05062,The report is ready for review.,31,ham
HAM_SMS_01707,The interview schedule will be shared soon.,43,ham
HAM_SMS_04645,The meeting has been shifted to 4 PM.,37,ham
HAM_SMS_07291,Please confirm your availability for the session.,49,ham
HAM_SMS_04491,Please call me when you are free.,33,ham
HAM_SMS_03298,Let's discuss the presentation after lunch.,43,ham
HAM_SMS_03671,Can you send me the notes from today's lecture?,47,ham
SPAM_SMS_00335,Suspicious login detected. Update your password immediately.,60,spam
HAM_SMS_05906,The interview schedule will be shared soon.,43,ham
HAM_SMS_07076,Your order has been delivered successfully.,43,ham
HAM_SMS_04472,The meeting has been shifted to 4 PM.,37,ham
SPAM_SMS_01780,You won a shopping voucher. Claim it today.,43,spam
SPAM_SMS_01508,Free entry in a lucky draw. Text WIN to claim your reward.,58,spam
HAM_SMS_05074,Your payment has been received successfully.,44,ham
HAM_SMS_03216,Please confirm your availability for the session.,49,ham
HAM_SMS_05959,"Hey, are we meeting today for the project discussion?",53,ham
SPAM_SMS_00672,Urgent! Your bank account will be blocked. Verify your details immediately.,75,spam
HAM_SMS_04548,"Hey, are we meeting today for the project discussion?",53,ham
SPAM_SMS_01807,Limited time offer. Get free coupons by clicking this link.,59,spam
HAM_SMS_05140,The report is ready for review.,31,ham
HAM_SMS_02241,Please find the details shared in the group.,44,ham
SPAM_SMS_00098,Claim your free gift card now before it expires.,48,spam
HAM_SMS_04602,Let's discuss the presentation after lunch.,43,ham
HAM_SMS_06804,Can you send me the notes from today's lecture?,47,ham
SPAM_SMS_00045,Congratulations! You have won a cash prize. Click the link to claim now.,72,spam
SPAM_SMS_00047,Earn money from home without investment. Join now.,50,spam
HAM_SMS_04599,The report is ready for review.,31,ham
HAM_SMS_06521,Let's discuss the presentation after lunch.,43,ham
HAM_SMS_07072,Reminder: submit your assignment before the deadline.,53,ham
HAM_SMS_00027,"Hey, are we meeting today for the project discussion?",53,ham
HAM_SMS_05397,Your payment has been received successfully.,44,ham
SPAM_SMS_01143,Congratulations! You have won a cash prize. Click the link to claim now.,72,spam
HAM_SMS_00661,Your class schedule has been updated for tomorrow.,50,ham
HAM_SMS_00402,"Hey, are we meeting today for the project discussion?",53,ham
HAM_SMS_01328,Please find the details shared in the group.,44,ham
HAM_SMS_04780,The report is ready for review.,31,ham
SPAM_SMS_00959,You won a shopping voucher. Claim it today.,43,spam
HAM_SMS_06930,Your order has been delivered successfully.,43,ham
SPAM_SMS_01321,Limited time offer. Get free coupons by clicking this link.,59,spam
HAM_SMS_00347,Please confirm your availability for the session.,49,ham
HAM_SMS_02095,The interview schedule will be shared soon.,43,ham
SPAM_SMS_00232,Limited time offer. Get free coupons by clicking this link.,59,spam
HAM_SMS_02628,I reached home safely.,22,ham
HAM_SMS_07123,"Hey, are we meeting today for the project discussion?",53,ham
HAM_SMS_01537,Can you send me the notes from today's lecture?,47,ham
HAM_SMS_01096,Please find the details shared in the group.,44,ham
HAM_SMS_00279,Let's discuss the presentation after lunch.,43,ham
SPAM_SMS_01865,You won a shopping voucher. Claim it today.,43,spam
SPAM_SMS_00761,Exclusive offer only for you. Click here to redeem.,51,spam
HAM_SMS_02376,Please find the details shared in the group.,44,ham
HAM_SMS_04561,Can you send me the notes from today's lecture?,47,ham
HAM_SMS_03244,Let's discuss the presentation after lunch.,43,ham
HAM_SMS_04329,Can you send me the notes from today's lecture?,47,ham
HAM_SMS_02530,"Hey, are we meeting today for the project discussion?",53,ham
HAM_SMS_06748,Let's discuss the presentation after lunch.,43,ham
HAM_SMS_05174,The interview schedule will be shared soon.,43,ham
HAM_SMS_00014,Your payment has been received successfully.,44,ham
SPAM_SMS_01844,Congratulations! You have won a cash prize. Click the link to claim now.,72,spam
HAM_SMS_00976,Your class schedule has been updated for tomorrow.,50,ham
SPAM_SMS_00175,Final warning! Complete KYC verification now.,45,spam
HAM_SMS_03573,Please confirm your availability for the session.,49,ham
SPAM_SMS_02494,Free entry in a lucky draw. Text WIN to claim your reward.,58,spam
HAM_SMS_01016,Please find the details shared in the group.,44,ham
HAM_SMS_05946,Your order has been delivered successfully.,43,ham
HAM_SMS_07104,Your class schedule has been updated for tomorrow.,50,ham
SPAM_SMS_01910,Limited time offer. Get free coupons by clicking this link.,59,spam
HAM_SMS_00325,Please confirm your availability for the session.,49,ham
HAM_SMS_05854,Please confirm your availability for the session.,49,ham
HAM_SMS_06807,Reminder: submit your assignment before the deadline.,53,ham
HAM_SMS_01701,Please confirm your availability for the session.,49,ham
SPAM_SMS_01180,You are selected for a reward. Send your account details now.,61,spam
HAM_SMS_03049,"Hey, are we meeting today for the project discussion?",53,ham
SPAM_SMS_00101,Earn money from home without investment. Join now.,50,spam
HAM_SMS_04587,Your order has been delivered successfully.,43,ham
SPAM_SMS_01769,Suspicious login detected. Update your password immediately.,60,spam
HAM_SMS_02916,Thank you for your message. I will check and reply soon.,56,ham
SPAM_SMS_00963,Win money instantly. Register today and claim your bonus.,57,spam
HAM_SMS_07197,Can you send me the notes from today's lecture?,47,ham
HAM_SMS_03596,The report is ready for review.,31,ham
HAM_SMS_03547,Your order has been delivered successfully.,43,ham
HAM_SMS_06027,Your class schedule has been updated for tomorrow.,50,ham
SPAM_SMS_00526,Claim your free gift card now before it expires.,48,spam
HAM_SMS_06236,The report is ready for review.,31,ham
HAM_SMS_06143,Your class schedule has been updated for tomorrow.,50,ham
HAM_SMS_01658,Please find the details shared in the group.,44,ham
SPAM_SMS_01230,Your mobile number has won a lottery prize.,43,spam
SPAM_SMS_01160,Final warning! Complete KYC verification now.,45,spam
HAM_SMS_02962,Please call me when you are free.,33,ham
HAM_SMS_06935,Can you send me the notes from today's lecture?,47,ham
HAM_SMS_06287,The report is ready for review.,31,ham
SPAM_SMS_01606,Urgent! Your bank account will be blocked. Verify your details immediately.,75,spam
HAM_SMS_00537,Can you send me the notes from today's lecture?,47,ham
HAM_SMS_04745,Let's discuss the presentation after lunch.,43,ham
SPAM_SMS_02008,Claim your free gift card now before it expires.,48,spam
SPAM_SMS_01163,You won a shopping voucher. Claim it today.,43,spam
HAM_SMS_02727,The meeting has been shifted to 4 PM.,37,ham
HAM_SMS_01845,The report is ready for review.,31,ham
HAM_SMS_03788,Please confirm your availability for the session.,49,ham
HAM_SMS_03989,Can you send me the notes from today's lecture?,47,ham
HAM_SMS_01137,Reminder: submit your assignment before the deadline.,53,ham
SPAM_SMS_00139,You are selected for a reward. Send your account details now.,61,spam
HAM_SMS_03636,Let's discuss the presentation after lunch.,43,ham
HAM_SMS_05819,Please confirm your availability for the session.,49,ham
HAM_SMS_07370,The interview schedule will be shared soon.,43,ham
HAM_SMS_05265,Thank you for your message. I will check and reply soon.,56,ham
HAM_SMS_05439,"Hey, are we meeting today for the project discussion?",53,ham
HAM_SMS_04519,I reached home safely.,22,ham
SPAM_SMS_00929,Recharge offer available. Get double benefits today.,52,spam
HAM_SMS_06039,Please confirm your availability for the session.,49,ham
HAM_SMS_01333,Please find the details shared in the group.,44,ham
HAM_SMS_03854,Can you send me the notes from today's lecture?,47,ham
HAM_SMS_04815,The report is ready for review.,31,ham
SPAM_SMS_01937,Win money instantly. Register today and claim your bonus.,57,spam
SPAM_SMS_00756,You won a shopping voucher. Claim it today.,43,spam
HAM_SMS_04740,Reminder: submit your assignment before the deadline.,53,ham
HAM_SMS_01969,Please find the details shared in the group.,44,ham
SPAM_SMS_01885,Final warning! Complete KYC verification now.,45,spam
HAM_SMS_00530,Thank you for your message. I will check and reply soon.,56,ham
HAM_SMS_03712,I reached home safely.,22,ham
HAM_SMS_07259,Please find the details shared in the group.,44,ham
SPAM_SMS_01225,Free entry in a lucky draw. Text WIN to claim your reward.,58,spam
HAM_SMS_04774,The meeting has been shifted to 4 PM.,37,ham
HAM_SMS_02906,Your class schedule has been updated for tomorrow.,50,ham
HAM_SMS_04443,The report is ready for review.,31,ham
SPAM_SMS_01130,Your loan is approved. Pay processing fee to receive funds.,59,spam
HAM_SMS_04044,Your payment has been received successfully.,44,ham
SPAM_SMS_00177,Congratulations! You have won a cash prize. Click the link to claim now.,72,spam
HAM_SMS_05371,The meeting has been shifted to 4 PM.,37,ham
SPAM_SMS_00584,Recharge offer available. Get double benefits today.,52,spam
HAM_SMS_04558,Please confirm your availability for the session.,49,ham
HAM_SMS_06840,Your order has been delivered successfully.,43,ham
SPAM_SMS_00461,Exclusive offer only for you. Click here to redeem.,51,spam
HAM_SMS_04270,Please call me when you are free.,33,ham
HAM_SMS_04701,Reminder: submit your assignment before the deadline.,53,ham
SPAM_SMS_01434,Urgent! Your bank account will be blocked. Verify your details immediately.,75,spam
HAM_SMS_05075,Reminder: submit your assignment before the deadline.,53,ham
HAM_SMS_02510,The report is ready for review.,31,ham
SPAM_SMS_00796,Earn money from home without investment. Join now.,50,spam
HAM_SMS_03833,The report is ready for review.,31,ham
SPAM_SMS_02266,Free entry in a lucky draw. Text WIN to claim your reward.,58,spam
SPAM_SMS_02133,Recharge offer available. Get double benefits today.,52,spam
SPAM_SMS_00987,You are selected for a reward. Send your account details now.,61,spam
HAM_SMS_00152,Please find the details shared in the group.,44,ham
HAM_SMS_04610,Your payment has been received successfully.,44,ham
HAM_SMS_04244,Please confirm your availability for the session.,49,ham
SPAM_SMS_00485,Claim your free gift card now before it expires.,48,spam
HAM_SMS_06883,Please confirm your availability for the session.,49,ham
HAM_SMS_02604,Let's discuss the presentation after lunch.,43,ham
HAM_SMS_03978,Let's discuss the presentation after lunch.,43,ham
HAM_SMS_01073,The interview schedule will be shared soon.,43,ham
HAM_SMS_02007,Can you send me the notes from today's lecture?,47,ham
HAM_SMS_06730,Please call me when you are free.,33,ham
HAM_SMS_05526,I reached home safely.,22,ham
SPAM_SMS_00745,Exclusive offer only for you. Click here to redeem.,51,spam
SPAM_SMS_01805,Exclusive offer only for you. Click here to redeem.,51,spam
HAM_SMS_04585,Your order has been delivered successfully.,43,ham
HAM_SMS_06784,Reminder: submit your assignment before the deadline.,53,ham
HAM_SMS_04955,I reached home safely.,22,ham
HAM_SMS_02975,Your class schedule has been updated for tomorrow.,50,ham
SPAM_SMS_02273,Claim your free gift card now before it expires.,48,spam
SPAM_SMS_01831,Final warning! Complete KYC verification now.,45,spam
HAM_SMS_05786,The interview schedule will be shared soon.,43,ham
SPAM_SMS_01886,Your mobile number has won a lottery prize.,43,spam
SPAM_SMS_01001,Urgent! Your bank account will be blocked. Verify your details immediately.,75,spam
HAM_SMS_06700,I reached home safely.,22,ham
SPAM_SMS_00623,Earn money from home without investment. Join now.,50,spam
SPAM_SMS_00613,Your loan is approved. Pay processing fee to receive funds.,59,spam
HAM_SMS_00508,Your payment has been received successfully.,44,ham
HAM_SMS_03246,The report is ready for review.,31,ham
SPAM_SMS_01972,You won a shopping voucher. Claim it today.,43,spam
HAM_SMS_04929,The meeting has been shifted to 4 PM.,37,ham
HAM_SMS_03440,Reminder: submit your assignment before the deadline.,53,ham
SPAM_SMS_00491,Final warning! Complete KYC verification now.,45,spam
SPAM_SMS_02106,Suspicious login detected. Update your password immediately.,60,spam
HAM_SMS_03268,Please find the details shared in the group.,44,ham
SPAM_SMS_02280,Your loan is approved. Pay processing fee to receive funds.,59,spam
SPAM_SMS_01098,You are selected for a reward. Send your account details now.,61,spam
HAM_SMS_00401,The meeting has been shifted to 4 PM.,37,ham
HAM_SMS_01738,Your order has been delivered successfully.,43,ham
SPAM_SMS_00596,Earn money from home without investment. Join now.,50,spam
HAM_SMS_06155,Thank you for your message. I will check and reply soon.,56,ham
HAM_SMS_00042,"Hey, are we meeting today for the project discussion?",53,ham
HAM_SMS_00516,The report is ready for review.,31,ham
HAM_SMS_05238,Please call me when you are free.,33,ham
SPAM_SMS_00555,Free entry in a lucky draw. Text WIN to claim your reward.,58,spam
HAM_SMS_01762,The report is ready for review.,31,ham
HAM_SMS_06871,Your payment has been received successfully.,44,ham
HAM_SMS_06182,Reminder: submit your assignment before the deadline.,53,ham
SPAM_SMS_01708,Exclusive offer only for you. Click here to redeem.,51,spam
HAM_SMS_04530,Please find the details shared in the group.,44,ham
HAM_SMS_06453,Thank you for your message. I will check and reply soon.,56,ham
HAM_SMS_02470,Please call me when you are free.,33,ham
HAM_SMS_06705,Your payment has been received successfully.,44,ham
HAM_SMS_01325,Your class schedule has been updated for tomorrow.,50,ham
HAM_SMS_04485,Your class schedule has been updated for tomorrow.,50,ham
HAM_SMS_03271,Let's discuss the presentation after lunch.,43,ham
SPAM_SMS_01258,Final warning! Complete KYC verification now.,45,spam
HAM_SMS_05913,Please confirm your availability for the session.,49,ham
HAM_SMS_06214,Your order has been delivered successfully.,43,ham
HAM_SMS_03435,Your order has been delivered successfully.,43,ham
HAM_SMS_06720,Let's discuss the presentation after lunch.,43,ham
SPAM_SMS_00892,Your loan is approved. Pay processing fee to receive funds.,59,spam
SPAM_SMS_01494,Final warning! Complete KYC verification now.,45,spam
HAM_SMS_04114,Can you send me the notes from today's lecture?,47,ham
HAM_SMS_00184,I reached home safely.,22,ham
HAM_SMS_00170,Please call me when you are free.,33,ham
HAM_SMS_06218,Your payment has been received successfully.,44,ham
HAM_SMS_07060,Your class schedule has been updated for tomorrow.,50,ham
HAM_SMS_07251,Can you send me the notes from today's lecture?,47,ham
SPAM_SMS_01758,Suspicious login detected. Update your password immediately.,60,spam
SPAM_SMS_02254,Claim your free gift card now before it expires.,48,spam
HAM_SMS_06551,The meeting has been shifted to 4 PM.,37,ham
HAM_SMS_02587,Your payment has been received successfully.,44,ham
SPAM_SMS_01268,Recharge offer available. Get double benefits today.,52,spam
HAM_SMS_01054,The meeting has been shifted to 4 PM.,37,ham
HAM_SMS_06322,Please find the details shared in the group.,44,ham
HAM_SMS_01143,Can you send me the notes from today's lecture?,47,ham
SPAM_SMS_00621,You won a shopping voucher. Claim it today.,43,spam
HAM_SMS_04865,Your payment has been received successfully.,44,ham
HAM_SMS_04134,Please confirm your availability for the session.,49,ham
HAM_SMS_07476,Please call me when you are free.,33,ham
HAM_SMS_03175,I reached home safely.,22,ham
SPAM_SMS_00403,Urgent! Your bank account will be blocked. Verify your details immediately.,75,spam
HAM_SMS_01560,Please call me when you are free.,33,ham
HAM_SMS_06775,Please call me when you are free.,33,ham
SPAM_SMS_00700,Your mobile number has won a lottery prize.,43,spam
HAM_SMS_02146,The report is ready for review.,31,ham
HAM_SMS_01599,Your order has been delivered successfully.,43,ham
HAM_SMS_04391,The report is ready for review.,31,ham
HAM_SMS_03277,The interview schedule will be shared soon.,43,ham
HAM_SMS_02325,Your payment has been received successfully.,44,ham
HAM_SMS_04444,The interview schedule will be shared soon.,43,ham
HAM_SMS_05760,Your order has been delivered successfully.,43,ham
HAM_SMS_00362,Your order has been delivered successfully.,43,ham
SPAM_SMS_00740,Your loan is approved. Pay processing fee to receive funds.,59,spam
SPAM_SMS_00947,Limited time offer. Get free coupons by clicking this link.,59,spam
HAM_SMS_01099,Please call me when you are free.,33,ham
HAM_SMS_07405,Your payment has been received successfully.,44,ham
HAM_SMS_05954,I reached home safely.,22,ham
SPAM_SMS_00450,Your mobile number has won a lottery prize.,43,spam
SPAM_SMS_01247,Urgent! Your bank account will be blocked. Verify your details immediately.,75,spam
HAM_SMS_04284,The interview schedule will be shared soon.,43,ham
SPAM_SMS_01783,Limited time offer. Get free coupons by clicking this link.,59,spam
HAM_SMS_05119,I reached home safely.,22,ham
HAM_SMS_05060,Please find the details shared in the group.,44,ham
SPAM_SMS_00466,Limited time offer. Get free coupons by clicking this link.,59,spam
SPAM_SMS_01253,Win money instantly. Register today and claim your bonus.,57,spam
HAM_SMS_03448,Thank you for your message. I will check and reply soon.,56,ham
HAM_SMS_05298,Your order has been delivered successfully.,43,ham
HAM_SMS_03945,"Hey, are we meeting today for the project discussion?",53,ham
HAM_SMS_01606,Your class schedule has been updated for tomorrow.,50,ham
HAM_SMS_02435,Thank you for your message. I will check and reply soon.,56,ham
HAM_SMS_01571,I reached home safely.,22,ham
HAM_SMS_03738,Can you send me the notes from today's lecture?,47,ham
SPAM_SMS_01132,Your mobile number has won a lottery prize.,43,spam
HAM_SMS_07078,Your order has been delivered successfully.,43,ham
HAM_SMS_00050,Reminder: submit your assignment before the deadline.,53,ham
HAM_SMS_06271,Can you send me the notes from today's lecture?,47,ham
HAM_SMS_05874,Reminder: submit your assignment before the deadline.,53,ham
HAM_SMS_01270,Please call me when you are free.,33,ham
HAM_SMS_04052,Please confirm your availability for the session.,49,ham
HAM_SMS_02206,Please call me when you are free.,33,ham
HAM_SMS_04426,Reminder: submit your assignment before the deadline.,53,ham
SPAM_SMS_02215,You won a shopping voucher. Claim it today.,43,spam
HAM_SMS_04933,The report is ready for review.,31,ham
HAM_SMS_07276,The report is ready for review.,31,ham
HAM_SMS_05569,Your order has been delivered successfully.,43,ham
HAM_SMS_04326,Please find the details shared in the group.,44,ham
HAM_SMS_02105,Reminder: submit your assignment before the deadline.,53,ham
SPAM_SMS_01326,Exclusive offer only for you. Click here to redeem.,51,spam
HAM_SMS_01224,The meeting has been shifted to 4 PM.,37,ham
HAM_SMS_04132,Let's discuss the presentation after lunch.,43,ham
HAM_SMS_00459,Please confirm your availability for the session.,49,ham
HAM_SMS_02267,Your order has been delivered successfully.,43,ham
HAM_SMS_01924,Your order has been delivered successfully.,43,ham
HAM_SMS_07354,Your class schedule has been updated for tomorrow.,50,ham
SPAM_SMS_01090,Recharge offer available. Get double benefits today.,52,spam
HAM_SMS_03110,The interview schedule will be shared soon.,43,ham
HAM_SMS_02346,Your class schedule has been updated for tomorrow.,50,ham
HAM_SMS_06297,Let's discuss the presentation after lunch.,43,ham
HAM_SMS_05577,Your payment has been received successfully.,44,ham
SPAM_SMS_00312,Urgent! Your bank account will be blocked. Verify your details immediately.,75,spam
HAM_SMS_01704,Reminder: submit your assignment before the deadline.,53,ham
SPAM_SMS_01810,Urgent! Your bank account will be blocked. Verify your details immediately.,75,spam
HAM_SMS_02471,"Hey, are we meeting today for the project discussion?",53,ham
HAM_SMS_01703,The report is ready for review.,31,ham
HAM_SMS_03556,Can you send me the notes from today's lecture?,47,ham
HAM_SMS_04070,Your class schedule has been updated for tomorrow.,50,ham
HAM_SMS_06406,Please find the details shared in the group.,44,ham
HAM_SMS_02262,Thank you for your message. I will check and reply soon.,56,ham
HAM_SMS_04495,I reached home safely.,22,ham
HAM_SMS_02717,Can you send me the notes from today's lecture?,47,ham
SPAM_SMS_02183,Your loan is approved. Pay processing fee to receive funds.,59,spam
HAM_SMS_04467,Your order has been delivered successfully.,43,ham
HAM_SMS_01695,Thank you for your message. I will check and reply soon.,56,ham
HAM_SMS_06797,Your class schedule has been updated for tomorrow.,50,ham
HAM_SMS_05986,"Hey, are we meeting today for the project discussion?",53,ham
HAM_SMS_06418,Your order has been delivered successfully.,43,ham
HAM_SMS_00601,Please call me when you are free.,33,ham
SPAM_SMS_01806,Final warning! Complete KYC verification now.,45,spam
HAM_SMS_02410,Reminder: submit your assignment before the deadline.,53,ham
HAM_SMS_00357,Thank you for your message. I will check and reply soon.,56,ham
HAM_SMS_06107,Please call me when you are free.,33,ham
SPAM_SMS_01893,Recharge offer available. Get double benefits today.,52,spam
SPAM_SMS_02385,Claim your free gift card now before it expires.,48,spam
HAM_SMS_04892,Reminder: submit your assignment before the deadline.,53,ham
HAM_SMS_06826,Please confirm your availability for the session.,49,ham
HAM_SMS_01482,Let's discuss the presentation after lunch.,43,ham
SPAM_SMS_00025,Suspicious login detected. Update your password immediately.,60,spam
HAM_SMS_01936,"Hey, are we meeting today for the project discussion?",53,ham
HAM_SMS_07037,The meeting has been shifted to 4 PM.,37,ham
SPAM_SMS_00506,Claim your free gift card now before it expires.,48,spam
HAM_SMS_03428,Thank you for your message. I will check and reply soon.,56,ham
HAM_SMS_03381,Please call me when you are free.,33,ham
HAM_SMS_02464,"Hey, are we meeting today for the project discussion?",53,ham
SPAM_SMS_00261,Recharge offer available. Get double benefits today.,52,spam
HAM_SMS_05144,Thank you for your message. I will check and reply soon.,56,ham
SPAM_SMS_00102,Your mobile number has won a lottery prize.,43,spam
HAM_SMS_05842,Please find the details shared in the group.,44,ham
HAM_SMS_01597,Thank you for your message. I will check and reply soon.,56,ham
HAM_SMS_04037,Your order has been delivered successfully.,43,ham
HAM_SMS_03119,Reminder: submit your assignment before the deadline.,53,ham
HAM_SMS_00039,Please find the details shared in the group.,44,ham
SPAM_SMS_01594,Earn money from home without investment. Join now.,50,spam
HAM_SMS_04838,Please confirm your availability for the session.,49,ham
HAM_SMS_02997,Can you send me the notes from today's lecture?,47,ham
HAM_SMS_06662,Your class schedule has been updated for tomorrow.,50,ham
HAM_SMS_05192,Reminder: submit your assignment before the deadline.,53,ham
HAM_SMS_03676,The interview schedule will be shared soon.,43,ham
HAM_SMS_05807,Can you send me the notes from today's lecture?,47,ham
HAM_SMS_02561,Thank you for your message. I will check and reply soon.,56,ham
HAM_SMS_04524,Please find the details shared in the group.,44,ham
HAM_SMS_05430,Please call me when you are free.,33,ham
HAM_SMS_00182,Please call me when you are free.,33,ham
HAM_SMS_04253,Your payment has been received successfully.,44,ham
SPAM_SMS_00769,Your mobile number has won a lottery prize.,43,spam
HAM_SMS_06452,Please call me when you are free.,33,ham
HAM_SMS_07316,Please call me when you are free.,33,ham
HAM_SMS_07410,The report is ready for review.,31,ham
HAM_SMS_05746,Please find the details shared in the group.,44,ham
SPAM_SMS_01953,Earn money from home without investment. Join now.,50,spam
SPAM_SMS_01932,Your mobile number has won a lottery prize.,43,spam
SPAM_SMS_00339,Your loan is approved. Pay processing fee to receive funds.,59,spam
HAM_SMS_03657,I reached home safely.,22,ham
SPAM_SMS_00757,Free entry in a lucky draw. Text WIN to claim your reward.,58,spam
HAM_SMS_06014,Your class schedule has been updated for tomorrow.,50,ham
SPAM_SMS_00637,Limited time offer. Get free coupons by clicking this link.,59,spam
SPAM_SMS_00600,Limited time offer. Get free coupons by clicking this link.,59,spam
HAM_SMS_03338,The interview schedule will be shared soon.,43,ham
HAM_SMS_00183,Your payment has been received successfully.,44,ham
HAM_SMS_03132,Thank you for your message. I will check and reply soon.,56,ham
HAM_SMS_07433,Please call me when you are free.,33,ham
HAM_SMS_03236,Your order has been delivered successfully.,43,ham
SPAM_SMS_00013,Congratulations! You have won a cash prize. Click the link to claim now.,72,spam
HAM_SMS_07039,I reached home safely.,22,ham
SPAM_SMS_01297,Suspicious login detected. Update your password immediately.,60,spam
SPAM_SMS_00792,Free entry in a lucky draw. Text WIN to claim your reward.,58,spam
HAM_SMS_01815,Thank you for your message. I will check and reply soon.,56,ham
HAM_SMS_07204,Please confirm your availability for the session.,49,ham
HAM_SMS_06530,Please confirm your availability for the session.,49,ham
HAM_SMS_00251,Your order has been delivered successfully.,43,ham
SPAM_SMS_02162,Congratulations! You have won a cash prize. Click the link to claim now.,72,spam
SPAM_SMS_00189,Claim your free gift card now before it expires.,48,spam
HAM_SMS_02195,Your class schedule has been updated for tomorrow.,50,ham
HAM_SMS_04971,Please find the details shared in the group.,44,ham
HAM_SMS_04302,Your payment has been received successfully.,44,ham
HAM_SMS_00802,Thank you for your message. I will check and reply soon.,56,ham
SPAM_SMS_00220,Exclusive offer only for you. Click here to redeem.,51,spam
HAM_SMS_04306,The report is ready for review.,31,ham
HAM_SMS_00845,The report is ready for review.,31,ham
HAM_SMS_03632,Let's discuss the presentation after lunch.,43,ham
HAM_SMS_07286,Thank you for your message. I will check and reply soon.,56,ham
HAM_SMS_01373,Please confirm your availability for the session.,49,ham
HAM_SMS_00048,The interview schedule will be shared soon.,43,ham
HAM_SMS_06435,The report is ready for review.,31,ham
HAM_SMS_04049,The interview schedule will be shared soon.,43,ham
HAM_SMS_03066,"Hey, are we meeting today for the project discussion?",53,ham
HAM_SMS_05465,The report is ready for review.,31,ham
HAM_SMS_05225,Reminder: submit your assignment before the deadline.,53,ham
SPAM_SMS_00520,Free entry in a lucky draw. Text WIN to claim your reward.,58,spam
HAM_SMS_00155,Your class schedule has been updated for tomorrow.,50,ham
HAM_SMS_00952,Please call me when you are free.,33,ham
HAM_SMS_01144,Please call me when you are free.,33,ham
HAM_SMS_03371,Your payment has been received successfully.,44,ham
HAM_SMS_06917,Please find the details shared in the group.,44,ham
SPAM_SMS_00999,Claim your free gift card now before it expires.,48,spam
SPAM_SMS_00247,Suspicious login detected. Update your password immediately.,60,spam
HAM_SMS_00030,Please confirm your availability for the session.,49,ham
HAM_SMS_00070,Let's discuss the presentation after lunch.,43,ham
HAM_SMS_06145,Reminder: submit your assignment before the deadline.,53,ham
HAM_SMS_04103,Please call me when you are free.,33,ham
SPAM_SMS_01813,Limited time offer. Get free coupons by clicking this link.,59,spam
SPAM_SMS_01435,Limited time offer. Get free coupons by clicking this link.,59,spam
SPAM_SMS_01204,You won a shopping voucher. Claim it today.,43,spam
HAM_SMS_02350,Please find the details shared in the group.,44,ham
HAM_SMS_02345,Thank you for your message. I will check and reply soon.,56,ham
HAM_SMS_05822,Your order has been delivered successfully.,43,ham
HAM_SMS_01159,Thank you for your message. I will check and reply soon.,56,ham
HAM_SMS_05655,Your payment has been received successfully.,44,ham
SPAM_SMS_02296,Urgent! Your bank account will be blocked. Verify your details immediately.,75,spam
HAM_SMS_04884,Your order has been delivered successfully.,43,ham
HAM_SMS_03413,Please call me when you are free.,33,ham
HAM_SMS_05483,I reached home safely.,22,ham
HAM_SMS_04393,Please call me when you are free.,33,ham
HAM_SMS_04670,Please find the details shared in the group.,44,ham
HAM_SMS_04072,Thank you for your message. I will check and reply soon.,56,ham
HAM_SMS_04309,"Hey, are we meeting today for the project discussion?",53,ham
HAM_SMS_05025,The report is ready for review.,31,ham
HAM_SMS_06707,"Hey, are we meeting today for the project discussion?",53,ham
HAM_SMS_00635,Your class schedule has been updated for tomorrow.,50,ham
HAM_SMS_04294,Let's discuss the presentation after lunch.,43,ham
HAM_SMS_05967,Please confirm your availability for the session.,49,ham
SPAM_SMS_01401,You are selected for a reward. Send your account details now.,61,spam
HAM_SMS_02162,The interview schedule will be shared soon.,43,ham
HAM_SMS_07323,Your class schedule has been updated for tomorrow.,50,ham
SPAM_SMS_00448,Suspicious login detected. Update your password immediately.,60,spam
HAM_SMS_06276,Your payment has been received successfully.,44,ham
HAM_SMS_03983,The meeting has been shifted to 4 PM.,37,ham
HAM_SMS_04163,Your payment has been received successfully.,44,ham
HAM_SMS_06923,I reached home safely.,22,ham
SPAM_SMS_01317,Final warning! Complete KYC verification now.,45,spam
HAM_SMS_01006,Let's discuss the presentation after lunch.,43,ham
HAM_SMS_03542,The report is ready for review.,31,ham
SPAM_SMS_02081,Exclusive offer only for you. Click here to redeem.,51,spam
HAM_SMS_07423,The report is ready for review.,31,ham
HAM_SMS_06456,Please confirm your availability for the session.,49,ham
SPAM_SMS_02092,Free entry in a lucky draw. Text WIN to claim your reward.,58,spam
SPAM_SMS_01024,Your loan is approved. Pay processing fee to receive funds.,59,spam
HAM_SMS_07083,Please confirm your availability for the session.,49,ham
SPAM_SMS_01525,Urgent! Your bank account will be blocked. Verify your details immediately.,75,spam
HAM_SMS_00261,Please confirm your availability for the session.,49,ham
SPAM_SMS_02323,Your mobile number has won a lottery prize.,43,spam
HAM_SMS_02207,Please call me when you are free.,33,ham
HAM_SMS_03578,The report is ready for review.,31,ham
SPAM_SMS_01194,Earn money from home without investment. Join now.,50,spam
HAM_SMS_04575,Please call me when you are free.,33,ham
SPAM_SMS_01383,Exclusive offer only for you. Click here to redeem.,51,spam
HAM_SMS_04036,I reached home safely.,22,ham
SPAM_SMS_00747,Recharge offer available. Get double benefits today.,52,spam
SPAM_SMS_01764,Win money instantly. Register today and claim your bonus.,57,spam
HAM_SMS_02536,The report is ready for review.,31,ham
HAM_SMS_01745,Please call me when you are free.,33,ham
HAM_SMS_02003,The interview schedule will be shared soon.,43,ham
HAM_SMS_00726,The interview schedule will be shared soon.,43,ham
HAM_SMS_04117,Can you send me the notes from today's lecture?,47,ham
HAM_SMS_00658,The meeting has been shifted to 4 PM.,37,ham
HAM_SMS_01048,Let's discuss the presentation after lunch.,43,ham
HAM_SMS_06744,The meeting has been shifted to 4 PM.,37,ham
SPAM_SMS_01005,Final warning! Complete KYC verification now.,45,spam
HAM_SMS_06348,The interview schedule will be shared soon.,43,ham
HAM_SMS_06667,Thank you for your message. I will check and reply soon.,56,ham
HAM_SMS_04061,Your payment has been received successfully.,44,ham
HAM_SMS_07387,Thank you for your message. I will check and reply soon.,56,ham
HAM_SMS_02295,"Hey, are we meeting today for the project discussion?",53,ham
HAM_SMS_06189,Can you send me the notes from today's lecture?,47,ham
HAM_SMS_01275,The meeting has been shifted to 4 PM.,37,ham
HAM_SMS_06598,Let's discuss the presentation after lunch.,43,ham
SPAM_SMS_00682,Recharge offer available. Get double benefits today.,52,spam
HAM_SMS_06519,Your payment has been received successfully.,44,ham
HAM_SMS_00782,The report is ready for review.,31,ham
HAM_SMS_04494,Can you send me the notes from today's lecture?,47,ham
HAM_SMS_04289,"Hey, are we meeting today for the project discussion?",53,ham
HAM_SMS_02128,The report is ready for review.,31,ham
HAM_SMS_02663,Your order has been delivered successfully.,43,ham
HAM_SMS_06003,Your order has been delivered successfully.,43,ham
HAM_SMS_05416,Reminder: submit your assignment before the deadline.,53,ham
HAM_SMS_05720,Please call me when you are free.,33,ham
HAM_SMS_06695,Reminder: submit your assignment before the deadline.,53,ham
HAM_SMS_05752,Please find the details shared in the group.,44,ham
SPAM_SMS_01686,Win money instantly. Register today and claim your bonus.,57,spam
HAM_SMS_05177,Your class schedule has been updated for tomorrow.,50,ham
SPAM_SMS_00256,Exclusive offer only for you. Click here to redeem.,51,spam
HAM_SMS_00433,"Hey, are we meeting today for the project discussion?",53,ham
HAM_SMS_03544,Please call me when you are free.,33,ham
HAM_SMS_00278,The interview schedule will be shared soon.,43,ham
HAM_SMS_05493,Can you send me the notes from today's lecture?,47,ham
HAM_SMS_03185,Reminder: submit your assignment before the deadline.,53,ham
HAM_SMS_06275,Thank you for your message. I will check and reply soon.,56,ham
HAM_SMS_02939,Reminder: submit your assignment before the deadline.,53,ham
HAM_SMS_06371,Thank you for your message. I will check and reply soon.,56,ham
SPAM_SMS_02134,Exclusive offer only for you. Click here to redeem.,51,spam
HAM_SMS_06323,I reached home safely.,22,ham
HAM_SMS_03179,Your payment has been received successfully.,44,ham
HAM_SMS_04565,Your order has been delivered successfully.,43,ham
HAM_SMS_01361,"Hey, are we meeting today for the project discussion?",53,ham
HAM_SMS_04521,The meeting has been shifted to 4 PM.,37,ham
HAM_SMS_02185,I reached home safely.,22,ham
SPAM_SMS_01530,Suspicious login detected. Update your password immediately.,60,spam
HAM_SMS_06978,Please confirm your availability for the session.,49,ham
HAM_SMS_07478,The report is ready for review.,31,ham
HAM_SMS_01027,Reminder: submit your assignment before the deadline.,53,ham
HAM_SMS_03162,The interview schedule will be shared soon.,43,ham
HAM_SMS_05427,The report is ready for review.,31,ham
HAM_SMS_05205,Your class schedule has been updated for tomorrow.,50,ham
HAM_SMS_02310,Let's discuss the presentation after lunch.,43,ham
HAM_SMS_03638,"Hey, are we meeting today for the project discussion?",53,ham
SPAM_SMS_00320,Claim your free gift card now before it expires.,48,spam
HAM_SMS_05478,Your class schedule has been updated for tomorrow.,50,ham
HAM_SMS_03186,Your order has been delivered successfully.,43,ham
HAM_SMS_02877,The interview schedule will be shared soon.,43,ham
SPAM_SMS_00276,Recharge offer available. Get double benefits today.,52,spam
HAM_SMS_03331,Please call me when you are free.,33,ham
SPAM_SMS_00592,Your loan is approved. Pay processing fee to receive funds.,59,spam
SPAM_SMS_01851,Your mobile number has won a lottery prize.,43,spam
HAM_SMS_04417,The meeting has been shifted to 4 PM.,37,ham
HAM_SMS_00709,The interview schedule will be shared soon.,43,ham
SPAM_SMS_01236,Final warning! Complete KYC verification now.,45,spam
HAM_SMS_04020,I reached home safely.,22,ham
SPAM_SMS_02038,Recharge offer available. Get double benefits today.,52,spam
SPAM_SMS_02024,Earn money from home without investment. Join now.,50,spam
HAM_SMS_03319,I reached home safely.,22,ham
HAM_SMS_05876,Thank you for your message. I will check and reply soon.,56,ham
HAM_SMS_04921,Reminder: submit your assignment before the deadline.,53,ham
SPAM_SMS_02149,You won a shopping voucher. Claim it today.,43,spam
HAM_SMS_02749,Your payment has been received successfully.,44,ham
HAM_SMS_07452,I reached home safely.,22,ham
HAM_SMS_01943,Please find the details shared in the group.,44,ham
SPAM_SMS_00573,You won a shopping voucher. Claim it today.,43,spam
HAM_SMS_00088,Please find the details shared in the group.,44,ham
HAM_SMS_02519,Please confirm your availability for the session.,49,ham
HAM_SMS_01469,Thank you for your message. I will check and reply soon.,56,ham
HAM_SMS_02569,The interview schedule will be shared soon.,43,ham
HAM_SMS_03103,Thank you for your message. I will check and reply soon.,56,ham
HAM_SMS_05009,Thank you for your message. I will check and reply soon.,56,ham
HAM_SMS_03705,Let's discuss the presentation after lunch.,43,ham
HAM_SMS_05315,Please find the details shared in the group.,44,ham
HAM_SMS_07421,Please confirm your availability for the session.,49,ham
HAM_SMS_06688,Can you send me the notes from today's lecture?,47,ham
HAM_SMS_04383,Let's discuss the presentation after lunch.,43,ham
HAM_SMS_06932,The report is ready for review.,31,ham
HAM_SMS_04823,Let's discuss the presentation after lunch.,43,ham
HAM_SMS_06824,Your class schedule has been updated for tomorrow.,50,ham
HAM_SMS_03073,The report is ready for review.,31,ham
SPAM_SMS_00187,Congratulations! You have won a cash prize. Click the link to claim now.,72,spam
HAM_SMS_01340,The interview schedule will be shared soon.,43,ham
HAM_SMS_02340,Your order has been delivered successfully.,43,ham
HAM_SMS_00687,The report is ready for review.,31,ham
SPAM_SMS_01316,Exclusive offer only for you. Click here to redeem.,51,spam
HAM_SMS_05482,Let's discuss the presentation after lunch.,43,ham
SPAM_SMS_00923,Congratulations! You have won a cash prize. Click the link to claim now.,72,spam
HAM_SMS_05909,"Hey, are we meeting today for the project discussion?",53,ham
HAM_SMS_00523,"Hey, are we meeting today for the project discussion?",53,ham
HAM_SMS_02182,Your payment has been received successfully.,44,ham
HAM_SMS_07128,Your payment has been received successfully.,44,ham
HAM_SMS_02745,The report is ready for review.,31,ham
HAM_SMS_02304,The interview schedule will be shared soon.,43,ham
SPAM_SMS_01181,Final warning! Complete KYC verification now.,45,spam
SPAM_SMS_01303,Win money instantly. Register today and claim your bonus.,57,spam
HAM_SMS_06407,"Hey, are we meeting today for the project discussion?",53,ham
HAM_SMS_03441,Please find the details shared in the group.,44,ham
SPAM_SMS_01378,Suspicious login detected. Update your password immediately.,60,spam
HAM_SMS_07298,Thank you for your message. I will check and reply soon.,56,ham
HAM_SMS_05966,I reached home safely.,22,ham
HAM_SMS_03969,Can you send me the notes from today's lecture?,47,ham
HAM_SMS_05688,The interview schedule will be shared soon.,43,ham
SPAM_SMS_00280,Your mobile number has won a lottery prize.,43,spam
SPAM_SMS_01786,You are selected for a reward. Send your account details now.,61,spam
HAM_SMS_04141,Please call me when you are free.,33,ham
HAM_SMS_06290,Please find the details shared in the group.,44,ham
HAM_SMS_00653,Please find the details shared in the group.,44,ham
SPAM_SMS_00814,Claim your free gift card now before it expires.,48,spam
HAM_SMS_00303,Let's discuss the presentation after lunch.,43,ham
HAM_SMS_01375,Your class schedule has been updated for tomorrow.,50,ham
SPAM_SMS_02384,Free entry in a lucky draw. Text WIN to claim your reward.,58,spam
HAM_SMS_01911,The report is ready for review.,31,ham
SPAM_SMS_01647,Earn money from home without investment. Join now.,50,spam
HAM_SMS_04834,Please call me when you are free.,33,ham
SPAM_SMS_02328,Win money instantly. Register today and claim your bonus.,57,spam
HAM_SMS_07000,The meeting has been shifted to 4 PM.,37,ham
HAM_SMS_02535,"Hey, are we meeting today for the project discussion?",53,ham
HAM_SMS_01024,Please find the details shared in the group.,44,ham
HAM_SMS_01102,Your order has been delivered successfully.,43,ham
HAM_SMS_02928,The interview schedule will be shared soon.,43,ham
HAM_SMS_02925,Your order has been delivered successfully.,43,ham
HAM_SMS_00933,Please call me when you are free.,33,ham
HAM_SMS_06128,The meeting has been shifted to 4 PM.,37,ham
HAM_SMS_07043,The report is ready for review.,31,ham
HAM_SMS_02926,Please find the details shared in the group.,44,ham
HAM_SMS_01181,Let's discuss the presentation after lunch.,43,ham
HAM_SMS_02234,The report is ready for review.,31,ham
SPAM_SMS_01514,Claim your free gift card now before it expires.,48,spam
SPAM_SMS_00688,Your loan is approved. Pay processing fee to receive funds.,59,spam
SPAM_SMS_01918,You won a shopping voucher. Claim it today.,43,spam
SPAM_SMS_01345,Free entry in a lucky draw. Text WIN to claim your reward.,58,spam
HAM_SMS_06355,Your order has been delivered successfully.,43,ham
HAM_SMS_00765,Please confirm your availability for the session.,49,ham
SPAM_SMS_01182,Final warning! Complete KYC verification now.,45,spam
HAM_SMS_04394,The report is ready for review.,31,ham
HAM_SMS_03621,Thank you for your message. I will check and reply soon.,56,ham
SPAM_SMS_01334,Congratulations! You have won a cash prize. Click the link to claim now.,72,spam
HAM_SMS_04984,The report is ready for review.,31,ham
HAM_SMS_00887,Can you send me the notes from today's lecture?,47,ham
HAM_SMS_04471,"Hey, are we meeting today for the project discussion?",53,ham
SPAM_SMS_00100,Your mobile number has won a lottery prize.,43,spam
SPAM_SMS_02360,Your mobile number has won a lottery prize.,43,spam
HAM_SMS_02566,Your class schedule has been updated for tomorrow.,50,ham
HAM_SMS_01232,Can you send me the notes from today's lecture?,47,ham
HAM_SMS_01750,Your payment has been received successfully.,44,ham
HAM_SMS_04068,Please confirm your availability for the session.,49,ham
HAM_SMS_00636,The meeting has been shifted to 4 PM.,37,ham
HAM_SMS_07098,The report is ready for review.,31,ham
HAM_SMS_01609,Thank you for your message. I will check and reply soon.,56,ham
HAM_SMS_07265,Please confirm your availability for the session.,49,ham
SPAM_SMS_01511,Limited time offer. Get free coupons by clicking this link.,59,spam
HAM_SMS_04639,Please confirm your availability for the session.,49,ham
HAM_SMS_03050,Please call me when you are free.,33,ham
HAM_SMS_03112,The interview schedule will be shared soon.,43,ham
SPAM_SMS_02171,You won a shopping voucher. Claim it today.,43,spam
HAM_SMS_00339,Your payment has been received successfully.,44,ham
SPAM_SMS_01038,Claim your free gift card now before it expires.,48,spam
HAM_SMS_06782,The interview schedule will be shared soon.,43,ham
HAM_SMS_04135,Your class schedule has been updated for tomorrow.,50,ham
HAM_SMS_05136,Your class schedule has been updated for tomorrow.,50,ham
HAM_SMS_00437,I reached home safely.,22,ham
SPAM_SMS_01498,Final warning! Complete KYC verification now.,45,spam
HAM_SMS_03887,"Hey, are we meeting today for the project discussion?",53,ham
HAM_SMS_01877,Your order has been delivered successfully.,43,ham
HAM_SMS_05251,Thank you for your message. I will check and reply soon.,56,ham
HAM_SMS_05096,Please call me when you are free.,33,ham
HAM_SMS_06221,"Hey, are we meeting today for the project discussion?",53,ham
SPAM_SMS_01876,Suspicious login detected. Update your password immediately.,60,spam
HAM_SMS_04192,Can you send me the notes from today's lecture?,47,ham
HAM_SMS_07163,Your class schedule has been updated for tomorrow.,50,ham
HAM_SMS_01509,Your class schedule has been updated for tomorrow.,50,ham
HAM_SMS_07418,Please call me when you are free.,33,ham
HAM_SMS_04258,"Hey, are we meeting today for the project discussion?",53,ham
HAM_SMS_01221,Please find the details shared in the group.,44,ham
HAM_SMS_04053,Thank you for your message. I will check and reply soon.,56,ham
HAM_SMS_01355,Let's discuss the presentation after lunch.,43,ham
HAM_SMS_05649,The meeting has been shifted to 4 PM.,37,ham
HAM_SMS_00483,The report is ready for review.,31,ham
SPAM_SMS_00926,You are selected for a reward. Send your account details now.,61,spam
HAM_SMS_03890,I reached home safely.,22,ham
HAM_SMS_07280,Please find the details shared in the group.,44,ham
HAM_SMS_05498,Reminder: submit your assignment before the deadline.,53,ham
HAM_SMS_05869,Reminder: submit your assignment before the deadline.,53,ham
HAM_SMS_04821,The meeting has been shifted to 4 PM.,37,ham
HAM_SMS_04816,Can you send me the notes from today's lecture?,47,ham
SPAM_SMS_02016,Exclusive offer only for you. Click here to redeem.,51,spam
HAM_SMS_02521,Let's discuss the presentation after lunch.,43,ham
HAM_SMS_06796,Let's discuss the presentation after lunch.,43,ham
HAM_SMS_02941,Your order has been delivered successfully.,43,ham
SPAM_SMS_01009,Win money instantly. Register today and claim your bonus.,57,spam
HAM_SMS_04483,The meeting has been shifted to 4 PM.,37,ham
HAM_SMS_06181,"Hey, are we meeting today for the project discussion?",53,ham
HAM_SMS_02114,Your order has been delivered successfully.,43,ham
SPAM_SMS_00836,Recharge offer available. Get double benefits today.,52,spam
SPAM_SMS_00951,Your loan is approved. Pay processing fee to receive funds.,59,spam
SPAM_SMS_00421,Earn money from home without investment. Join now.,50,spam
SPAM_SMS_01172,You won a shopping voucher. Claim it today.,43,spam
HAM_SMS_01944,Please confirm your availability for the session.,49,ham
SPAM_SMS_00019,Final warning! Complete KYC verification now.,45,spam
HAM_SMS_02942,The interview schedule will be shared soon.,43,ham
HAM_SMS_00999,The interview schedule will be shared soon.,43,ham
SPAM_SMS_02420,Final warning! Complete KYC verification now.,45,spam
HAM_SMS_05633,Thank you for your message. I will check and reply soon.,56,ham
HAM_SMS_02843,I reached home safely.,22,ham
SPAM_SMS_00282,Earn money from home without investment. Join now.,50,spam
SPAM_SMS_01515,Limited time offer. Get free coupons by clicking this link.,59,spam
HAM_SMS_00954,"Hey, are we meeting today for the project discussion?",53,ham
SPAM_SMS_01651,Exclusive offer only for you. Click here to redeem.,51,spam
HAM_SMS_02915,Please call me when you are free.,33,ham
HAM_SMS_01240,Please call me when you are free.,33,ham
HAM_SMS_04750,Your payment has been received successfully.,44,ham
HAM_SMS_00159,Reminder: submit your assignment before the deadline.,53,ham
HAM_SMS_05226,The report is ready for review.,31,ham
SPAM_SMS_00132,Free entry in a lucky draw. Text WIN to claim your reward.,58,spam
HAM_SMS_00912,Your class schedule has been updated for tomorrow.,50,ham
SPAM_SMS_00483,Free entry in a lucky draw. Text WIN to claim your reward.,58,spam
HAM_SMS_02210,Let's discuss the presentation after lunch.,43,ham
HAM_SMS_05306,I reached home safely.,22,ham
SPAM_SMS_01482,Final warning! Complete KYC verification now.,45,spam
HAM_SMS_01142,Please find the details shared in the group.,44,ham
HAM_SMS_05261,Your class schedule has been updated for tomorrow.,50,ham
HAM_SMS_07089,Your class schedule has been updated for tomorrow.,50,ham
HAM_SMS_00754,Your payment has been received successfully.,44,ham
SPAM_SMS_01921,Your mobile number has won a lottery prize.,43,spam
HAM_SMS_02072,The interview schedule will be shared soon.,43,ham
HAM_SMS_02118,The meeting has been shifted to 4 PM.,37,ham
SPAM_SMS_00385,Recharge offer available. Get double benefits today.,52,spam
HAM_SMS_00818,Thank you for your message. I will check and reply soon.,56,ham
HAM_SMS_02032,Can you send me the notes from today's lecture?,47,ham
HAM_SMS_02381,Thank you for your message. I will check and reply soon.,56,ham
HAM_SMS_03197,"Hey, are we meeting today for the project discussion?",53,ham
HAM_SMS_02919,Your payment has been received successfully.,44,ham
HAM_SMS_00146,Your class schedule has been updated for tomorrow.,50,ham
SPAM_SMS_00295,Your loan is approved. Pay processing fee to receive funds.,59,spam
HAM_SMS_04060,Your payment has been received successfully.,44,ham
HAM_SMS_05444,Your order has been delivered successfully.,43,ham
SPAM_SMS_02365,Limited time offer. Get free coupons by clicking this link.,59,spam
HAM_SMS_07159,I reached home safely.,22,ham
HAM_SMS_03504,Let's discuss the presentation after lunch.,43,ham
HAM_SMS_05038,Your class schedule has been updated for tomorrow.,50,ham
HAM_SMS_03427,I reached home safely.,22,ham
HAM_SMS_05314,The report is ready for review.,31,ham
HAM_SMS_04667,Please find the details shared in the group.,44,ham
HAM_SMS_03218,Please call me when you are free.,33,ham
HAM_SMS_01210,Please call me when you are free.,33,ham
HAM_SMS_00652,Can you send me the notes from today's lecture?,47,ham
HAM_SMS_06210,Your class schedule has been updated for tomorrow.,50,ham
HAM_SMS_01623,Thank you for your message. I will check and reply soon.,56,ham
HAM_SMS_03436,Please call me when you are free.,33,ham
HAM_SMS_00474,Reminder: submit your assignment before the deadline.,53,ham
HAM_SMS_04263,Please find the details shared in the group.,44,ham
HAM_SMS_06654,Can you send me the notes from today's lecture?,47,ham
HAM_SMS_04596,Let's discuss the presentation after lunch.,43,ham
HAM_SMS_02220,Please call me when you are free.,33,ham
HAM_SMS_00231,Thank you for your message. I will check and reply soon.,56,ham
HAM_SMS_07178,The report is ready for review.,31,ham
HAM_SMS_04194,The interview schedule will be shared soon.,43,ham
SPAM_SMS_02035,Your mobile number has won a lottery prize.,43,spam
HAM_SMS_07021,Please confirm your availability for the session.,49,ham
HAM_SMS_03420,Your class schedule has been updated for tomorrow.,50,ham
HAM_SMS_02222,The interview schedule will be shared soon.,43,ham
SPAM_SMS_01128,Limited time offer. Get free coupons by clicking this link.,59,spam
HAM_SMS_06428,Thank you for your message. I will check and reply soon.,56,ham
SPAM_SMS_02047,Congratulations! You have won a cash prize. Click the link to claim now.,72,spam
SPAM_SMS_00003,Claim your free gift card now before it expires.,48,spam
HAM_SMS_05351,Thank you for your message. I will check and reply soon.,56,ham
SPAM_SMS_01998,Suspicious login detected. Update your password immediately.,60,spam
HAM_SMS_00657,The report is ready for review.,31,ham
HAM_SMS_00753,I reached home safely.,22,ham
HAM_SMS_03124,Let's discuss the presentation after lunch.,43,ham
SPAM_SMS_00186,Final warning! Complete KYC verification now.,45,spam
HAM_SMS_06831,Reminder: submit your assignment before the deadline.,53,ham
HAM_SMS_04235,Can you send me the notes from today's lecture?,47,ham
HAM_SMS_04728,Please confirm your availability for the session.,49,ham
HAM_SMS_05774,"Hey, are we meeting today for the project discussion?",53,ham
HAM_SMS_04717,I reached home safely.,22,ham
HAM_SMS_05095,Reminder: submit your assignment before the deadline.,53,ham
HAM_SMS_06602,Reminder: submit your assignment before the deadline.,53,ham
HAM_SMS_05713,Can you send me the notes from today's lecture?,47,ham
HAM_SMS_04124,Please find the details shared in the group.,44,ham
HAM_SMS_02699,Your class schedule has been updated for tomorrow.,50,ham
HAM_SMS_03605,Your order has been delivered successfully.,43,ham
HAM_SMS_01526,The meeting has been shifted to 4 PM.,37,ham
HAM_SMS_00173,I reached home safely.,22,ham
SPAM_SMS_01280,Earn money from home without investment. Join now.,50,spam
HAM_SMS_05701,The interview schedule will be shared soon.,43,ham
HAM_SMS_06789,Your order has been delivered successfully.,43,ham
HAM_SMS_05811,I reached home safely.,22,ham
HAM_SMS_03453,Let's discuss the presentation after lunch.,43,ham
HAM_SMS_04824,Your order has been delivered successfully.,43,ham
HAM_SMS_01242,Your payment has been received successfully.,44,ham
SPAM_SMS_01609,Congratulations! You have won a cash prize. Click the link to claim now.,72,spam
HAM_SMS_03501,Thank you for your message. I will check and reply soon.,56,ham
HAM_SMS_03189,The meeting has been shifted to 4 PM.,37,ham
SPAM_SMS_02390,Final warning! Complete KYC verification now.,45,spam
HAM_SMS_00625,Please call me when you are free.,33,ham
HAM_SMS_06561,The report is ready for review.,31,ham
HAM_SMS_01146,I reached home safely.,22,ham
SPAM_SMS_01761,Earn money from home without investment. Join now.,50,spam
HAM_SMS_05729,"Hey, are we meeting today for the project discussion?",53,ham
SPAM_SMS_00393,Win money instantly. Register today and claim your bonus.,57,spam
HAM_SMS_07031,Your class schedule has been updated for tomorrow.,50,ham
HAM_SMS_00741,Reminder: submit your assignment before the deadline.,53,ham
HAM_SMS_03757,Let's discuss the presentation after lunch.,43,ham
HAM_SMS_01049,Please call me when you are free.,33,ham
HAM_SMS_07494,Please call me when you are free.,33,ham
HAM_SMS_05309,Reminder: submit your assignment before the deadline.,53,ham
HAM_SMS_02967,Please call me when you are free.,33,ham
HAM_SMS_04714,Please confirm your availability for the session.,49,ham
HAM_SMS_00283,The interview schedule will be shared soon.,43,ham
HAM_SMS_07164,Please call me when you are free.,33,ham
HAM_SMS_01461,Can you send me the notes from today's lecture?,47,ham
SPAM_SMS_02308,Your mobile number has won a lottery prize.,43,spam
SPAM_SMS_02098,Recharge offer available. Get double benefits today.,52,spam
HAM_SMS_04960,Your payment has been received successfully.,44,ham
HAM_SMS_02495,The report is ready for review.,31,ham
HAM_SMS_04221,Your order has been delivered successfully.,43,ham
HAM_SMS_06018,Can you send me the notes from today's lecture?,47,ham
HAM_SMS_03376,Please confirm your availability for the session.,49,ham
HAM_SMS_03157,The meeting has been shifted to 4 PM.,37,ham
HAM_SMS_01346,Please find the details shared in the group.,44,ham
HAM_SMS_02229,The meeting has been shifted to 4 PM.,37,ham
SPAM_SMS_00333,Suspicious login detected. Update your password immediately.,60,spam
HAM_SMS_00409,Please confirm your availability for the session.,49,ham
HAM_SMS_03926,Thank you for your message. I will check and reply soon.,56,ham
HAM_SMS_07415,Your class schedule has been updated for tomorrow.,50,ham
SPAM_SMS_00470,Suspicious login detected. Update your password immediately.,60,spam
HAM_SMS_02186,Your payment has been received successfully.,44,ham
SPAM_SMS_02297,Exclusive offer only for you. Click here to redeem.,51,spam
HAM_SMS_06673,Can you send me the notes from today's lecture?,47,ham
SPAM_SMS_00495,Final warning! Complete KYC verification now.,45,spam
HAM_SMS_02635,Can you send me the notes from today's lecture?,47,ham
HAM_SMS_01753,Reminder: submit your assignment before the deadline.,53,ham
HAM_SMS_03065,Your payment has been received successfully.,44,ham
HAM_SMS_04034,I reached home safely.,22,ham
SPAM_SMS_01212,Limited time offer. Get free coupons by clicking this link.,59,spam
HAM_SMS_02021,Please call me when you are free.,33,ham
HAM_SMS_04399,Reminder: submit your assignment before the deadline.,53,ham
HAM_SMS_00206,The report is ready for review.,31,ham
SPAM_SMS_02126,Your loan is approved. Pay processing fee to receive funds.,59,spam
HAM_SMS_00038,I reached home safely.,22,ham
HAM_SMS_02147,Your order has been delivered successfully.,43,ham
HAM_SMS_02445,The report is ready for review.,31,ham
HAM_SMS_05110,"Hey, are we meeting today for the project discussion?",53,ham
HAM_SMS_04762,Thank you for your message. I will check and reply soon.,56,ham
HAM_SMS_01935,The report is ready for review.,31,ham
SPAM_SMS_01589,Final warning! Complete KYC verification now.,45,spam
HAM_SMS_02903,Reminder: submit your assignment before the deadline.,53,ham
HAM_SMS_00869,The interview schedule will be shared soon.,43,ham
HAM_SMS_00460,Reminder: submit your assignment before the deadline.,53,ham
SPAM_SMS_01214,You won a shopping voucher. Claim it today.,43,spam
SPAM_SMS_00240,You won a shopping voucher. Claim it today.,43,spam
HAM_SMS_04437,The interview schedule will be shared soon.,43,ham
SPAM_SMS_01107,You won a shopping voucher. Claim it today.,43,spam
HAM_SMS_00287,The interview schedule will be shared soon.,43,ham
HAM_SMS_07237,Your payment has been received successfully.,44,ham
HAM_SMS_05598,Please call me when you are free.,33,ham
HAM_SMS_03426,"Hey, are we meeting today for the project discussion?",53,ham
HAM_SMS_00242,The meeting has been shifted to 4 PM.,37,ham
SPAM_SMS_01146,Recharge offer available. Get double benefits today.,52,spam
HAM_SMS_01822,Please confirm your availability for the session.,49,ham
SPAM_SMS_00833,Exclusive offer only for you. Click here to redeem.,51,spam
SPAM_SMS_01367,Free entry in a lucky draw. Text WIN to claim your reward.,58,spam
HAM_SMS_05166,Please find the details shared in the group.,44,ham
SPAM_SMS_01235,Free entry in a lucky draw. Text WIN to claim your reward.,58,spam
HAM_SMS_07326,Your order has been delivered successfully.,43,ham
HAM_SMS_00056,Please find the details shared in the group.,44,ham
SPAM_SMS_01115,Urgent! Your bank account will be blocked. Verify your details immediately.,75,spam
HAM_SMS_04058,Please call me when you are free.,33,ham
HAM_SMS_02636,Your order has been delivered successfully.,43,ham
HAM_SMS_03403,The interview schedule will be shared soon.,43,ham
HAM_SMS_05337,Reminder: submit your assignment before the deadline.,53,ham
HAM_SMS_02001,Please call me when you are free.,33,ham
HAM_SMS_05348,The interview schedule will be shared soon.,43,ham
HAM_SMS_00637,Your class schedule has been updated for tomorrow.,50,ham
HAM_SMS_01466,Please confirm your availability for the session.,49,ham
HAM_SMS_03960,"Hey, are we meeting today for the project discussion?",53,ham
SPAM_SMS_00799,Your mobile number has won a lottery prize.,43,spam
SPAM_SMS_02115,Free entry in a lucky draw. Text WIN to claim your reward.,58,spam
HAM_SMS_02473,The report is ready for review.,31,ham
HAM_SMS_01527,The interview schedule will be shared soon.,43,ham
HAM_SMS_03940,Please find the details shared in the group.,44,ham
SPAM_SMS_02166,Earn money from home without investment. Join now.,50,spam
HAM_SMS_04387,"Hey, are we meeting today for the project discussion?",53,ham
SPAM_SMS_00354,Claim your free gift card now before it expires.,48,spam
SPAM_SMS_00828,Your mobile number has won a lottery prize.,43,spam
HAM_SMS_01925,Let's discuss the presentation after lunch.,43,ham
SPAM_SMS_02410,Limited time offer. Get free coupons by clicking this link.,59,spam
HAM_SMS_05125,Can you send me the notes from today's lecture?,47,ham
SPAM_SMS_00314,You are selected for a reward. Send your account details now.,61,spam
HAM_SMS_02888,Please find the details shared in the group.,44,ham
HAM_SMS_00176,The meeting has been shifted to 4 PM.,37,ham
HAM_SMS_04739,Please confirm your availability for the session.,49,ham
HAM_SMS_02627,Reminder: submit your assignment before the deadline.,53,ham
SPAM_SMS_00359,Exclusive offer only for you. Click here to redeem.,51,spam
SPAM_SMS_00432,Your mobile number has won a lottery prize.,43,spam
SPAM_SMS_00916,Your mobile number has won a lottery prize.,43,spam
HAM_SMS_00079,The meeting has been shifted to 4 PM.,37,ham
HAM_SMS_04421,The interview schedule will be shared soon.,43,ham
HAM_SMS_02994,The meeting has been shifted to 4 PM.,37,ham
HAM_SMS_03303,Please call me when you are free.,33,ham
SPAM_SMS_02131,Limited time offer. Get free coupons by clicking this link.,59,spam
SPAM_SMS_01988,Claim your free gift card now before it expires.,48,spam
HAM_SMS_00377,"Hey, are we meeting today for the project discussion?",53,ham
HAM_SMS_07377,Please call me when you are free.,33,ham
HAM_SMS_01265,Please find the details shared in the group.,44,ham
HAM_SMS_00457,The interview schedule will be shared soon.,43,ham
HAM_SMS_03425,I reached home safely.,22,ham
SPAM_SMS_00781,Your mobile number has won a lottery prize.,43,spam
HAM_SMS_03047,Your class schedule has been updated for tomorrow.,50,ham
SPAM_SMS_01746,You won a shopping voucher. Claim it today.,43,spam
HAM_SMS_02935,Your class schedule has been updated for tomorrow.,50,ham
HAM_SMS_05170,Can you send me the notes from today's lecture?,47,ham
HAM_SMS_03208,Please confirm your availability for the session.,49,ham
SPAM_SMS_01141,Free entry in a lucky draw. Text WIN to claim your reward.,58,spam
SPAM_SMS_02066,Recharge offer available. Get double benefits today.,52,spam
SPAM_SMS_02036,Final warning! Complete KYC verification now.,45,spam
SPAM_SMS_00701,Limited time offer. Get free coupons by clicking this link.,59,spam
HAM_SMS_02106,Please call me when you are free.,33,ham
HAM_SMS_05767,Thank you for your message. I will check and reply soon.,56,ham
SPAM_SMS_02075,You won a shopping voucher. Claim it today.,43,spam
HAM_SMS_06164,"Hey, are we meeting today for the project discussion?",53,ham
HAM_SMS_00677,Please confirm your availability for the session.,49,ham
HAM_SMS_02460,The report is ready for review.,31,ham
SPAM_SMS_00179,Congratulations! You have won a cash prize. Click the link to claim now.,72,spam
HAM_SMS_06448,Please find the details shared in the group.,44,ham
HAM_SMS_05012,The meeting has been shifted to 4 PM.,37,ham
HAM_SMS_00527,The report is ready for review.,31,ham
HAM_SMS_03053,Can you send me the notes from today's lecture?,47,ham
HAM_SMS_03200,The interview schedule will be shared soon.,43,ham
HAM_SMS_04818,Your class schedule has been updated for tomorrow.,50,ham
HAM_SMS_06981,The meeting has been shifted to 4 PM.,37,ham
HAM_SMS_05530,Please find the details shared in the group.,44,ham
HAM_SMS_01875,Can you send me the notes from today's lecture?,47,ham
SPAM_SMS_00117,Suspicious login detected. Update your password immediately.,60,spam
SPAM_SMS_02170,Recharge offer available. Get double benefits today.,52,spam
HAM_SMS_03580,The interview schedule will be shared soon.,43,ham
SPAM_SMS_02424,Limited time offer. Get free coupons by clicking this link.,59,spam
HAM_SMS_06123,Your payment has been received successfully.,44,ham
HAM_SMS_06753,Please confirm your availability for the session.,49,ham
HAM_SMS_04099,I reached home safely.,22,ham
HAM_SMS_07347,The interview schedule will be shared soon.,43,ham
HAM_SMS_05841,Reminder: submit your assignment before the deadline.,53,ham
HAM_SMS_03713,Your payment has been received successfully.,44,ham
HAM_SMS_07046,Let's discuss the presentation after lunch.,43,ham
HAM_SMS_04091,"Hey, are we meeting today for the project discussion?",53,ham
HAM_SMS_05507,"Hey, are we meeting today for the project discussion?",53,ham
SPAM_SMS_00113,Exclusive offer only for you. Click here to redeem.,51,spam
SPAM_SMS_01954,Urgent! Your bank account will be blocked. Verify your details immediately.,75,spam
HAM_SMS_02945,Please call me when you are free.,33,ham
HAM_SMS_03798,Please confirm your availability for the session.,49,ham
HAM_SMS_02293,Please find the details shared in the group.,44,ham
HAM_SMS_00028,The interview schedule will be shared soon.,43,ham
HAM_SMS_02889,The interview schedule will be shared soon.,43,ham
HAM_SMS_04675,The report is ready for review.,31,ham
SPAM_SMS_01756,Limited time offer. Get free coupons by clicking this link.,59,spam
SPAM_SMS_00933,Congratulations! You have won a cash prize. Click the link to claim now.,72,spam
HAM_SMS_05202,Please find the details shared in the group.,44,ham
HAM_SMS_00275,I reached home safely.,22,ham
HAM_SMS_02393,Please call me when you are free.,33,ham
SPAM_SMS_01922,You won a shopping voucher. Claim it today.,43,spam
SPAM_SMS_02189,Free entry in a lucky draw. Text WIN to claim your reward.,58,spam
HAM_SMS_02104,Your order has been delivered successfully.,43,ham
SPAM_SMS_00898,Limited time offer. Get free coupons by clicking this link.,59,spam
HAM_SMS_00908,Please call me when you are free.,33,ham
HAM_SMS_03898,The interview schedule will be shared soon.,43,ham
SPAM_SMS_00130,Earn money from home without investment. Join now.,50,spam
HAM_SMS_04789,The report is ready for review.,31,ham
HAM_SMS_04164,Your order has been delivered successfully.,43,ham
HAM_SMS_00084,The report is ready for review.,31,ham
HAM_SMS_00058,"Hey, are we meeting today for the project discussion?",53,ham
SPAM_SMS_00329,Suspicious login detected. Update your password immediately.,60,spam
HAM_SMS_06863,Reminder: submit your assignment before the deadline.,53,ham
HAM_SMS_07334,Can you send me the notes from today's lecture?,47,ham
HAM_SMS_01858,Your class schedule has been updated for tomorrow.,50,ham
SPAM_SMS_02406,Recharge offer available. Get double benefits today.,52,spam
HAM_SMS_03459,Reminder: submit your assignment before the deadline.,53,ham
HAM_SMS_04054,I reached home safely.,22,ham
HAM_SMS_01710,The meeting has been shifted to 4 PM.,37,ham
SPAM_SMS_00318,You are selected for a reward. Send your account details now.,61,spam
SPAM_SMS_02004,Limited time offer. Get free coupons by clicking this link.,59,spam
HAM_SMS_00963,Thank you for your message. I will check and reply soon.,56,ham
SPAM_SMS_02143,Congratulations! You have won a cash prize. Click the link to claim now.,72,spam
HAM_SMS_01635,The meeting has been shifted to 4 PM.,37,ham
HAM_SMS_01871,Thank you for your message. I will check and reply soon.,56,ham
HAM_SMS_06615,Your order has been delivered successfully.,43,ham
HAM_SMS_04891,Your order has been delivered successfully.,43,ham
HAM_SMS_01831,The report is ready for review.,31,ham
HAM_SMS_00360,Thank you for your message. I will check and reply soon.,56,ham
HAM_SMS_02992,"Hey, are we meeting today for the project discussion?",53,ham
HAM_SMS_02818,Your order has been delivered successfully.,43,ham
SPAM_SMS_01060,Free entry in a lucky draw. Text WIN to claim your reward.,58,spam
HAM_SMS_02044,Please confirm your availability for the session.,49,ham
HAM_SMS_07454,The report is ready for review.,31,ham
HAM_SMS_06573,Please confirm your availability for the session.,49,ham
HAM_SMS_06228,"Hey, are we meeting today for the project discussion?",53,ham
HAM_SMS_02554,Please find the details shared in the group.,44,ham
HAM_SMS_03543,Please confirm your availability for the session.,49,ham
HAM_SMS_07061,Your order has been delivered successfully.,43,ham
SPAM_SMS_00695,Limited time offer. Get free coupons by clicking this link.,59,spam
HAM_SMS_00934,Your order has been delivered successfully.,43,ham
SPAM_SMS_00334,Suspicious login detected. Update your password immediately.,60,spam
HAM_SMS_00748,Please find the details shared in the group.,44,ham
HAM_SMS_02276,Your order has been delivered successfully.,43,ham
HAM_SMS_00532,Please find the details shared in the group.,44,ham
HAM_SMS_01938,Please confirm your availability for the session.,49,ham
SPAM_SMS_00170,Your loan is approved. Pay processing fee to receive funds.,59,spam
HAM_SMS_03471,The meeting has been shifted to 4 PM.,37,ham
SPAM_SMS_01084,Claim your free gift card now before it expires.,48,spam
HAM_SMS_01308,Your order has been delivered successfully.,43,ham
HAM_SMS_06035,"Hey, are we meeting today for the project discussion?",53,ham
SPAM_SMS_01265,Your mobile number has won a lottery prize.,43,spam
HAM_SMS_01731,Your order has been delivered successfully.,43,ham
SPAM_SMS_00155,Your mobile number has won a lottery prize.,43,spam
HAM_SMS_05400,Please call me when you are free.,33,ham
HAM_SMS_02173,Please confirm your availability for the session.,49,ham
HAM_SMS_06032,Let's discuss the presentation after lunch.,43,ham
HAM_SMS_03982,The report is ready for review.,31,ham
HAM_SMS_03602,Let's discuss the presentation after lunch.,43,ham
HAM_SMS_04985,Can you send me the notes from today's lecture?,47,ham
HAM_SMS_03835,Your class schedule has been updated for tomorrow.,50,ham
SPAM_SMS_00609,Your loan is approved. Pay processing fee to receive funds.,59,spam
HAM_SMS_03863,Please confirm your availability for the session.,49,ham
HAM_SMS_05035,Your class schedule has been updated for tomorrow.,50,ham
HAM_SMS_00849,Your class schedule has been updated for tomorrow.,50,ham
HAM_SMS_07461,Please confirm your availability for the session.,49,ham
SPAM_SMS_01305,Your mobile number has won a lottery prize.,43,spam
HAM_SMS_05061,Thank you for your message. I will check and reply soon.,56,ham
SPAM_SMS_02393,Your loan is approved. Pay processing fee to receive funds.,59,spam
SPAM_SMS_00606,You won a shopping voucher. Claim it today.,43,spam
SPAM_SMS_00281,Claim your free gift card now before it expires.,48,spam
HAM_SMS_04002,Can you send me the notes from today's lecture?,47,ham
HAM_SMS_02366,Let's discuss the presentation after lunch.,43,ham
HAM_SMS_05597,Let's discuss the presentation after lunch.,43,ham
HAM_SMS_02038,Please call me when you are free.,33,ham
HAM_SMS_02463,Please call me when you are free.,33,ham
HAM_SMS_07356,Please call me when you are free.,33,ham
HAM_SMS_02921,Can you send me the notes from today's lecture?,47,ham
SPAM_SMS_00038,Congratulations! You have won a cash prize. Click the link to claim now.,72,spam
HAM_SMS_04493,I reached home safely.,22,ham
HAM_SMS_07449,Let's discuss the presentation after lunch.,43,ham
HAM_SMS_00052,The meeting has been shifted to 4 PM.,37,ham
HAM_SMS_03263,Your order has been delivered successfully.,43,ham
HAM_SMS_05920,Your payment has been received successfully.,44,ham
HAM_SMS_04791,The report is ready for review.,31,ham
HAM_SMS_02576,Can you send me the notes from today's lecture?,47,ham
HAM_SMS_01561,Please confirm your availability for the session.,49,ham
HAM_SMS_00202,The meeting has been shifted to 4 PM.,37,ham
SPAM_SMS_00373,Claim your free gift card now before it expires.,48,spam
HAM_SMS_04298,"Hey, are we meeting today for the project discussion?",53,ham
HAM_SMS_03787,Reminder: submit your assignment before the deadline.,53,ham
HAM_SMS_06737,Can you send me the notes from today's lecture?,47,ham
HAM_SMS_06417,The report is ready for review.,31,ham
HAM_SMS_04093,Let's discuss the presentation after lunch.,43,ham
SPAM_SMS_01725,You are selected for a reward. Send your account details now.,61,spam
HAM_SMS_03971,Your class schedule has been updated for tomorrow.,50,ham
HAM_SMS_01959,Your class schedule has been updated for tomorrow.,50,ham
HAM_SMS_02022,Can you send me the notes from today's lecture?,47,ham
SPAM_SMS_02097,Limited time offer. Get free coupons by clicking this link.,59,spam
HAM_SMS_06396,Your order has been delivered successfully.,43,ham
HAM_SMS_01719,"Hey, are we meeting today for the project discussion?",53,ham
HAM_SMS_06771,Please call me when you are free.,33,ham
HAM_SMS_04766,The meeting has been shifted to 4 PM.,37,ham
SPAM_SMS_01149,Free entry in a lucky draw. Text WIN to claim your reward.,58,spam
HAM_SMS_01551,Please call me when you are free.,33,ham
SPAM_SMS_02415,Final warning! Complete KYC verification now.,45,spam
HAM_SMS_03624,Can you send me the notes from today's lecture?,47,ham
HAM_SMS_04199,The meeting has been shifted to 4 PM.,37,ham
HAM_SMS_01912,The meeting has been shifted to 4 PM.,37,ham
HAM_SMS_04257,Please call me when you are free.,33,ham
HAM_SMS_04501,"Hey, are we meeting today for the project discussion?",53,ham
HAM_SMS_07458,Let's discuss the presentation after lunch.,43,ham
SPAM_SMS_02178,Earn money from home without investment. Join now.,50,spam
HAM_SMS_02279,Please find the details shared in the group.,44,ham
HAM_SMS_02166,The meeting has been shifted to 4 PM.,37,ham
HAM_SMS_04225,Your order has been delivered successfully.,43,ham
HAM_SMS_02845,I reached home safely.,22,ham
HAM_SMS_04035,Please confirm your availability for the session.,49,ham
HAM_SMS_02388,I reached home safely.,22,ham
HAM_SMS_03316,Please call me when you are free.,33,ham
HAM_SMS_03360,I reached home safely.,22,ham
HAM_SMS_07029,Can you send me the notes from today's lecture?,47,ham
SPAM_SMS_02342,Urgent! Your bank account will be blocked. Verify your details immediately.,75,spam
HAM_SMS_06715,The report is ready for review.,31,ham
SPAM_SMS_01957,Earn money from home without investment. Join now.,50,spam
HAM_SMS_06444,Please confirm your availability for the session.,49,ham
HAM_SMS_04880,The report is ready for review.,31,ham
HAM_SMS_06809,Please find the details shared in the group.,44,ham
HAM_SMS_05036,Please find the details shared in the group.,44,ham
HAM_SMS_01827,The meeting has been shifted to 4 PM.,37,ham
HAM_SMS_00696,Please call me when you are free.,33,ham
HAM_SMS_01922,I reached home safely.,22,ham
HAM_SMS_02619,I reached home safely.,22,ham
HAM_SMS_00706,Please confirm your availability for the session.,49,ham
HAM_SMS_03487,Can you send me the notes from today's lecture?,47,ham
HAM_SMS_06642,Please find the details shared in the group.,44,ham
HAM_SMS_03635,"Hey, are we meeting today for the project discussion?",53,ham
SPAM_SMS_00993,Exclusive offer only for you. Click here to redeem.,51,spam
SPAM_SMS_02407,Free entry in a lucky draw. Text WIN to claim your reward.,58,spam
HAM_SMS_02066,Please confirm your availability for the session.,49,ham
SPAM_SMS_01729,Your mobile number has won a lottery prize.,43,spam
HAM_SMS_04581,Your class schedule has been updated for tomorrow.,50,ham
HAM_SMS_05040,Your class schedule has been updated for tomorrow.,50,ham
HAM_SMS_02937,Please confirm your availability for the session.,49,ham
SPAM_SMS_01815,Final warning! Complete KYC verification now.,45,spam
HAM_SMS_01788,Can you send me the notes from today's lecture?,47,ham
HAM_SMS_02225,I reached home safely.,22,ham
SPAM_SMS_01209,Limited time offer. Get free coupons by clicking this link.,59,spam
SPAM_SMS_02210,Exclusive offer only for you. Click here to redeem.,51,spam
HAM_SMS_07175,The report is ready for review.,31,ham
SPAM_SMS_00237,Your loan is approved. Pay processing fee to receive funds.,59,spam
SPAM_SMS_00465,You are selected for a reward. Send your account details now.,61,spam
HAM_SMS_03729,Your order has been delivered successfully.,43,ham
HAM_SMS_01518,The meeting has been shifted to 4 PM.,37,ham
SPAM_SMS_02487,Suspicious login detected. Update your password immediately.,60,spam
HAM_SMS_00110,The meeting has been shifted to 4 PM.,37,ham
HAM_SMS_02448,Please confirm your availability for the session.,49,ham
SPAM_SMS_02417,You won a shopping voucher. Claim it today.,43,spam
HAM_SMS_01952,I reached home safely.,22,ham
HAM_SMS_03947,Please find the details shared in the group.,44,ham
HAM_SMS_06225,The meeting has been shifted to 4 PM.,37,ham
HAM_SMS_00700,Reminder: submit your assignment before the deadline.,53,ham
HAM_SMS_06320,The meeting has been shifted to 4 PM.,37,ham
HAM_SMS_03742,Can you send me the notes from today's lecture?,47,ham
HAM_SMS_01951,The interview schedule will be shared soon.,43,ham
SPAM_SMS_01987,Your mobile number has won a lottery prize.,43,spam
HAM_SMS_01602,The meeting has been shifted to 4 PM.,37,ham
HAM_SMS_03445,Can you send me the notes from today's lecture?,47,ham
HAM_SMS_01863,The report is ready for review.,31,ham
HAM_SMS_01268,The meeting has been shifted to 4 PM.,37,ham
SPAM_SMS_01227,Free entry in a lucky draw. Text WIN to claim your reward.,58,spam
SPAM_SMS_00535,You won a shopping voucher. Claim it today.,43,spam
HAM_SMS_05322,The report is ready for review.,31,ham
HAM_SMS_01445,The interview schedule will be shared soon.,43,ham
HAM_SMS_02855,Your payment has been received successfully.,44,ham
HAM_SMS_02213,Thank you for your message. I will check and reply soon.,56,ham
HAM_SMS_04230,The report is ready for review.,31,ham
SPAM_SMS_01200,Congratulations! You have won a cash prize. Click the link to claim now.,72,spam
SPAM_SMS_01447,Limited time offer. Get free coupons by clicking this link.,59,spam
SPAM_SMS_01625,You are selected for a reward. Send your account details now.,61,spam
SPAM_SMS_00416,Final warning! Complete KYC verification now.,45,spam
HAM_SMS_03527,Thank you for your message. I will check and reply soon.,56,ham
SPAM_SMS_02431,Claim your free gift card now before it expires.,48,spam
HAM_SMS_03593,"Hey, are we meeting today for the project discussion?",53,ham
HAM_SMS_01929,Can you send me the notes from today's lecture?,47,ham
HAM_SMS_01360,Please confirm your availability for the session.,49,ham
HAM_SMS_07206,Reminder: submit your assignment before the deadline.,53,ham
SPAM_SMS_01329,Urgent! Your bank account will be blocked. Verify your details immediately.,75,spam
HAM_SMS_00593,Your order has been delivered successfully.,43,ham
HAM_SMS_04189,"Hey, are we meeting today for the project discussion?",53,ham
SPAM_SMS_01381,You are selected for a reward. Send your account details now.,61,spam
SPAM_SMS_01959,Your loan is approved. Pay processing fee to receive funds.,59,spam
HAM_SMS_03601,"Hey, are we meeting today for the project discussion?",53,ham
SPAM_SMS_00783,Urgent! Your bank account will be blocked. Verify your details immediately.,75,spam
HAM_SMS_02111,Your order has been delivered successfully.,43,ham
HAM_SMS_01082,Thank you for your message. I will check and reply soon.,56,ham
HAM_SMS_05673,Can you send me the notes from today's lecture?,47,ham
HAM_SMS_01804,Let's discuss the presentation after lunch.,43,ham
SPAM_SMS_00411,Win money instantly. Register today and claim your bonus.,57,spam
HAM_SMS_00100,Your order has been delivered successfully.,43,ham
HAM_SMS_03094,I reached home safely.,22,ham
SPAM_SMS_00492,Free entry in a lucky draw. Text WIN to claim your reward.,58,spam
SPAM_SMS_01135,You are selected for a reward. Send your account details now.,61,spam
HAM_SMS_05763,Reminder: submit your assignment before the deadline.,53,ham
HAM_SMS_01920,Please confirm your availability for the session.,49,ham
HAM_SMS_03137,Your payment has been received successfully.,44,ham
SPAM_SMS_01398,Final warning! Complete KYC verification now.,45,spam
HAM_SMS_05404,Your payment has been received successfully.,44,ham
HAM_SMS_06712,Can you send me the notes from today's lecture?,47,ham
HAM_SMS_05329,Your payment has been received successfully.,44,ham
HAM_SMS_00931,Your payment has been received successfully.,44,ham
SPAM_SMS_01570,Earn money from home without investment. Join now.,50,spam
HAM_SMS_03187,Please confirm your availability for the session.,49,ham
HAM_SMS_02171,Thank you for your message. I will check and reply soon.,56,ham
SPAM_SMS_00837,Win money instantly. Register today and claim your bonus.,57,spam
HAM_SMS_07065,Your order has been delivered successfully.,43,ham
HAM_SMS_04430,Please find the details shared in the group.,44,ham
SPAM_SMS_02048,Earn money from home without investment. Join now.,50,spam
HAM_SMS_06806,Let's discuss the presentation after lunch.,43,ham
HAM_SMS_05272,The report is ready for review.,31,ham
HAM_SMS_04909,Please call me when you are free.,33,ham
HAM_SMS_01576,Please call me when you are free.,33,ham
HAM_SMS_02263,Your order has been delivered successfully.,43,ham
SPAM_SMS_01479,Earn money from home without investment. Join now.,50,spam
HAM_SMS_06918,The meeting has been shifted to 4 PM.,37,ham
SPAM_SMS_02318,Final warning! Complete KYC verification now.,45,spam
SPAM_SMS_00709,You won a shopping voucher. Claim it today.,43,spam
HAM_SMS_01586,The interview schedule will be shared soon.,43,ham
HAM_SMS_02268,Please find the details shared in the group.,44,ham
HAM_SMS_00461,I reached home safely.,22,ham
HAM_SMS_01961,The report is ready for review.,31,ham
SPAM_SMS_01522,Final warning! Complete KYC verification now.,45,spam
HAM_SMS_00343,The report is ready for review.,31,ham
HAM_SMS_01407,Reminder: submit your assignment before the deadline.,53,ham
SPAM_SMS_01312,Recharge offer available. Get double benefits today.,52,spam
HAM_SMS_01900,Can you send me the notes from today's lecture?,47,ham
HAM_SMS_00378,Your order has been delivered successfully.,43,ham
HAM_SMS_00292,Your payment has been received successfully.,44,ham
SPAM_SMS_00576,Urgent! Your bank account will be blocked. Verify your details immediately.,75,spam
HAM_SMS_07315,Reminder: submit your assignment before the deadline.,53,ham
HAM_SMS_02609,The report is ready for review.,31,ham
HAM_SMS_00571,Can you send me the notes from today's lecture?,47,ham
HAM_SMS_00811,Your payment has been received successfully.,44,ham
HAM_SMS_04648,Your class schedule has been updated for tomorrow.,50,ham
HAM_SMS_05474,Reminder: submit your assignment before the deadline.,53,ham
HAM_SMS_02394,Please confirm your availability for the session.,49,ham
HAM_SMS_04328,I reached home safely.,22,ham
SPAM_SMS_00449,Exclusive offer only for you. Click here to redeem.,51,spam
HAM_SMS_01783,Your payment has been received successfully.,44,ham
HAM_SMS_03492,Please confirm your availability for the session.,49,ham
HAM_SMS_01764,Your payment has been received successfully.,44,ham
HAM_SMS_05518,Your class schedule has been updated for tomorrow.,50,ham
HAM_SMS_07064,The meeting has been shifted to 4 PM.,37,ham
HAM_SMS_05941,"Hey, are we meeting today for the project discussion?",53,ham
HAM_SMS_05419,The report is ready for review.,31,ham
SPAM_SMS_02394,Claim your free gift card now before it expires.,48,spam
HAM_SMS_02053,Thank you for your message. I will check and reply soon.,56,ham
HAM_SMS_03036,"Hey, are we meeting today for the project discussion?",53,ham
SPAM_SMS_00716,Final warning! Complete KYC verification now.,45,spam
HAM_SMS_03374,Reminder: submit your assignment before the deadline.,53,ham
HAM_SMS_03925,Reminder: submit your assignment before the deadline.,53,ham
HAM_SMS_02995,Reminder: submit your assignment before the deadline.,53,ham
HAM_SMS_01298,I reached home safely.,22,ham
HAM_SMS_04564,Reminder: submit your assignment before the deadline.,53,ham
HAM_SMS_05948,I reached home safely.,22,ham
HAM_SMS_05860,The interview schedule will be shared soon.,43,ham
HAM_SMS_00481,"Hey, are we meeting today for the project discussion?",53,ham
SPAM_SMS_00720,You are selected for a reward. Send your account details now.,61,spam
HAM_SMS_01349,Your order has been delivered successfully.,43,ham
HAM_SMS_01312,Your order has been delivered successfully.,43,ham
HAM_SMS_06071,Reminder: submit your assignment before the deadline.,53,ham
HAM_SMS_02224,Let's discuss the presentation after lunch.,43,ham
HAM_SMS_06069,I reached home safely.,22,ham
SPAM_SMS_02009,Free entry in a lucky draw. Text WIN to claim your reward.,58,spam
SPAM_SMS_00040,Your loan is approved. Pay processing fee to receive funds.,59,spam
HAM_SMS_07134,The report is ready for review.,31,ham
SPAM_SMS_01260,Final warning! Complete KYC verification now.,45,spam
HAM_SMS_06947,Let's discuss the presentation after lunch.,43,ham
HAM_SMS_01191,Can you send me the notes from today's lecture?,47,ham
HAM_SMS_01488,The report is ready for review.,31,ham
HAM_SMS_05107,Let's discuss the presentation after lunch.,43,ham
HAM_SMS_05908,Please find the details shared in the group.,44,ham
HAM_SMS_04946,The meeting has been shifted to 4 PM.,37,ham
SPAM_SMS_02060,Limited time offer. Get free coupons by clicking this link.,59,spam
HAM_SMS_07223,Reminder: submit your assignment before the deadline.,53,ham
SPAM_SMS_01834,Free entry in a lucky draw. Text WIN to claim your reward.,58,spam
HAM_SMS_01198,Your order has been delivered successfully.,43,ham
HAM_SMS_02172,Your payment has been received successfully.,44,ham
HAM_SMS_03872,Please find the details shared in the group.,44,ham
HAM_SMS_03004,Thank you for your message. I will check and reply soon.,56,ham
HAM_SMS_02778,Your payment has been received successfully.,44,ham
HAM_SMS_05360,Your order has been delivered successfully.,43,ham
HAM_SMS_07331,Your class schedule has been updated for tomorrow.,50,ham
HAM_SMS_01905,"Hey, are we meeting today for the project discussion?",53,ham
SPAM_SMS_01475,You are selected for a reward. Send your account details now.,61,spam
HAM_SMS_03768,"Hey, are we meeting today for the project discussion?",53,ham
HAM_SMS_04989,Can you send me the notes from today's lecture?,47,ham
HAM_SMS_05562,Your order has been delivered successfully.,43,ham
SPAM_SMS_02195,Recharge offer available. Get double benefits today.,52,spam
HAM_SMS_06313,Your class schedule has been updated for tomorrow.,50,ham
HAM_SMS_05056,"Hey, are we meeting today for the project discussion?",53,ham
HAM_SMS_06245,Thank you for your message. I will check and reply soon.,56,ham
HAM_SMS_06842,Reminder: submit your assignment before the deadline.,53,ham
HAM_SMS_02240,Reminder: submit your assignment before the deadline.,53,ham
HAM_SMS_01688,The meeting has been shifted to 4 PM.,37,ham
HAM_SMS_01680,Your class schedule has been updated for tomorrow.,50,ham
HAM_SMS_05335,Your payment has been received successfully.,44,ham
HAM_SMS_03841,Can you send me the notes from today's lecture?,47,ham
HAM_SMS_02644,Your order has been delivered successfully.,43,ham
HAM_SMS_04435,Your order has been delivered successfully.,43,ham
HAM_SMS_01394,Your class schedule has been updated for tomorrow.,50,ham
HAM_SMS_03219,Reminder: submit your assignment before the deadline.,53,ham
HAM_SMS_02490,Please confirm your availability for the session.,49,ham
HAM_SMS_06571,"Hey, are we meeting today for the project discussion?",53,ham
HAM_SMS_02193,The interview schedule will be shared soon.,43,ham
HAM_SMS_00761,Can you send me the notes from today's lecture?,47,ham
HAM_SMS_01057,The interview schedule will be shared soon.,43,ham
HAM_SMS_01945,I reached home safely.,22,ham
HAM_SMS_06224,Reminder: submit your assignment before the deadline.,53,ham
HAM_SMS_04018,Your payment has been received successfully.,44,ham
HAM_SMS_06614,Please find the details shared in the group.,44,ham
SPAM_SMS_01183,Suspicious login detected. Update your password immediately.,60,spam
HAM_SMS_01471,The meeting has been shifted to 4 PM.,37,ham
HAM_SMS_02380,Your class schedule has been updated for tomorrow.,50,ham
HAM_SMS_03466,Please call me when you are free.,33,ham
HAM_SMS_04800,Please confirm your availability for the session.,49,ham
HAM_SMS_03350,Thank you for your message. I will check and reply soon.,56,ham
HAM_SMS_05212,Please confirm your availability for the session.,49,ham
HAM_SMS_04267,Thank you for your message. I will check and reply soon.,56,ham
HAM_SMS_00273,Please call me when you are free.,33,ham
HAM_SMS_07003,The report is ready for review.,31,ham
HAM_SMS_07244,Your class schedule has been updated for tomorrow.,50,ham
HAM_SMS_06564,Your class schedule has been updated for tomorrow.,50,ham
HAM_SMS_01164,"Hey, are we meeting today for the project discussion?",53,ham
HAM_SMS_01706,Please call me when you are free.,33,ham
HAM_SMS_06201,I reached home safely.,22,ham
HAM_SMS_00018,"Hey, are we meeting today for the project discussion?",53,ham
SPAM_SMS_00336,Suspicious login detected. Update your password immediately.,60,spam
HAM_SMS_04204,I reached home safely.,22,ham
HAM_SMS_05997,Please find the details shared in the group.,44,ham
HAM_SMS_06381,The interview schedule will be shared soon.,43,ham
HAM_SMS_01736,Please confirm your availability for the session.,49,ham
SPAM_SMS_00167,Urgent! Your bank account will be blocked. Verify your details immediately.,75,spam
HAM_SMS_06414,Let's discuss the presentation after lunch.,43,ham
HAM_SMS_04434,Please find the details shared in the group.,44,ham
HAM_SMS_04366,Your payment has been received successfully.,44,ham
HAM_SMS_00462,Let's discuss the presentation after lunch.,43,ham
HAM_SMS_06204,The interview schedule will be shared soon.,43,ham
SPAM_SMS_02248,Claim your free gift card now before it expires.,48,spam
HAM_SMS_00493,Your payment has been received successfully.,44,ham
HAM_SMS_06716,Please confirm your availability for the session.,49,ham
HAM_SMS_01193,The report is ready for review.,31,ham
SPAM_SMS_02204,Win money instantly. Register today and claim your bonus.,57,spam
SPAM_SMS_00250,Free entry in a lucky draw. Text WIN to claim your reward.,58,spam
HAM_SMS_01432,Let's discuss the presentation after lunch.,43,ham
HAM_SMS_00740,The report is ready for review.,31,ham
HAM_SMS_00071,Please confirm your availability for the session.,49,ham
HAM_SMS_06156,Your class schedule has been updated for tomorrow.,50,ham
HAM_SMS_07183,Reminder: submit your assignment before the deadline.,53,ham
HAM_SMS_04420,"Hey, are we meeting today for the project discussion?",53,ham
HAM_SMS_06129,Reminder: submit your assignment before the deadline.,53,ham
HAM_SMS_02075,Can you send me the notes from today's lecture?,47,ham
HAM_SMS_06672,Let's discuss the presentation after lunch.,43,ham
HAM_SMS_05988,Can you send me the notes from today's lecture?,47,ham
HAM_SMS_06387,The meeting has been shifted to 4 PM.,37,ham
HAM_SMS_06872,Can you send me the notes from today's lecture?,47,ham
SPAM_SMS_00696,Earn money from home without investment. Join now.,50,spam
HAM_SMS_07246,The interview schedule will be shared soon.,43,ham
HAM_SMS_04974,I reached home safely.,22,ham
HAM_SMS_03452,Please find the details shared in the group.,44,ham
HAM_SMS_03470,"Hey, are we meeting today for the project discussion?",53,ham
SPAM_SMS_00764,Final warning! Complete KYC verification now.,45,spam
HAM_SMS_02624,The report is ready for review.,31,ham
SPAM_SMS_00715,Recharge offer available. Get double benefits today.,52,spam
HAM_SMS_00506,Please find the details shared in the group.,44,ham
SPAM_SMS_00307,Suspicious login detected. Update your password immediately.,60,spam
HAM_SMS_03566,Please call me when you are free.,33,ham
HAM_SMS_03120,"Hey, are we meeting today for the project discussion?",53,ham
HAM_SMS_00023,Thank you for your message. I will check and reply soon.,56,ham
SPAM_SMS_00148,Limited time offer. Get free coupons by clicking this link.,59,spam
HAM_SMS_02330,Your order has been delivered successfully.,43,ham
SPAM_SMS_00151,You are selected for a reward. Send your account details now.,61,spam
HAM_SMS_07407,Reminder: submit your assignment before the deadline.,53,ham
HAM_SMS_02403,The interview schedule will be shared soon.,43,ham
HAM_SMS_00626,Let's discuss the presentation after lunch.,43,ham
HAM_SMS_03927,Please confirm your availability for the session.,49,ham
HAM_SMS_06632,I reached home safely.,22,ham
SPAM_SMS_02402,Congratulations! You have won a cash prize. Click the link to claim now.,72,spam
HAM_SMS_00895,Thank you for your message. I will check and reply soon.,56,ham
SPAM_SMS_01056,Limited time offer. Get free coupons by clicking this link.,59,spam
HAM_SMS_05222,I reached home safely.,22,ham
HAM_SMS_00200,Your class schedule has been updated for tomorrow.,50,ham
SPAM_SMS_01975,Claim your free gift card now before it expires.,48,spam
SPAM_SMS_01557,Suspicious login detected. Update your password immediately.,60,spam
HAM_SMS_06671,The report is ready for review.,31,ham
HAM_SMS_03059,Please confirm your availability for the session.,49,ham
SPAM_SMS_01635,Final warning! Complete KYC verification now.,45,spam
HAM_SMS_03167,Your order has been delivered successfully.,43,ham
HAM_SMS_06429,Your class schedule has been updated for tomorrow.,50,ham
SPAM_SMS_00687,Final warning! Complete KYC verification now.,45,spam
HAM_SMS_03136,Reminder: submit your assignment before the deadline.,53,ham
HAM_SMS_04462,Your class schedule has been updated for tomorrow.,50,ham
SPAM_SMS_00140,Free entry in a lucky draw. Text WIN to claim your reward.,58,spam
HAM_SMS_01540,Can you send me the notes from today's lecture?,47,ham
HAM_SMS_00431,Your class schedule has been updated for tomorrow.,50,ham
HAM_SMS_03694,The report is ready for review.,31,ham
HAM_SMS_03018,Reminder: submit your assignment before the deadline.,53,ham
HAM_SMS_06044,Reminder: submit your assignment before the deadline.,53,ham
SPAM_SMS_00178,Final warning! Complete KYC verification now.,45,spam
HAM_SMS_00497,Please find the details shared in the group.,44,ham
SPAM_SMS_00514,Congratulations! You have won a cash prize. Click the link to claim now.,72,spam
HAM_SMS_02758,I reached home safely.,22,ham
SPAM_SMS_01562,Earn money from home without investment. Join now.,50,spam
SPAM_SMS_02358,Congratulations! You have won a cash prize. Click the link to claim now.,72,spam
HAM_SMS_01979,I reached home safely.,22,ham
HAM_SMS_07453,Can you send me the notes from today's lecture?,47,ham
SPAM_SMS_01566,Earn money from home without investment. Join now.,50,spam
HAM_SMS_04636,Your payment has been received successfully.,44,ham
HAM_SMS_00691,Can you send me the notes from today's lecture?,47,ham
HAM_SMS_03708,Your payment has been received successfully.,44,ham
HAM_SMS_04852,Your payment has been received successfully.,44,ham
HAM_SMS_02481,Thank you for your message. I will check and reply soon.,56,ham
HAM_SMS_04886,The meeting has been shifted to 4 PM.,37,ham
HAM_SMS_03314,Please call me when you are free.,33,ham
HAM_SMS_05806,Please find the details shared in the group.,44,ham
HAM_SMS_05896,The report is ready for review.,31,ham
SPAM_SMS_00925,You won a shopping voucher. Claim it today.,43,spam
HAM_SMS_04759,Let's discuss the presentation after lunch.,43,ham
HAM_SMS_06041,Your payment has been received successfully.,44,ham
SPAM_SMS_01238,Final warning! Complete KYC verification now.,45,spam
HAM_SMS_00342,Let's discuss the presentation after lunch.,43,ham
SPAM_SMS_01601,Exclusive offer only for you. Click here to redeem.,51,spam
HAM_SMS_05642,Your order has been delivered successfully.,43,ham
HAM_SMS_01967,Please confirm your availability for the session.,49,ham
HAM_SMS_03356,Please find the details shared in the group.,44,ham
SPAM_SMS_02190,Urgent! Your bank account will be blocked. Verify your details immediately.,75,spam
SPAM_SMS_00775,Your mobile number has won a lottery prize.,43,spam
HAM_SMS_05185,Can you send me the notes from today's lecture?,47,ham
SPAM_SMS_01370,Exclusive offer only for you. Click here to redeem.,51,spam
SPAM_SMS_00439,Urgent! Your bank account will be blocked. Verify your details immediately.,75,spam
HAM_SMS_05864,"Hey, are we meeting today for the project discussion?",53,ham
SPAM_SMS_00549,You are selected for a reward. Send your account details now.,61,spam
HAM_SMS_06776,Let's discuss the presentation after lunch.,43,ham
HAM_SMS_07262,Please find the details shared in the group.,44,ham
HAM_SMS_05236,Let's discuss the presentation after lunch.,43,ham
HAM_SMS_07302,The interview schedule will be shared soon.,43,ham
HAM_SMS_00623,The interview schedule will be shared soon.,43,ham
HAM_SMS_05652,Can you send me the notes from today's lecture?,47,ham
HAM_SMS_02794,Reminder: submit your assignment before the deadline.,53,ham
HAM_SMS_02170,Reminder: submit your assignment before the deadline.,53,ham
SPAM_SMS_00419,Recharge offer available. Get double benefits today.,52,spam
HAM_SMS_00704,Please confirm your availability for the session.,49,ham
HAM_SMS_05544,Your order has been delivered successfully.,43,ham
SPAM_SMS_02464,You won a shopping voucher. Claim it today.,43,spam
SPAM_SMS_01555,Claim your free gift card now before it expires.,48,spam
HAM_SMS_05495,I reached home safely.,22,ham
HAM_SMS_05016,The report is ready for review.,31,ham
HAM_SMS_05047,Can you send me the notes from today's lecture?,47,ham
HAM_SMS_03900,Please confirm your availability for the session.,49,ham
HAM_SMS_02742,Your order has been delivered successfully.,43,ham
HAM_SMS_05572,Please confirm your availability for the session.,49,ham
HAM_SMS_01508,The report is ready for review.,31,ham
HAM_SMS_04603,Let's discuss the presentation after lunch.,43,ham
HAM_SMS_00390,Please call me when you are free.,33,ham
HAM_SMS_00763,Thank you for your message. I will check and reply soon.,56,ham
HAM_SMS_03709,Thank you for your message. I will check and reply soon.,56,ham
HAM_SMS_02885,Please find the details shared in the group.,44,ham
HAM_SMS_00330,Your order has been delivered successfully.,43,ham
HAM_SMS_02398,Please find the details shared in the group.,44,ham
SPAM_SMS_00204,Limited time offer. Get free coupons by clicking this link.,59,spam
HAM_SMS_01790,Please call me when you are free.,33,ham
HAM_SMS_05374,The meeting has been shifted to 4 PM.,37,ham
SPAM_SMS_00727,Recharge offer available. Get double benefits today.,52,spam
HAM_SMS_00822,The report is ready for review.,31,ham
HAM_SMS_05958,Let's discuss the presentation after lunch.,43,ham
SPAM_SMS_00980,Earn money from home without investment. Join now.,50,spam
HAM_SMS_03944,Your payment has been received successfully.,44,ham
HAM_SMS_05258,Your class schedule has been updated for tomorrow.,50,ham
HAM_SMS_06085,Please call me when you are free.,33,ham
HAM_SMS_06885,The interview schedule will be shared soon.,43,ham
HAM_SMS_00582,Your payment has been received successfully.,44,ham
HAM_SMS_01105,Your payment has been received successfully.,44,ham
HAM_SMS_05001,"Hey, are we meeting today for the project discussion?",53,ham
HAM_SMS_05308,Let's discuss the presentation after lunch.,43,ham
HAM_SMS_02081,I reached home safely.,22,ham
HAM_SMS_01440,"Hey, are we meeting today for the project discussion?",53,ham
HAM_SMS_01685,Your payment has been received successfully.,44,ham
HAM_SMS_01559,Reminder: submit your assignment before the deadline.,53,ham
HAM_SMS_04311,Thank you for your message. I will check and reply soon.,56,ham
HAM_SMS_02534,The meeting has been shifted to 4 PM.,37,ham
HAM_SMS_06793,The report is ready for review.,31,ham
SPAM_SMS_01839,Claim your free gift card now before it expires.,48,spam
HAM_SMS_02857,The interview schedule will be shared soon.,43,ham
HAM_SMS_04455,Thank you for your message. I will check and reply soon.,56,ham
HAM_SMS_06704,Please call me when you are free.,33,ham
HAM_SMS_00417,Please find the details shared in the group.,44,ham
HAM_SMS_03797,Can you send me the notes from today's lecture?,47,ham
HAM_SMS_01603,Your class schedule has been updated for tomorrow.,50,ham
HAM_SMS_03357,Reminder: submit your assignment before the deadline.,53,ham
SPAM_SMS_00371,Final warning! Complete KYC verification now.,45,spam
HAM_SMS_04693,Please call me when you are free.,33,ham
HAM_SMS_04502,Can you send me the notes from today's lecture?,47,ham
SPAM_SMS_00537,Claim your free gift card now before it expires.,48,spam
HAM_SMS_02496,Please call me when you are free.,33,ham
HAM_SMS_03867,Your order has been delivered successfully.,43,ham
HAM_SMS_00061,Thank you for your message. I will check and reply soon.,56,ham
HAM_SMS_02256,Your class schedule has been updated for tomorrow.,50,ham
SPAM_SMS_00395,Urgent! Your bank account will be blocked. Verify your details immediately.,75,spam
SPAM_SMS_01481,You are selected for a reward. Send your account details now.,61,spam
HAM_SMS_04986,"Hey, are we meeting today for the project discussion?",53,ham
HAM_SMS_01119,The meeting has been shifted to 4 PM.,37,ham
HAM_SMS_05551,Thank you for your message. I will check and reply soon.,56,ham
SPAM_SMS_00459,Limited time offer. Get free coupons by clicking this link.,59,spam
HAM_SMS_04105,Your class schedule has been updated for tomorrow.,50,ham
HAM_SMS_05846,Please confirm your availability for the session.,49,ham
HAM_SMS_05922,Your order has been delivered successfully.,43,ham
HAM_SMS_07311,Let's discuss the presentation after lunch.,43,ham
HAM_SMS_00714,Your order has been delivered successfully.,43,ham
HAM_SMS_07100,Please call me when you are free.,33,ham
HAM_SMS_03562,Can you send me the notes from today's lecture?,47,ham
SPAM_SMS_00028,Your loan is approved. Pay processing fee to receive funds.,59,spam
HAM_SMS_06949,Thank you for your message. I will check and reply soon.,56,ham
SPAM_SMS_00873,Your mobile number has won a lottery prize.,43,spam
HAM_SMS_01259,The report is ready for review.,31,ham
SPAM_SMS_01617,Congratulations! You have won a cash prize. Click the link to claim now.,72,spam
HAM_SMS_03882,Let's discuss the presentation after lunch.,43,ham
HAM_SMS_00937,Please call me when you are free.,33,ham
HAM_SMS_00456,The interview schedule will be shared soon.,43,ham
HAM_SMS_00539,Can you send me the notes from today's lecture?,47,ham
SPAM_SMS_01567,Free entry in a lucky draw. Text WIN to claim your reward.,58,spam
HAM_SMS_00269,Your payment has been received successfully.,44,ham
HAM_SMS_07232,Let's discuss the presentation after lunch.,43,ham
HAM_SMS_05411,Can you send me the notes from today's lecture?,47,ham
HAM_SMS_04862,"Hey, are we meeting today for the project discussion?",53,ham
HAM_SMS_00546,"Hey, are we meeting today for the project discussion?",53,ham
HAM_SMS_03332,Your payment has been received successfully.,44,ham
HAM_SMS_06263,Your class schedule has been updated for tomorrow.,50,ham
SPAM_SMS_01951,You are selected for a reward. Send your account details now.,61,spam
SPAM_SMS_00223,Final warning! Complete KYC verification now.,45,spam
SPAM_SMS_01106,Earn money from home without investment. Join now.,50,spam
SPAM_SMS_02187,Earn money from home without investment. Join now.,50,spam
HAM_SMS_06319,The interview schedule will be shared soon.,43,ham
HAM_SMS_04497,"Hey, are we meeting today for the project discussion?",53,ham
HAM_SMS_06393,Please confirm your availability for the session.,49,ham
SPAM_SMS_00786,Your mobile number has won a lottery prize.,43,spam
HAM_SMS_01525,Let's discuss the presentation after lunch.,43,ham
HAM_SMS_07240,The interview schedule will be shared soon.,43,ham
SPAM_SMS_01700,Limited time offer. Get free coupons by clicking this link.,59,spam
HAM_SMS_02024,"Hey, are we meeting today for the project discussion?",53,ham
HAM_SMS_00127,The interview schedule will be shared soon.,43,ham
HAM_SMS_02202,Reminder: submit your assignment before the deadline.,53,ham
SPAM_SMS_00200,Your loan is approved. Pay processing fee to receive funds.,59,spam
HAM_SMS_05017,Can you send me the notes from today's lecture?,47,ham
SPAM_SMS_00137,Final warning! Complete KYC verification now.,45,spam
HAM_SMS_04732,Let's discuss the presentation after lunch.,43,ham
SPAM_SMS_01136,Free entry in a lucky draw. Text WIN to claim your reward.,58,spam
HAM_SMS_03133,Thank you for your message. I will check and reply soon.,56,ham
HAM_SMS_02579,The interview schedule will be shared soon.,43,ham
HAM_SMS_03861,Reminder: submit your assignment before the deadline.,53,ham
HAM_SMS_04322,Please call me when you are free.,33,ham
HAM_SMS_01650,Please find the details shared in the group.,44,ham
HAM_SMS_07096,Reminder: submit your assignment before the deadline.,53,ham
HAM_SMS_06858,Your order has been delivered successfully.,43,ham
HAM_SMS_02484,Please find the details shared in the group.,44,ham
SPAM_SMS_01127,You won a shopping voucher. Claim it today.,43,spam
SPAM_SMS_01201,Your mobile number has won a lottery prize.,43,spam
SPAM_SMS_00725,Limited time offer. Get free coupons by clicking this link.,59,spam
SPAM_SMS_00388,Final warning! Complete KYC verification now.,45,spam
HAM_SMS_06183,Your order has been delivered successfully.,43,ham
HAM_SMS_06174,Please call me when you are free.,33,ham
SPAM_SMS_00507,You are selected for a reward. Send your account details now.,61,spam
HAM_SMS_05326,Let's discuss the presentation after lunch.,43,ham
HAM_SMS_02881,Your order has been delivered successfully.,43,ham
HAM_SMS_03368,The interview schedule will be shared soon.,43,ham
HAM_SMS_02820,The meeting has been shifted to 4 PM.,37,ham
HAM_SMS_00181,The meeting has been shifted to 4 PM.,37,ham
HAM_SMS_02872,Can you send me the notes from today's lecture?,47,ham
HAM_SMS_01283,Thank you for your message. I will check and reply soon.,56,ham
HAM_SMS_02047,Your payment has been received successfully.,44,ham
HAM_SMS_04361,Can you send me the notes from today's lecture?,47,ham
HAM_SMS_02175,Your payment has been received successfully.,44,ham
SPAM_SMS_01412,Recharge offer available. Get double benefits today.,52,spam
HAM_SMS_03893,Please confirm your availability for the session.,49,ham
SPAM_SMS_00988,Your loan is approved. Pay processing fee to receive funds.,59,spam
HAM_SMS_03964,"Hey, are we meeting today for the project discussion?",53,ham
SPAM_SMS_01487,Recharge offer available. Get double benefits today.,52,spam
HAM_SMS_04757,Please find the details shared in the group.,44,ham
HAM_SMS_03666,The meeting has been shifted to 4 PM.,37,ham
HAM_SMS_04592,Let's discuss the presentation after lunch.,43,ham
HAM_SMS_04202,Reminder: submit your assignment before the deadline.,53,ham
HAM_SMS_05747,Please find the details shared in the group.,44,ham
HAM_SMS_03307,Please call me when you are free.,33,ham
HAM_SMS_00923,Can you send me the notes from today's lecture?,47,ham
HAM_SMS_04008,The report is ready for review.,31,ham
HAM_SMS_06547,The report is ready for review.,31,ham
HAM_SMS_05617,The meeting has been shifted to 4 PM.,37,ham
HAM_SMS_02558,Reminder: submit your assignment before the deadline.,53,ham
HAM_SMS_03122,Please find the details shared in the group.,44,ham
SPAM_SMS_00055,Win money instantly. Register today and claim your bonus.,57,spam
HAM_SMS_01327,Please find the details shared in the group.,44,ham
HAM_SMS_03274,Can you send me the notes from today's lecture?,47,ham
SPAM_SMS_01608,Recharge offer available. Get double benefits today.,52,spam
SPAM_SMS_02118,Suspicious login detected. Update your password immediately.,60,spam
SPAM_SMS_00924,Claim your free gift card now before it expires.,48,spam
HAM_SMS_02779,Please confirm your availability for the session.,49,ham
SPAM_SMS_01914,Exclusive offer only for you. Click here to redeem.,51,spam
HAM_SMS_02752,Please call me when you are free.,33,ham
HAM_SMS_02918,Thank you for your message. I will check and reply soon.,56,ham
HAM_SMS_06086,The meeting has been shifted to 4 PM.,37,ham
HAM_SMS_01101,I reached home safely.,22,ham
SPAM_SMS_01950,You are selected for a reward. Send your account details now.,61,spam
HAM_SMS_06689,Let's discuss the presentation after lunch.,43,ham
HAM_SMS_07392,Let's discuss the presentation after lunch.,43,ham
HAM_SMS_00688,The meeting has been shifted to 4 PM.,37,ham
SPAM_SMS_02335,You won a shopping voucher. Claim it today.,43,spam
HAM_SMS_02600,Your order has been delivered successfully.,43,ham
SPAM_SMS_00291,Suspicious login detected. Update your password immediately.,60,spam
HAM_SMS_04704,The interview schedule will be shared soon.,43,ham
HAM_SMS_05881,The report is ready for review.,31,ham
HAM_SMS_06583,Your order has been delivered successfully.,43,ham
HAM_SMS_03093,I reached home safely.,22,ham
HAM_SMS_04905,Thank you for your message. I will check and reply soon.,56,ham
HAM_SMS_04637,Please call me when you are free.,33,ham
HAM_SMS_06140,The report is ready for review.,31,ham
HAM_SMS_04029,Your order has been delivered successfully.,43,ham
HAM_SMS_05398,The interview schedule will be shared soon.,43,ham
HAM_SMS_02626,Please find the details shared in the group.,44,ham
SPAM_SMS_00782,Free entry in a lucky draw. Text WIN to claim your reward.,58,spam
HAM_SMS_07425,Can you send me the notes from today's lecture?,47,ham
SPAM_SMS_00365,You are selected for a reward. Send your account details now.,61,spam
HAM_SMS_02447,Please confirm your availability for the session.,49,ham
HAM_SMS_00114,Please find the details shared in the group.,44,ham
HAM_SMS_01236,I reached home safely.,22,ham
HAM_SMS_07455,Your class schedule has been updated for tomorrow.,50,ham
SPAM_SMS_00409,Urgent! Your bank account will be blocked. Verify your details immediately.,75,spam
HAM_SMS_00192,Please confirm your availability for the session.,49,ham
SPAM_SMS_02300,Your loan is approved. Pay processing fee to receive funds.,59,spam
HAM_SMS_03840,Thank you for your message. I will check and reply soon.,56,ham
HAM_SMS_02342,Your order has been delivered successfully.,43,ham
HAM_SMS_05256,Let's discuss the presentation after lunch.,43,ham
HAM_SMS_02946,Please call me when you are free.,33,ham
HAM_SMS_05595,Your order has been delivered successfully.,43,ham
HAM_SMS_00017,Your order has been delivered successfully.,43,ham
HAM_SMS_03296,Reminder: submit your assignment before the deadline.,53,ham
HAM_SMS_07385,I reached home safely.,22,ham
HAM_SMS_04345,Can you send me the notes from today's lecture?,47,ham
HAM_SMS_03262,"Hey, are we meeting today for the project discussion?",53,ham
HAM_SMS_06734,Please confirm your availability for the session.,49,ham
HAM_SMS_04167,"Hey, are we meeting today for the project discussion?",53,ham
HAM_SMS_06944,Reminder: submit your assignment before the deadline.,53,ham
HAM_SMS_02748,"Hey, are we meeting today for the project discussion?",53,ham
HAM_SMS_01558,Your payment has been received successfully.,44,ham
HAM_SMS_02160,Please call me when you are free.,33,ham
HAM_SMS_01756,Can you send me the notes from today's lecture?,47,ham
HAM_SMS_04977,The meeting has been shifted to 4 PM.,37,ham
HAM_SMS_05354,Your class schedule has been updated for tomorrow.,50,ham
HAM_SMS_01760,Please confirm your availability for the session.,49,ham
HAM_SMS_04868,Please confirm your availability for the session.,49,ham
SPAM_SMS_02005,Win money instantly. Register today and claim your bonus.,57,spam
HAM_SMS_02426,Can you send me the notes from today's lecture?,47,ham
HAM_SMS_03000,Reminder: submit your assignment before the deadline.,53,ham
HAM_SMS_04051,Please confirm your availability for the session.,49,ham
HAM_SMS_00673,Can you send me the notes from today's lecture?,47,ham
HAM_SMS_04611,Please find the details shared in the group.,44,ham
SPAM_SMS_01941,Win money instantly. Register today and claim your bonus.,57,spam
SPAM_SMS_00294,Urgent! Your bank account will be blocked. Verify your details immediately.,75,spam
HAM_SMS_02655,Let's discuss the presentation after lunch.,43,ham
HAM_SMS_06478,Your class schedule has been updated for tomorrow.,50,ham
HAM_SMS_07295,Let's discuss the presentation after lunch.,43,ham
HAM_SMS_01663,Can you send me the notes from today's lecture?,47,ham
HAM_SMS_01129,Your class schedule has been updated for tomorrow.,50,ham
HAM_SMS_07428,Please find the details shared in the group.,44,ham
HAM_SMS_03938,Reminder: submit your assignment before the deadline.,53,ham
HAM_SMS_06087,Reminder: submit your assignment before the deadline.,53,ham
HAM_SMS_02290,The interview schedule will be shared soon.,43,ham
SPAM_SMS_01538,Win money instantly. Register today and claim your bonus.,57,spam
HAM_SMS_03941,I reached home safely.,22,ham
HAM_SMS_03079,Let's discuss the presentation after lunch.,43,ham
SPAM_SMS_02120,Limited time offer. Get free coupons by clicking this link.,59,spam
SPAM_SMS_01798,Your mobile number has won a lottery prize.,43,spam
SPAM_SMS_01054,Claim your free gift card now before it expires.,48,spam
SPAM_SMS_01585,Free entry in a lucky draw. Text WIN to claim your reward.,58,spam
HAM_SMS_07230,The report is ready for review.,31,ham
HAM_SMS_05183,Please confirm your availability for the session.,49,ham
HAM_SMS_07088,I reached home safely.,22,ham
SPAM_SMS_01754,You are selected for a reward. Send your account details now.,61,spam
SPAM_SMS_00707,Suspicious login detected. Update your password immediately.,60,spam
HAM_SMS_06310,"Hey, are we meeting today for the project discussion?",53,ham
HAM_SMS_01544,I reached home safely.,22,ham
SPAM_SMS_02071,Urgent! Your bank account will be blocked. Verify your details immediately.,75,spam
HAM_SMS_03623,The report is ready for review.,31,ham
SPAM_SMS_00069,Win money instantly. Register today and claim your bonus.,57,spam
HAM_SMS_05723,Reminder: submit your assignment before the deadline.,53,ham
HAM_SMS_03085,The interview schedule will be shared soon.,43,ham
SPAM_SMS_01157,Win money instantly. Register today and claim your bonus.,57,spam
HAM_SMS_06584,I reached home safely.,22,ham
HAM_SMS_03359,Your class schedule has been updated for tomorrow.,50,ham
HAM_SMS_05534,Reminder: submit your assignment before the deadline.,53,ham
HAM_SMS_02491,Your class schedule has been updated for tomorrow.,50,ham
HAM_SMS_04551,Can you send me the notes from today's lecture?,47,ham
HAM_SMS_06622,The report is ready for review.,31,ham
SPAM_SMS_01302,Urgent! Your bank account will be blocked. Verify your details immediately.,75,spam
HAM_SMS_07250,Please call me when you are free.,33,ham
SPAM_SMS_00826,Earn money from home without investment. Join now.,50,spam
SPAM_SMS_00986,Final warning! Complete KYC verification now.,45,spam
HAM_SMS_07188,Your order has been delivered successfully.,43,ham
HAM_SMS_03102,Thank you for your message. I will check and reply soon.,56,ham
HAM_SMS_04983,The interview schedule will be shared soon.,43,ham
HAM_SMS_05972,Please call me when you are free.,33,ham
HAM_SMS_03574,Your payment has been received successfully.,44,ham
HAM_SMS_07208,Let's discuss the presentation after lunch.,43,ham
HAM_SMS_00882,"Hey, are we meeting today for the project discussion?",53,ham
HAM_SMS_03876,Please call me when you are free.,33,ham
HAM_SMS_02544,The interview schedule will be shared soon.,43,ham
SPAM_SMS_01023,Exclusive offer only for you. Click here to redeem.,51,spam
HAM_SMS_02839,Your class schedule has been updated for tomorrow.,50,ham
HAM_SMS_07342,Can you send me the notes from today's lecture?,47,ham
HAM_SMS_05010,Please find the details shared in the group.,44,ham
SPAM_SMS_00603,Earn money from home without investment. Join now.,50,spam
HAM_SMS_01595,The report is ready for review.,31,ham
SPAM_SMS_00088,Recharge offer available. Get double benefits today.,52,spam
HAM_SMS_01640,The interview schedule will be shared soon.,43,ham
HAM_SMS_00545,"Hey, are we meeting today for the project discussion?",53,ham
HAM_SMS_05339,The interview schedule will be shared soon.,43,ham
HAM_SMS_06896,"Hey, are we meeting today for the project discussion?",53,ham
HAM_SMS_01772,Your payment has been received successfully.,44,ham
HAM_SMS_03055,I reached home safely.,22,ham
HAM_SMS_00640,Your class schedule has been updated for tomorrow.,50,ham
HAM_SMS_02513,Please call me when you are free.,33,ham
SPAM_SMS_00614,Final warning! Complete KYC verification now.,45,spam
HAM_SMS_02192,Please find the details shared in the group.,44,ham
SPAM_SMS_01843,Your loan is approved. Pay processing fee to receive funds.,59,spam
HAM_SMS_06383,Please call me when you are free.,33,ham
HAM_SMS_06774,Your class schedule has been updated for tomorrow.,50,ham
HAM_SMS_00925,Let's discuss the presentation after lunch.,43,ham
HAM_SMS_02879,I reached home safely.,22,ham
SPAM_SMS_00643,Earn money from home without investment. Join now.,50,spam
HAM_SMS_04344,The interview schedule will be shared soon.,43,ham
HAM_SMS_02622,The report is ready for review.,31,ham
HAM_SMS_01133,The report is ready for review.,31,ham
HAM_SMS_06482,Your class schedule has been updated for tomorrow.,50,ham
HAM_SMS_06484,Reminder: submit your assignment before the deadline.,53,ham
HAM_SMS_06116,Let's discuss the presentation after lunch.,43,ham
HAM_SMS_00605,The interview schedule will be shared soon.,43,ham
HAM_SMS_06053,I reached home safely.,22,ham
HAM_SMS_06963,The report is ready for review.,31,ham
SPAM_SMS_01437,Final warning! Complete KYC verification now.,45,spam
HAM_SMS_06360,"Hey, are we meeting today for the project discussion?",53,ham
SPAM_SMS_02422,Your loan is approved. Pay processing fee to receive funds.,59,spam
HAM_SMS_06567,Can you send me the notes from today's lecture?,47,ham
HAM_SMS_06365,Please call me when you are free.,33,ham
HAM_SMS_03027,Thank you for your message. I will check and reply soon.,56,ham
HAM_SMS_01892,"Hey, are we meeting today for the project discussion?",53,ham
HAM_SMS_00455,The interview schedule will be shared soon.,43,ham
HAM_SMS_03394,Your order has been delivered successfully.,43,ham
HAM_SMS_05748,Your payment has been received successfully.,44,ham
HAM_SMS_04452,Your class schedule has been updated for tomorrow.,50,ham
HAM_SMS_01306,Your payment has been received successfully.,44,ham
HAM_SMS_05089,The report is ready for review.,31,ham
HAM_SMS_00758,The report is ready for review.,31,ham
HAM_SMS_03083,Your order has been delivered successfully.,43,ham
HAM_SMS_05422,"Hey, are we meeting today for the project discussion?",53,ham
HAM_SMS_00195,The meeting has been shifted to 4 PM.,37,ham
HAM_SMS_05307,Please find the details shared in the group.,44,ham
HAM_SMS_04952,Can you send me the notes from today's lecture?,47,ham
HAM_SMS_03366,Please find the details shared in the group.,44,ham
HAM_SMS_00732,I reached home safely.,22,ham
HAM_SMS_01796,Let's discuss the presentation after lunch.,43,ham
HAM_SMS_05661,Reminder: submit your assignment before the deadline.,53,ham
HAM_SMS_05190,Reminder: submit your assignment before the deadline.,53,ham
HAM_SMS_07281,Please confirm your availability for the session.,49,ham
HAM_SMS_04422,"Hey, are we meeting today for the project discussion?",53,ham
HAM_SMS_07045,"Hey, are we meeting today for the project discussion?",53,ham
HAM_SMS_00613,Thank you for your message. I will check and reply soon.,56,ham
SPAM_SMS_01548,You are selected for a reward. Send your account details now.,61,spam
SPAM_SMS_02029,Exclusive offer only for you. Click here to redeem.,51,spam
HAM_SMS_03575,Your payment has been received successfully.,44,ham
HAM_SMS_05462,Can you send me the notes from today's lecture?,47,ham
HAM_SMS_05732,Please confirm your availability for the session.,49,ham
HAM_SMS_04356,Your order has been delivered successfully.,43,ham
HAM_SMS_04719,The interview schedule will be shared soon.,43,ham
HAM_SMS_00442,Please find the details shared in the group.,44,ham
HAM_SMS_02844,The meeting has been shifted to 4 PM.,37,ham
SPAM_SMS_00974,You are selected for a reward. Send your account details now.,61,spam
SPAM_SMS_01100,You are selected for a reward. Send your account details now.,61,spam
HAM_SMS_04539,Please confirm your availability for the session.,49,ham
HAM_SMS_06702,Reminder: submit your assignment before the deadline.,53,ham
HAM_SMS_02948,Let's discuss the presentation after lunch.,43,ham
HAM_SMS_05531,The interview schedule will be shared soon.,43,ham
HAM_SMS_01676,Your class schedule has been updated for tomorrow.,50,ham
HAM_SMS_01732,Let's discuss the presentation after lunch.,43,ham
HAM_SMS_02623,I reached home safely.,22,ham
SPAM_SMS_02489,Exclusive offer only for you. Click here to redeem.,51,spam
SPAM_SMS_01379,Exclusive offer only for you. Click here to redeem.,51,spam
HAM_SMS_05651,Your payment has been received successfully.,44,ham
SPAM_SMS_01624,Earn money from home without investment. Join now.,50,spam
SPAM_SMS_00622,You are selected for a reward. Send your account details now.,61,spam
SPAM_SMS_01250,Your mobile number has won a lottery prize.,43,spam
HAM_SMS_06803,Please confirm your availability for the session.,49,ham
HAM_SMS_03288,I reached home safely.,22,ham
SPAM_SMS_00710,Claim your free gift card now before it expires.,48,spam
HAM_SMS_02564,Reminder: submit your assignment before the deadline.,53,ham
SPAM_SMS_01174,You are selected for a reward. Send your account details now.,61,spam
HAM_SMS_04672,Please call me when you are free.,33,ham
HAM_SMS_03513,Please call me when you are free.,33,ham
HAM_SMS_01231,Thank you for your message. I will check and reply soon.,56,ham
HAM_SMS_05880,Your order has been delivered successfully.,43,ham
HAM_SMS_00764,The meeting has been shifted to 4 PM.,37,ham
HAM_SMS_01453,Let's discuss the presentation after lunch.,43,ham
HAM_SMS_04232,Please call me when you are free.,33,ham
SPAM_SMS_02214,Free entry in a lucky draw. Text WIN to claim your reward.,58,spam
HAM_SMS_01515,The report is ready for review.,31,ham
SPAM_SMS_01153,You won a shopping voucher. Claim it today.,43,spam
HAM_SMS_07245,Reminder: submit your assignment before the deadline.,53,ham
HAM_SMS_01995,I reached home safely.,22,ham
HAM_SMS_04649,Your payment has been received successfully.,44,ham
HAM_SMS_05319,Your payment has been received successfully.,44,ham
HAM_SMS_05343,Thank you for your message. I will check and reply soon.,56,ham
HAM_SMS_07234,Let's discuss the presentation after lunch.,43,ham
HAM_SMS_04487,The interview schedule will be shared soon.,43,ham
HAM_SMS_04174,The interview schedule will be shared soon.,43,ham
SPAM_SMS_00162,Win money instantly. Register today and claim your bonus.,57,spam
HAM_SMS_06203,"Hey, are we meeting today for the project discussion?",53,ham
HAM_SMS_00425,Let's discuss the presentation after lunch.,43,ham
HAM_SMS_01402,Reminder: submit your assignment before the deadline.,53,ham
HAM_SMS_02529,Your payment has been received successfully.,44,ham
HAM_SMS_06641,Your order has been delivered successfully.,43,ham
SPAM_SMS_00300,Your mobile number has won a lottery prize.,43,spam
HAM_SMS_04005,Please call me when you are free.,33,ham
HAM_SMS_01344,The meeting has been shifted to 4 PM.,37,ham
HAM_SMS_05485,Reminder: submit your assignment before the deadline.,53,ham
HAM_SMS_04185,Your order has been delivered successfully.,43,ham
SPAM_SMS_01691,You won a shopping voucher. Claim it today.,43,spam
SPAM_SMS_01512,Final warning! Complete KYC verification now.,45,spam
SPAM_SMS_01016,Claim your free gift card now before it expires.,48,spam
HAM_SMS_01997,Your order has been delivered successfully.,43,ham
HAM_SMS_04863,Please confirm your availability for the session.,49,ham
HAM_SMS_03957,Please find the details shared in the group.,44,ham
HAM_SMS_00322,Please find the details shared in the group.,44,ham
HAM_SMS_01511,"Hey, are we meeting today for the project discussion?",53,ham
SPAM_SMS_01529,Win money instantly. Register today and claim your bonus.,57,spam
HAM_SMS_00980,Your class schedule has been updated for tomorrow.,50,ham
HAM_SMS_03998,"Hey, are we meeting today for the project discussion?",53,ham
SPAM_SMS_02136,Suspicious login detected. Update your password immediately.,60,spam
HAM_SMS_03506,Reminder: submit your assignment before the deadline.,53,ham
HAM_SMS_03388,I reached home safely.,22,ham
SPAM_SMS_00964,You are selected for a reward. Send your account details now.,61,spam
HAM_SMS_04143,The interview schedule will be shared soon.,43,ham
HAM_SMS_05207,Please confirm your availability for the session.,49,ham
SPAM_SMS_01826,Congratulations! You have won a cash prize. Click the link to claim now.,72,spam
HAM_SMS_01670,Please find the details shared in the group.,44,ham
HAM_SMS_02542,Please call me when you are free.,33,ham
HAM_SMS_02864,Please call me when you are free.,33,ham
HAM_SMS_02242,The report is ready for review.,31,ham
SPAM_SMS_02469,Your loan is approved. Pay processing fee to receive funds.,59,spam
HAM_SMS_03701,Your order has been delivered successfully.,43,ham
SPAM_SMS_01560,Claim your free gift card now before it expires.,48,spam
HAM_SMS_03915,Reminder: submit your assignment before the deadline.,53,ham
HAM_SMS_01903,Your class schedule has been updated for tomorrow.,50,ham
SPAM_SMS_00070,Free entry in a lucky draw. Text WIN to claim your reward.,58,spam
HAM_SMS_02588,I reached home safely.,22,ham
HAM_SMS_00439,Please find the details shared in the group.,44,ham
HAM_SMS_06285,Reminder: submit your assignment before the deadline.,53,ham
HAM_SMS_01223,The meeting has been shifted to 4 PM.,37,ham
SPAM_SMS_01731,Win money instantly. Register today and claim your bonus.,57,spam
HAM_SMS_01112,Your class schedule has been updated for tomorrow.,50,ham
HAM_SMS_00263,Your class schedule has been updated for tomorrow.,50,ham
SPAM_SMS_01939,Claim your free gift card now before it expires.,48,spam
HAM_SMS_06028,The interview schedule will be shared soon.,43,ham
HAM_SMS_05475,Please call me when you are free.,33,ham
SPAM_SMS_02206,Suspicious login detected. Update your password immediately.,60,spam
HAM_SMS_02522,Your class schedule has been updated for tomorrow.,50,ham
HAM_SMS_02710,The report is ready for review.,31,ham
SPAM_SMS_01035,Your mobile number has won a lottery prize.,43,spam
HAM_SMS_07225,Thank you for your message. I will check and reply soon.,56,ham
SPAM_SMS_00414,Earn money from home without investment. Join now.,50,spam
HAM_SMS_05037,Can you send me the notes from today's lecture?,47,ham
SPAM_SMS_02230,Exclusive offer only for you. Click here to redeem.,51,spam
HAM_SMS_04627,Please confirm your availability for the session.,49,ham
HAM_SMS_01330,Thank you for your message. I will check and reply soon.,56,ham
SPAM_SMS_00493,You won a shopping voucher. Claim it today.,43,spam
HAM_SMS_06579,Thank you for your message. I will check and reply soon.,56,ham
SPAM_SMS_01388,You are selected for a reward. Send your account details now.,61,spam
SPAM_SMS_02074,Limited time offer. Get free coupons by clicking this link.,59,spam
HAM_SMS_03259,I reached home safely.,22,ham
SPAM_SMS_01248,Suspicious login detected. Update your password immediately.,60,spam
HAM_SMS_01154,The meeting has been shifted to 4 PM.,37,ham
HAM_SMS_06088,Please call me when you are free.,33,ham
HAM_SMS_00951,Your payment has been received successfully.,44,ham
HAM_SMS_04456,I reached home safely.,22,ham
HAM_SMS_03317,The report is ready for review.,31,ham
SPAM_SMS_00948,Claim your free gift card now before it expires.,48,spam
SPAM_SMS_00451,Win money instantly. Register today and claim your bonus.,57,spam
SPAM_SMS_01083,Limited time offer. Get free coupons by clicking this link.,59,spam
SPAM_SMS_01064,Your mobile number has won a lottery prize.,43,spam
HAM_SMS_01390,Please find the details shared in the group.,44,ham
SPAM_SMS_00251,Recharge offer available. Get double benefits today.,52,spam
SPAM_SMS_00673,Congratulations! You have won a cash prize. Click the link to claim now.,72,spam
HAM_SMS_04508,Thank you for your message. I will check and reply soon.,56,ham
HAM_SMS_07148,Let's discuss the presentation after lunch.,43,ham
HAM_SMS_06629,Your class schedule has been updated for tomorrow.,50,ham
SPAM_SMS_02111,You won a shopping voucher. Claim it today.,43,spam
SPAM_SMS_01519,You won a shopping voucher. Claim it today.,43,spam
HAM_SMS_01443,Please call me when you are free.,33,ham
HAM_SMS_04940,Thank you for your message. I will check and reply soon.,56,ham
HAM_SMS_02625,Can you send me the notes from today's lecture?,47,ham
HAM_SMS_00838,Your order has been delivered successfully.,43,ham
HAM_SMS_03972,Your class schedule has been updated for tomorrow.,50,ham
SPAM_SMS_02397,Free entry in a lucky draw. Text WIN to claim your reward.,58,spam
HAM_SMS_00589,The meeting has been shifted to 4 PM.,37,ham
HAM_SMS_06114,I reached home safely.,22,ham
HAM_SMS_02339,The report is ready for review.,31,ham
HAM_SMS_04310,Can you send me the notes from today's lecture?,47,ham
HAM_SMS_01383,I reached home safely.,22,ham
HAM_SMS_03253,Your class schedule has been updated for tomorrow.,50,ham
SPAM_SMS_00529,Congratulations! You have won a cash prize. Click the link to claim now.,72,spam
HAM_SMS_02429,The meeting has been shifted to 4 PM.,37,ham
HAM_SMS_04196,The meeting has been shifted to 4 PM.,37,ham
HAM_SMS_01160,Please find the details shared in the group.,44,ham
HAM_SMS_07345,The meeting has been shifted to 4 PM.,37,ham
HAM_SMS_06078,Thank you for your message. I will check and reply soon.,56,ham
HAM_SMS_06649,Your class schedule has been updated for tomorrow.,50,ham
HAM_SMS_06741,Please confirm your availability for the session.,49,ham
SPAM_SMS_02499,Free entry in a lucky draw. Text WIN to claim your reward.,58,spam
HAM_SMS_00040,Please call me when you are free.,33,ham
HAM_SMS_06485,The interview schedule will be shared soon.,43,ham
HAM_SMS_01848,Your payment has been received successfully.,44,ham
SPAM_SMS_00486,Win money instantly. Register today and claim your bonus.,57,spam
HAM_SMS_01093,Reminder: submit your assignment before the deadline.,53,ham
HAM_SMS_03326,Your order has been delivered successfully.,43,ham
HAM_SMS_02895,Reminder: submit your assignment before the deadline.,53,ham
HAM_SMS_01364,The meeting has been shifted to 4 PM.,37,ham
HAM_SMS_03482,Thank you for your message. I will check and reply soon.,56,ham
HAM_SMS_00112,Please call me when you are free.,33,ham
HAM_SMS_06369,Your class schedule has been updated for tomorrow.,50,ham
HAM_SMS_00943,I reached home safely.,22,ham
HAM_SMS_05665,Thank you for your message. I will check and reply soon.,56,ham
HAM_SMS_04170,Your order has been delivered successfully.,43,ham
HAM_SMS_04144,Your order has been delivered successfully.,43,ham
HAM_SMS_06783,Please find the details shared in the group.,44,ham
HAM_SMS_06258,"Hey, are we meeting today for the project discussion?",53,ham
HAM_SMS_00097,The report is ready for review.,31,ham
HAM_SMS_05858,Please confirm your availability for the session.,49,ham
HAM_SMS_07383,Reminder: submit your assignment before the deadline.,53,ham
SPAM_SMS_02286,Your loan is approved. Pay processing fee to receive funds.,59,spam
SPAM_SMS_00264,Recharge offer available. Get double benefits today.,52,spam
HAM_SMS_05219,Your class schedule has been updated for tomorrow.,50,ham
HAM_SMS_01347,Please call me when you are free.,33,ham
HAM_SMS_03583,I reached home safely.,22,ham
